sample_key,recording_id,window_start_s,window_end_s,row_idx,model,embedding_dim,a2v_num_frames,a2v_trim_frames,window_labels,dominant_species,is_single_species,wav_path,waveform_samples,source_sr,cluster_id,representation,subset,k,aggregation
nips4b_birds_trainfile001_1_2,nips4b_birds_trainfile001,1.0,2.0,1,a2v,154368,201.0,0,butbut_call,butbut_call,True,/path/to/data,24000,24000,198,a2v_1s_vote,single,200,majority_vote
nips4b_birds_trainfile002_0_1,nips4b_birds_trainfile002,0.0,1.0,5,a2v,154368,201.0,0,sylmel_song,sylmel_song,True,/path/to/data,24000,24000,169,a2v_1s_vote,single,200,majority_vote
nips4b_birds_trainfile003_0_1,nips4b_birds_trainfile003,0.0,1.0,10,a2v,154368,201.0,0,sylcan_song,sylcan_song,True,/path/to/data,24000,24000,15,a2v_1s_vote,single,200,majority_vote
nips4b_birds_trainfile003_3_4,nips4b_birds_trainfile003,3.0,4.0,13,a2v,154368,201.0,0,petpet_song,petpet_song,True,/path/to/data,24000,24000,20,a2v_1s_vote,single,200,majority_vote
nips4b_birds_trainfile003_4_5,nips4b_birds_trainfile003,4.0,5.0,14,a2v,154368,201.0,0,petpet_song,petpet_song,True,/path/to/data,24000,24000,90,a2v_1s_vote,single,200,majority_vote
nips4b_birds_trainfile005_2_3,nips4b_birds_trainfile005,2.0,3.0,22,a2v,154368,201.0,0,prumod_song,prumod_song,True,/path/to/data,24000,24000,9,a2v_1s_vote,single,200,majority_vote
nips4b_birds_trainfile007_2_3,nips4b_birds_trainfile007,2.0,3.0,29,a2v,154368,201.0,0,turmer_song,turmer_song,True,/path/to/data,24000,24000,72,a2v_1s_vote,single,200,majority_vote
nips4b_birds_trainfile008_0_1,nips4b_birds_trainfile008,0.0,1.0,32,a2v,154368,201.0,0,galthe_call,galthe_call,True,/path/to/data,24000,24000,108,a2v_1s_vote,single,200,majority_vote
nips4b_birds_trainfile008_1_2,nips4b_birds_trainfile008,1.0,2.0,33,a2v,154368,201.0,0,galthe_call,galthe_call,True,/path/to/data,24000,24000,10,a2v_1s_vote,single,200,majority_vote
nips4b_birds_trainfile008_4_5,nips4b_birds_trainfile008,4.0,5.0,36,a2v,154368,201.0,0,galthe_call,galthe_call,True,/path/to/data,24000,24000,108,a2v_1s_vote,single,200,majority_vote
nips4b_birds_trainfile010_0_1,nips4b_birds_trainfile010,0.0,1.0,42,a2v,154368,201.0,0,carcan_song,carcan_song,True,/path/to/data,24000,24000,111,a2v_1s_vote,single,200,majority_vote
nips4b_birds_trainfile010_1_2,nips4b_birds_trainfile010,1.0,2.0,43,a2v,154368,201.0,0,carcan_song,carcan_song,True,/path/to/data,24000,24000,130,a2v_1s_vote,single,200,majority_vote
nips4b_birds_trainfile010_2_3,nips4b_birds_trainfile010,2.0,3.0,44,a2v,154368,201.0,0,carcan_song,carcan_song,True,/path/to/data,24000,24000,130,a2v_1s_vote,single,200,majority_vote
nips4b_birds_trainfile011_0_1,nips4b_birds_trainfile011,0.0,1.0,46,a2v,154368,201.0,0,cerbra_call,cerbra_call,True,/path/to/data,24000,24000,23,a2v_1s_vote,single,200,majority_vote
nips4b_birds_trainfile011_2_3,nips4b_birds_trainfile011,2.0,3.0,48,a2v,154368,201.0,0,pasdom_call,pasdom_call,True,/path/to/data,24000,24000,90,a2v_1s_vote,single,200,majority_vote
nips4b_birds_trainfile012_0_1,nips4b_birds_trainfile012,0.0,1.0,49,a2v,154368,201.0,0,turmer_song,turmer_song,True,/path/to/data,24000,24000,6,a2v_1s_vote,single,200,majority_vote
nips4b_birds_trainfile012_4_5,nips4b_birds_trainfile012,4.0,5.0,53,a2v,154368,201.0,0,embcir_song,embcir_song,True,/path/to/data,24000,24000,143,a2v_1s_vote,single,200,majority_vote
nips4b_birds_trainfile013_0_1,nips4b_birds_trainfile013,0.0,1.0,54,a2v,154368,201.0,0,sylund_song,sylund_song,True,/path/to/data,24000,24000,18,a2v_1s_vote,single,200,majority_vote
nips4b_birds_trainfile013_1_2,nips4b_birds_trainfile013,1.0,2.0,55,a2v,154368,201.0,0,sylund_song,sylund_song,True,/path/to/data,24000,24000,90,a2v_1s_vote,single,200,majority_vote
nips4b_birds_trainfile013_4_5,nips4b_birds_trainfile013,4.0,5.0,58,a2v,154368,201.0,0,sylund_song,sylund_song,True,/path/to/data,24000,24000,10,a2v_1s_vote,single,200,majority_vote
nips4b_birds_trainfile014_0_1,nips4b_birds_trainfile014,0.0,1.0,59,a2v,154368,201.0,0,carcan_call,carcan_call,True,/path/to/data,24000,24000,80,a2v_1s_vote,single,200,majority_vote
nips4b_birds_trainfile014_1_2,nips4b_birds_trainfile014,1.0,2.0,60,a2v,154368,201.0,0,carcan_call,carcan_call,True,/path/to/data,24000,24000,9,a2v_1s_vote,single,200,majority_vote
nips4b_birds_trainfile014_3_4,nips4b_birds_trainfile014,3.0,4.0,62,a2v,154368,201.0,0,carcan_call,carcan_call,True,/path/to/data,24000,24000,161,a2v_1s_vote,single,200,majority_vote
nips4b_birds_trainfile014_4_5,nips4b_birds_trainfile014,4.0,5.0,63,a2v,154368,201.0,0,carcan_call,carcan_call,True,/path/to/data,24000,24000,86,a2v_1s_vote,single,200,majority_vote
nips4b_birds_trainfile016_0_1,nips4b_birds_trainfile016,0.0,1.0,67,a2v,154368,201.0,0,cetcet_song,cetcet_song,True,/path/to/data,24000,24000,113,a2v_1s_vote,single,200,majority_vote
nips4b_birds_trainfile016_1_2,nips4b_birds_trainfile016,1.0,2.0,68,a2v,154368,201.0,0,cetcet_song,cetcet_song,True,/path/to/data,24000,24000,50,a2v_1s_vote,single,200,majority_vote
nips4b_birds_trainfile016_2_3,nips4b_birds_trainfile016,2.0,3.0,69,a2v,154368,201.0,0,cetcet_song,cetcet_song,True,/path/to/data,24000,24000,40,a2v_1s_vote,single,200,majority_vote
nips4b_birds_trainfile017_0_1,nips4b_birds_trainfile017,0.0,1.0,72,a2v,154368,201.0,0,parmaj_call,parmaj_call,True,/path/to/data,24000,24000,147,a2v_1s_vote,single,200,majority_vote
nips4b_birds_trainfile017_1_2,nips4b_birds_trainfile017,1.0,2.0,73,a2v,154368,201.0,0,hirrus_call,hirrus_call,True,/path/to/data,24000,24000,147,a2v_1s_vote,single,200,majority_vote
nips4b_birds_trainfile017_2_3,nips4b_birds_trainfile017,2.0,3.0,74,a2v,154368,201.0,0,hirrus_call,hirrus_call,True,/path/to/data,24000,24000,72,a2v_1s_vote,single,200,majority_vote
nips4b_birds_trainfile019_0_1,nips4b_birds_trainfile019,0.0,1.0,81,a2v,154368,201.0,0,phofem_song,phofem_song,True,/path/to/data,24000,24000,110,a2v_1s_vote,single,200,majority_vote
nips4b_birds_trainfile020_0_1,nips4b_birds_trainfile020,0.0,1.0,82,a2v,154368,201.0,0,carcan_call,carcan_call,True,/path/to/data,24000,24000,58,a2v_1s_vote,single,200,majority_vote
nips4b_birds_trainfile020_1_2,nips4b_birds_trainfile020,1.0,2.0,83,a2v,154368,201.0,0,carcan_call,carcan_call,True,/path/to/data,24000,24000,58,a2v_1s_vote,single,200,majority_vote
nips4b_birds_trainfile021_0_1,nips4b_birds_trainfile021,0.0,1.0,84,a2v,154368,201.0,0,fricoe_song,fricoe_song,True,/path/to/data,24000,24000,74,a2v_1s_vote,single,200,majority_vote
nips4b_birds_trainfile021_1_2,nips4b_birds_trainfile021,1.0,2.0,85,a2v,154368,201.0,0,fricoe_song,fricoe_song,True,/path/to/data,24000,24000,68,a2v_1s_vote,single,200,majority_vote
nips4b_birds_trainfile022_1_2,nips4b_birds_trainfile022,1.0,2.0,90,a2v,154368,201.0,0,carcar_song,carcar_song,True,/path/to/data,24000,24000,187,a2v_1s_vote,single,200,majority_vote
nips4b_birds_trainfile022_2_3,nips4b_birds_trainfile022,2.0,3.0,91,a2v,154368,201.0,0,carcar_song,carcar_song,True,/path/to/data,24000,24000,191,a2v_1s_vote,single,200,majority_vote
nips4b_birds_trainfile023_0_1,nips4b_birds_trainfile023,0.0,1.0,92,a2v,154368,201.0,0,galthe_call,galthe_call,True,/path/to/data,24000,24000,114,a2v_1s_vote,single,200,majority_vote
nips4b_birds_trainfile023_2_3,nips4b_birds_trainfile023,2.0,3.0,94,a2v,154368,201.0,0,galthe_call,galthe_call,True,/path/to/data,24000,24000,51,a2v_1s_vote,single,200,majority_vote
nips4b_birds_trainfile023_3_4,nips4b_birds_trainfile023,3.0,4.0,95,a2v,154368,201.0,0,galthe_call,galthe_call,True,/path/to/data,24000,24000,14,a2v_1s_vote,single,200,majority_vote
nips4b_birds_trainfile024_0_1,nips4b_birds_trainfile024,0.0,1.0,97,a2v,154368,201.0,0,sylmel_song,sylmel_song,True,/path/to/data,24000,24000,180,a2v_1s_vote,single,200,majority_vote
nips4b_birds_trainfile024_3_4,nips4b_birds_trainfile024,3.0,4.0,100,a2v,154368,201.0,0,sylmel_call,sylmel_call,True,/path/to/data,24000,24000,1,a2v_1s_vote,single,200,majority_vote
nips4b_birds_trainfile025_0_1,nips4b_birds_trainfile025,0.0,1.0,102,a2v,154368,201.0,0,turmer_call,turmer_call,True,/path/to/data,24000,24000,153,a2v_1s_vote,single,200,majority_vote
nips4b_birds_trainfile026_0_1,nips4b_birds_trainfile026,0.0,1.0,104,a2v,154368,201.0,0,picpic_call,picpic_call,True,/path/to/data,24000,24000,0,a2v_1s_vote,single,200,majority_vote
nips4b_birds_trainfile027_0_1,nips4b_birds_trainfile027,0.0,1.0,108,a2v,154368,201.0,0,lusmeg_song,lusmeg_song,True,/path/to/data,24000,24000,17,a2v_1s_vote,single,200,majority_vote
nips4b_birds_trainfile027_1_2,nips4b_birds_trainfile027,1.0,2.0,109,a2v,154368,201.0,0,lusmeg_song,lusmeg_song,True,/path/to/data,24000,24000,10,a2v_1s_vote,single,200,majority_vote
nips4b_birds_trainfile027_2_3,nips4b_birds_trainfile027,2.0,3.0,110,a2v,154368,201.0,0,cetcet_song,cetcet_song,True,/path/to/data,24000,24000,13,a2v_1s_vote,single,200,majority_vote
nips4b_birds_trainfile027_3_4,nips4b_birds_trainfile027,3.0,4.0,111,a2v,154368,201.0,0,cetcet_song,cetcet_song,True,/path/to/data,24000,24000,91,a2v_1s_vote,single,200,majority_vote
nips4b_birds_trainfile027_4_5,nips4b_birds_trainfile027,4.0,5.0,112,a2v,154368,201.0,0,cetcet_song,cetcet_song,True,/path/to/data,24000,24000,164,a2v_1s_vote,single,200,majority_vote
nips4b_birds_trainfile028_0_1,nips4b_birds_trainfile028,0.0,1.0,113,a2v,154368,201.0,0,galthe_song,galthe_song,True,/path/to/data,24000,24000,20,a2v_1s_vote,single,200,majority_vote
nips4b_birds_trainfile028_1_2,nips4b_birds_trainfile028,1.0,2.0,114,a2v,154368,201.0,0,galthe_song,galthe_song,True,/path/to/data,24000,24000,20,a2v_1s_vote,single,200,majority_vote
nips4b_birds_trainfile029_0_1,nips4b_birds_trainfile029,0.0,1.0,115,a2v,154368,201.0,0,sylmel_call,sylmel_call,True,/path/to/data,24000,24000,147,a2v_1s_vote,single,200,majority_vote
nips4b_birds_trainfile029_1_2,nips4b_birds_trainfile029,1.0,2.0,116,a2v,154368,201.0,0,sylmel_call,sylmel_call,True,/path/to/data,24000,24000,147,a2v_1s_vote,single,200,majority_vote
nips4b_birds_trainfile031_0_1,nips4b_birds_trainfile031,0.0,1.0,124,a2v,154368,201.0,0,turphi_song,turphi_song,True,/path/to/data,24000,24000,134,a2v_1s_vote,single,200,majority_vote
nips4b_birds_trainfile031_1_2,nips4b_birds_trainfile031,1.0,2.0,125,a2v,154368,201.0,0,turphi_song,turphi_song,True,/path/to/data,24000,24000,1,a2v_1s_vote,single,200,majority_vote
nips4b_birds_trainfile031_4_5,nips4b_birds_trainfile031,4.0,5.0,128,a2v,154368,201.0,0,turphi_song,turphi_song,True,/path/to/data,24000,24000,1,a2v_1s_vote,single,200,majority_vote
nips4b_birds_trainfile033_0_1,nips4b_birds_trainfile033,0.0,1.0,134,a2v,154368,201.0,0,galthe_song,galthe_song,True,/path/to/data,24000,24000,42,a2v_1s_vote,single,200,majority_vote
nips4b_birds_trainfile033_1_2,nips4b_birds_trainfile033,1.0,2.0,135,a2v,154368,201.0,0,galthe_song,galthe_song,True,/path/to/data,24000,24000,182,a2v_1s_vote,single,200,majority_vote
nips4b_birds_trainfile033_2_3,nips4b_birds_trainfile033,2.0,3.0,136,a2v,154368,201.0,0,galthe_song,galthe_song,True,/path/to/data,24000,24000,111,a2v_1s_vote,single,200,majority_vote
nips4b_birds_trainfile033_3_4,nips4b_birds_trainfile033,3.0,4.0,137,a2v,154368,201.0,0,galthe_song,galthe_song,True,/path/to/data,24000,24000,1,a2v_1s_vote,single,200,majority_vote
nips4b_birds_trainfile034_0_1,nips4b_birds_trainfile034,0.0,1.0,139,a2v,154368,201.0,0,sylcan_song,sylcan_song,True,/path/to/data,24000,24000,41,a2v_1s_vote,single,200,majority_vote
nips4b_birds_trainfile034_1_2,nips4b_birds_trainfile034,1.0,2.0,140,a2v,154368,201.0,0,sylcan_song,sylcan_song,True,/path/to/data,24000,24000,132,a2v_1s_vote,single,200,majority_vote
nips4b_birds_trainfile034_3_4,nips4b_birds_trainfile034,3.0,4.0,142,a2v,154368,201.0,0,petpet_song,petpet_song,True,/path/to/data,24000,24000,42,a2v_1s_vote,single,200,majority_vote
nips4b_birds_trainfile034_4_5,nips4b_birds_trainfile034,4.0,5.0,143,a2v,154368,201.0,0,petpet_song,petpet_song,True,/path/to/data,24000,24000,48,a2v_1s_vote,single,200,majority_vote
nips4b_birds_trainfile035_0_1,nips4b_birds_trainfile035,0.0,1.0,144,a2v,154368,201.0,0,regign_song,regign_song,True,/path/to/data,24000,24000,183,a2v_1s_vote,single,200,majority_vote
nips4b_birds_trainfile035_1_2,nips4b_birds_trainfile035,1.0,2.0,145,a2v,154368,201.0,0,regign_song,regign_song,True,/path/to/data,24000,24000,189,a2v_1s_vote,single,200,majority_vote
nips4b_birds_trainfile035_2_3,nips4b_birds_trainfile035,2.0,3.0,146,a2v,154368,201.0,0,regign_song,regign_song,True,/path/to/data,24000,24000,189,a2v_1s_vote,single,200,majority_vote
nips4b_birds_trainfile037_0_1,nips4b_birds_trainfile037,0.0,1.0,154,a2v,154368,201.0,0,sylund_call,sylund_call,True,/path/to/data,24000,24000,51,a2v_1s_vote,single,200,majority_vote
nips4b_birds_trainfile037_1_2,nips4b_birds_trainfile037,1.0,2.0,155,a2v,154368,201.0,0,sylund_call,sylund_call,True,/path/to/data,24000,24000,114,a2v_1s_vote,single,200,majority_vote
nips4b_birds_trainfile037_2_3,nips4b_birds_trainfile037,2.0,3.0,156,a2v,154368,201.0,0,sylund_call,sylund_call,True,/path/to/data,24000,24000,74,a2v_1s_vote,single,200,majority_vote
nips4b_birds_trainfile037_3_4,nips4b_birds_trainfile037,3.0,4.0,157,a2v,154368,201.0,0,sylund_call,sylund_call,True,/path/to/data,24000,24000,114,a2v_1s_vote,single,200,majority_vote
nips4b_birds_trainfile038_0_1,nips4b_birds_trainfile038,0.0,1.0,159,a2v,154368,201.0,0,galthe_song,galthe_song,True,/path/to/data,24000,24000,14,a2v_1s_vote,single,200,majority_vote
nips4b_birds_trainfile038_1_2,nips4b_birds_trainfile038,1.0,2.0,160,a2v,154368,201.0,0,galthe_song,galthe_song,True,/path/to/data,24000,24000,18,a2v_1s_vote,single,200,majority_vote
nips4b_birds_trainfile038_2_3,nips4b_birds_trainfile038,2.0,3.0,161,a2v,154368,201.0,0,galthe_song,galthe_song,True,/path/to/data,24000,24000,10,a2v_1s_vote,single,200,majority_vote
nips4b_birds_trainfile039_1_2,nips4b_birds_trainfile039,1.0,2.0,163,a2v,154368,201.0,0,serser_song,serser_song,True,/path/to/data,24000,24000,18,a2v_1s_vote,single,200,majority_vote
nips4b_birds_trainfile039_2_3,nips4b_birds_trainfile039,2.0,3.0,164,a2v,154368,201.0,0,serser_song,serser_song,True,/path/to/data,24000,24000,18,a2v_1s_vote,single,200,majority_vote
nips4b_birds_trainfile039_3_4,nips4b_birds_trainfile039,3.0,4.0,165,a2v,154368,201.0,0,serser_song,serser_song,True,/path/to/data,24000,24000,18,a2v_1s_vote,single,200,majority_vote
nips4b_birds_trainfile040_0_1,nips4b_birds_trainfile040,0.0,1.0,167,a2v,154368,201.0,0,lopcri_call,lopcri_call,True,/path/to/data,24000,24000,134,a2v_1s_vote,single,200,majority_vote
nips4b_birds_trainfile041_3_4,nips4b_birds_trainfile041,3.0,4.0,175,a2v,154368,201.0,0,phycol_call,phycol_call,True,/path/to/data,24000,24000,47,a2v_1s_vote,single,200,majority_vote
nips4b_birds_trainfile041_4_5,nips4b_birds_trainfile041,4.0,5.0,176,a2v,154368,201.0,0,phycol_call,phycol_call,True,/path/to/data,24000,24000,184,a2v_1s_vote,single,200,majority_vote
nips4b_birds_trainfile042_0_1,nips4b_birds_trainfile042,0.0,1.0,177,a2v,154368,201.0,0,galthe_call,galthe_call,True,/path/to/data,24000,24000,49,a2v_1s_vote,single,200,majority_vote
nips4b_birds_trainfile042_1_2,nips4b_birds_trainfile042,1.0,2.0,178,a2v,154368,201.0,0,galthe_call,galthe_call,True,/path/to/data,24000,24000,18,a2v_1s_vote,single,200,majority_vote
nips4b_birds_trainfile042_2_3,nips4b_birds_trainfile042,2.0,3.0,179,a2v,154368,201.0,0,galthe_call,galthe_call,True,/path/to/data,24000,24000,10,a2v_1s_vote,single,200,majority_vote
nips4b_birds_trainfile043_1_2,nips4b_birds_trainfile043,1.0,2.0,181,a2v,154368,201.0,0,parcae_call,parcae_call,True,/path/to/data,24000,24000,52,a2v_1s_vote,single,200,majority_vote
nips4b_birds_trainfile043_2_3,nips4b_birds_trainfile043,2.0,3.0,182,a2v,154368,201.0,0,anttri_song,anttri_song,True,/path/to/data,24000,24000,20,a2v_1s_vote,single,200,majority_vote
nips4b_birds_trainfile045_1_2,nips4b_birds_trainfile045,1.0,2.0,191,a2v,154368,201.0,0,sylcan_song,sylcan_song,True,/path/to/data,24000,24000,124,a2v_1s_vote,single,200,majority_vote
nips4b_birds_trainfile045_2_3,nips4b_birds_trainfile045,2.0,3.0,192,a2v,154368,201.0,0,sylcan_song,sylcan_song,True,/path/to/data,24000,24000,33,a2v_1s_vote,single,200,majority_vote
nips4b_birds_trainfile045_3_4,nips4b_birds_trainfile045,3.0,4.0,193,a2v,154368,201.0,0,sylcan_song,sylcan_song,True,/path/to/data,24000,24000,15,a2v_1s_vote,single,200,majority_vote
nips4b_birds_trainfile046_0_1,nips4b_birds_trainfile046,0.0,1.0,195,a2v,154368,201.0,0,sylatr_call,sylatr_call,True,/path/to/data,24000,24000,147,a2v_1s_vote,single,200,majority_vote
nips4b_birds_trainfile046_1_2,nips4b_birds_trainfile046,1.0,2.0,196,a2v,154368,201.0,0,sylatr_call,sylatr_call,True,/path/to/data,24000,24000,147,a2v_1s_vote,single,200,majority_vote
nips4b_birds_trainfile046_2_3,nips4b_birds_trainfile046,2.0,3.0,197,a2v,154368,201.0,0,sylatr_call,sylatr_call,True,/path/to/data,24000,24000,147,a2v_1s_vote,single,200,majority_vote
nips4b_birds_trainfile046_3_4,nips4b_birds_trainfile046,3.0,4.0,198,a2v,154368,201.0,0,sylatr_call,sylatr_call,True,/path/to/data,24000,24000,96,a2v_1s_vote,single,200,majority_vote
nips4b_birds_trainfile046_4_5,nips4b_birds_trainfile046,4.0,5.0,199,a2v,154368,201.0,0,sylatr_call,sylatr_call,True,/path/to/data,24000,24000,147,a2v_1s_vote,single,200,majority_vote
nips4b_birds_trainfile047_0_1,nips4b_birds_trainfile047,0.0,1.0,200,a2v,154368,201.0,0,fricoe_song,fricoe_song,True,/path/to/data,24000,24000,20,a2v_1s_vote,single,200,majority_vote
nips4b_birds_trainfile047_1_2,nips4b_birds_trainfile047,1.0,2.0,201,a2v,154368,201.0,0,fricoe_song,fricoe_song,True,/path/to/data,24000,24000,1,a2v_1s_vote,single,200,majority_vote
nips4b_birds_trainfile047_2_3,nips4b_birds_trainfile047,2.0,3.0,202,a2v,154368,201.0,0,erirub_song,erirub_song,True,/path/to/data,24000,24000,109,a2v_1s_vote,single,200,majority_vote
nips4b_birds_trainfile047_3_4,nips4b_birds_trainfile047,3.0,4.0,203,a2v,154368,201.0,0,erirub_song,erirub_song,True,/path/to/data,24000,24000,116,a2v_1s_vote,single,200,majority_vote
nips4b_birds_trainfile047_4_5,nips4b_birds_trainfile047,4.0,5.0,204,a2v,154368,201.0,0,erirub_song,erirub_song,True,/path/to/data,24000,24000,22,a2v_1s_vote,single,200,majority_vote
nips4b_birds_trainfile048_0_1,nips4b_birds_trainfile048,0.0,1.0,205,a2v,154368,201.0,0,carcan_song,carcan_song,True,/path/to/data,24000,24000,20,a2v_1s_vote,single,200,majority_vote
nips4b_birds_trainfile048_1_2,nips4b_birds_trainfile048,1.0,2.0,206,a2v,154368,201.0,0,carcan_song,carcan_song,True,/path/to/data,24000,24000,182,a2v_1s_vote,single,200,majority_vote
nips4b_birds_trainfile048_2_3,nips4b_birds_trainfile048,2.0,3.0,207,a2v,154368,201.0,0,carcan_song,carcan_song,True,/path/to/data,24000,24000,74,a2v_1s_vote,single,200,majority_vote
nips4b_birds_trainfile048_3_4,nips4b_birds_trainfile048,3.0,4.0,208,a2v,154368,201.0,0,carcan_song,carcan_song,True,/path/to/data,24000,24000,48,a2v_1s_vote,single,200,majority_vote
nips4b_birds_trainfile048_4_5,nips4b_birds_trainfile048,4.0,5.0,209,a2v,154368,201.0,0,carcan_song,carcan_song,True,/path/to/data,24000,24000,180,a2v_1s_vote,single,200,majority_vote
nips4b_birds_trainfile049_2_3,nips4b_birds_trainfile049,2.0,3.0,212,a2v,154368,201.0,0,pasdom_call,pasdom_call,True,/path/to/data,24000,24000,56,a2v_1s_vote,single,200,majority_vote
nips4b_birds_trainfile049_3_4,nips4b_birds_trainfile049,3.0,4.0,213,a2v,154368,201.0,0,pasdom_call,pasdom_call,True,/path/to/data,24000,24000,49,a2v_1s_vote,single,200,majority_vote
nips4b_birds_trainfile049_4_5,nips4b_birds_trainfile049,4.0,5.0,214,a2v,154368,201.0,0,pasdom_call,pasdom_call,True,/path/to/data,24000,24000,47,a2v_1s_vote,single,200,majority_vote
nips4b_birds_trainfile050_2_3,nips4b_birds_trainfile050,2.0,3.0,217,a2v,154368,201.0,0,sylund_call,sylund_call,True,/path/to/data,24000,24000,68,a2v_1s_vote,single,200,majority_vote
nips4b_birds_trainfile050_4_5,nips4b_birds_trainfile050,4.0,5.0,219,a2v,154368,201.0,0,sylund_call,sylund_call,True,/path/to/data,24000,24000,68,a2v_1s_vote,single,200,majority_vote
nips4b_birds_trainfile051_3_4,nips4b_birds_trainfile051,3.0,4.0,223,a2v,154368,201.0,0,lusmeg_call,lusmeg_call,True,/path/to/data,24000,24000,14,a2v_1s_vote,single,200,majority_vote
nips4b_birds_trainfile052_0_1,nips4b_birds_trainfile052,0.0,1.0,225,a2v,154368,201.0,0,alaarv_song,alaarv_song,True,/path/to/data,24000,24000,152,a2v_1s_vote,single,200,majority_vote
nips4b_birds_trainfile054_0_1,nips4b_birds_trainfile054,0.0,1.0,232,a2v,154368,201.0,0,oriori_call,oriori_call,True,/path/to/data,24000,24000,198,a2v_1s_vote,single,200,majority_vote
nips4b_birds_trainfile054_1_2,nips4b_birds_trainfile054,1.0,2.0,233,a2v,154368,201.0,0,pelgra_call,pelgra_call,True,/path/to/data,24000,24000,186,a2v_1s_vote,single,200,majority_vote
nips4b_birds_trainfile058_2_3,nips4b_birds_trainfile058,2.0,3.0,244,a2v,154368,201.0,0,cerbra_song,cerbra_song,True,/path/to/data,24000,24000,130,a2v_1s_vote,single,200,majority_vote
nips4b_birds_trainfile060_1_2,nips4b_birds_trainfile060,1.0,2.0,253,a2v,154368,201.0,0,petpet_song,petpet_song,True,/path/to/data,24000,24000,90,a2v_1s_vote,single,200,majority_vote
nips4b_birds_trainfile062_0_1,nips4b_birds_trainfile062,0.0,1.0,256,a2v,154368,201.0,0,siteur_song,siteur_song,True,/path/to/data,24000,24000,1,a2v_1s_vote,single,200,majority_vote
nips4b_birds_trainfile062_1_2,nips4b_birds_trainfile062,1.0,2.0,257,a2v,154368,201.0,0,siteur_song,siteur_song,True,/path/to/data,24000,24000,1,a2v_1s_vote,single,200,majority_vote
nips4b_birds_trainfile062_4_5,nips4b_birds_trainfile062,4.0,5.0,260,a2v,154368,201.0,0,regign_song,regign_song,True,/path/to/data,24000,24000,72,a2v_1s_vote,single,200,majority_vote
nips4b_birds_trainfile063_0_1,nips4b_birds_trainfile063,0.0,1.0,261,a2v,154368,201.0,0,sylcan_song,sylcan_song,True,/path/to/data,24000,24000,10,a2v_1s_vote,single,200,majority_vote
nips4b_birds_trainfile063_1_2,nips4b_birds_trainfile063,1.0,2.0,262,a2v,154368,201.0,0,sylcan_song,sylcan_song,True,/path/to/data,24000,24000,22,a2v_1s_vote,single,200,majority_vote
nips4b_birds_trainfile063_2_3,nips4b_birds_trainfile063,2.0,3.0,263,a2v,154368,201.0,0,sylcan_song,sylcan_song,True,/path/to/data,24000,24000,74,a2v_1s_vote,single,200,majority_vote
nips4b_birds_trainfile063_3_4,nips4b_birds_trainfile063,3.0,4.0,264,a2v,154368,201.0,0,sylcan_song,sylcan_song,True,/path/to/data,24000,24000,14,a2v_1s_vote,single,200,majority_vote
nips4b_birds_trainfile063_4_5,nips4b_birds_trainfile063,4.0,5.0,265,a2v,154368,201.0,0,sylcan_song,sylcan_song,True,/path/to/data,24000,24000,41,a2v_1s_vote,single,200,majority_vote
nips4b_birds_trainfile064_0_1,nips4b_birds_trainfile064,0.0,1.0,266,a2v,154368,201.0,0,oriori_call,oriori_call,True,/path/to/data,24000,24000,68,a2v_1s_vote,single,200,majority_vote
nips4b_birds_trainfile067_0_1,nips4b_birds_trainfile067,0.0,1.0,275,a2v,154368,201.0,0,plasab_song,plasab_song,True,/path/to/data,24000,24000,43,a2v_1s_vote,single,200,majority_vote
nips4b_birds_trainfile067_4_5,nips4b_birds_trainfile067,4.0,5.0,279,a2v,154368,201.0,0,plasab_song,plasab_song,True,/path/to/data,24000,24000,43,a2v_1s_vote,single,200,majority_vote
nips4b_birds_trainfile068_0_1,nips4b_birds_trainfile068,0.0,1.0,280,a2v,154368,201.0,0,carcan_song,carcan_song,True,/path/to/data,24000,24000,14,a2v_1s_vote,single,200,majority_vote
nips4b_birds_trainfile068_4_5,nips4b_birds_trainfile068,4.0,5.0,284,a2v,154368,201.0,0,carcan_song,carcan_song,True,/path/to/data,24000,24000,14,a2v_1s_vote,single,200,majority_vote
nips4b_birds_trainfile069_0_1,nips4b_birds_trainfile069,0.0,1.0,285,a2v,154368,201.0,0,plasab_song,plasab_song,True,/path/to/data,24000,24000,43,a2v_1s_vote,single,200,majority_vote
nips4b_birds_trainfile069_1_2,nips4b_birds_trainfile069,1.0,2.0,286,a2v,154368,201.0,0,plasab_song,plasab_song,True,/path/to/data,24000,24000,43,a2v_1s_vote,single,200,majority_vote
nips4b_birds_trainfile069_3_4,nips4b_birds_trainfile069,3.0,4.0,288,a2v,154368,201.0,0,plasab_song,plasab_song,True,/path/to/data,24000,24000,8,a2v_1s_vote,single,200,majority_vote
nips4b_birds_trainfile070_0_1,nips4b_birds_trainfile070,0.0,1.0,290,a2v,154368,201.0,0,galcri_call,galcri_call,True,/path/to/data,24000,24000,190,a2v_1s_vote,single,200,majority_vote
nips4b_birds_trainfile070_1_2,nips4b_birds_trainfile070,1.0,2.0,291,a2v,154368,201.0,0,galcri_call,galcri_call,True,/path/to/data,24000,24000,101,a2v_1s_vote,single,200,majority_vote
nips4b_birds_trainfile070_2_3,nips4b_birds_trainfile070,2.0,3.0,292,a2v,154368,201.0,0,galcri_call,galcri_call,True,/path/to/data,24000,24000,28,a2v_1s_vote,single,200,majority_vote
nips4b_birds_trainfile070_3_4,nips4b_birds_trainfile070,3.0,4.0,293,a2v,154368,201.0,0,galcri_call,galcri_call,True,/path/to/data,24000,24000,96,a2v_1s_vote,single,200,majority_vote
nips4b_birds_trainfile070_4_5,nips4b_birds_trainfile070,4.0,5.0,294,a2v,154368,201.0,0,galcri_call,galcri_call,True,/path/to/data,24000,24000,3,a2v_1s_vote,single,200,majority_vote
nips4b_birds_trainfile071_2_3,nips4b_birds_trainfile071,2.0,3.0,297,a2v,154368,201.0,0,lularb_song,lularb_song,True,/path/to/data,24000,24000,134,a2v_1s_vote,single,200,majority_vote
nips4b_birds_trainfile073_0_1,nips4b_birds_trainfile073,0.0,1.0,302,a2v,154368,201.0,0,sylcan_song,sylcan_song,True,/path/to/data,24000,24000,20,a2v_1s_vote,single,200,majority_vote
nips4b_birds_trainfile073_1_2,nips4b_birds_trainfile073,1.0,2.0,303,a2v,154368,201.0,0,sylcan_song,sylcan_song,True,/path/to/data,24000,24000,10,a2v_1s_vote,single,200,majority_vote
nips4b_birds_trainfile073_2_3,nips4b_birds_trainfile073,2.0,3.0,304,a2v,154368,201.0,0,petpet_call,petpet_call,True,/path/to/data,24000,24000,42,a2v_1s_vote,single,200,majority_vote
nips4b_birds_trainfile075_2_3,nips4b_birds_trainfile075,2.0,3.0,311,a2v,154368,201.0,0,lopcri_call,lopcri_call,True,/path/to/data,24000,24000,1,a2v_1s_vote,single,200,majority_vote
nips4b_birds_trainfile076_1_2,nips4b_birds_trainfile076,1.0,2.0,315,a2v,154368,201.0,0,phycol_song,phycol_song,True,/path/to/data,24000,24000,50,a2v_1s_vote,single,200,majority_vote
nips4b_birds_trainfile076_2_3,nips4b_birds_trainfile076,2.0,3.0,316,a2v,154368,201.0,0,phycol_song,phycol_song,True,/path/to/data,24000,24000,107,a2v_1s_vote,single,200,majority_vote
nips4b_birds_trainfile076_4_5,nips4b_birds_trainfile076,4.0,5.0,318,a2v,154368,201.0,0,anttri_song,anttri_song,True,/path/to/data,24000,24000,15,a2v_1s_vote,single,200,majority_vote
nips4b_birds_trainfile077_1_2,nips4b_birds_trainfile077,1.0,2.0,320,a2v,154368,201.0,0,sylmel_call,sylmel_call,True,/path/to/data,24000,24000,114,a2v_1s_vote,single,200,majority_vote
nips4b_birds_trainfile077_2_3,nips4b_birds_trainfile077,2.0,3.0,321,a2v,154368,201.0,0,pyrpyr_call,pyrpyr_call,True,/path/to/data,24000,24000,74,a2v_1s_vote,single,200,majority_vote
nips4b_birds_trainfile077_3_4,nips4b_birds_trainfile077,3.0,4.0,322,a2v,154368,201.0,0,pyrpyr_call,pyrpyr_call,True,/path/to/data,24000,24000,93,a2v_1s_vote,single,200,majority_vote
nips4b_birds_trainfile078_0_1,nips4b_birds_trainfile078,0.0,1.0,324,a2v,154368,201.0,0,anttri_song,anttri_song,True,/path/to/data,24000,24000,69,a2v_1s_vote,single,200,majority_vote
nips4b_birds_trainfile078_3_4,nips4b_birds_trainfile078,3.0,4.0,327,a2v,154368,201.0,0,anttri_song,anttri_song,True,/path/to/data,24000,24000,13,a2v_1s_vote,single,200,majority_vote
nips4b_birds_trainfile078_4_5,nips4b_birds_trainfile078,4.0,5.0,328,a2v,154368,201.0,0,anttri_song,anttri_song,True,/path/to/data,24000,24000,87,a2v_1s_vote,single,200,majority_vote
nips4b_birds_trainfile081_0_1,nips4b_birds_trainfile081,0.0,1.0,336,a2v,154368,201.0,0,plasab_song,plasab_song,True,/path/to/data,24000,24000,96,a2v_1s_vote,single,200,majority_vote
nips4b_birds_trainfile081_3_4,nips4b_birds_trainfile081,3.0,4.0,339,a2v,154368,201.0,0,plasab_song,plasab_song,True,/path/to/data,24000,24000,8,a2v_1s_vote,single,200,majority_vote
nips4b_birds_trainfile081_4_5,nips4b_birds_trainfile081,4.0,5.0,340,a2v,154368,201.0,0,plasab_song,plasab_song,True,/path/to/data,24000,24000,43,a2v_1s_vote,single,200,majority_vote
nips4b_birds_trainfile082_0_1,nips4b_birds_trainfile082,0.0,1.0,341,a2v,154368,201.0,0,erirub_song,erirub_song,True,/path/to/data,24000,24000,109,a2v_1s_vote,single,200,majority_vote
nips4b_birds_trainfile082_2_3,nips4b_birds_trainfile082,2.0,3.0,343,a2v,154368,201.0,0,parcae_call,parcae_call,True,/path/to/data,24000,24000,56,a2v_1s_vote,single,200,majority_vote
nips4b_birds_trainfile082_3_4,nips4b_birds_trainfile082,3.0,4.0,344,a2v,154368,201.0,0,parcae_call,parcae_call,True,/path/to/data,24000,24000,6,a2v_1s_vote,single,200,majority_vote
nips4b_birds_trainfile082_4_5,nips4b_birds_trainfile082,4.0,5.0,345,a2v,154368,201.0,0,parcae_call,parcae_call,True,/path/to/data,24000,24000,9,a2v_1s_vote,single,200,majority_vote
nips4b_birds_trainfile085_0_1,nips4b_birds_trainfile085,0.0,1.0,349,a2v,154368,201.0,0,erirub_song,erirub_song,True,/path/to/data,24000,24000,117,a2v_1s_vote,single,200,majority_vote
nips4b_birds_trainfile085_1_2,nips4b_birds_trainfile085,1.0,2.0,350,a2v,154368,201.0,0,erirub_song,erirub_song,True,/path/to/data,24000,24000,116,a2v_1s_vote,single,200,majority_vote
nips4b_birds_trainfile088_2_3,nips4b_birds_trainfile088,2.0,3.0,363,a2v,154368,201.0,0,picpic_call,picpic_call,True,/path/to/data,24000,24000,186,a2v_1s_vote,single,200,majority_vote
nips4b_birds_trainfile089_0_1,nips4b_birds_trainfile089,0.0,1.0,365,a2v,154368,201.0,0,plasab_song,plasab_song,True,/path/to/data,24000,24000,43,a2v_1s_vote,single,200,majority_vote
nips4b_birds_trainfile089_2_3,nips4b_birds_trainfile089,2.0,3.0,367,a2v,154368,201.0,0,plasab_song,plasab_song,True,/path/to/data,24000,24000,43,a2v_1s_vote,single,200,majority_vote
nips4b_birds_trainfile089_3_4,nips4b_birds_trainfile089,3.0,4.0,368,a2v,154368,201.0,0,plasab_song,plasab_song,True,/path/to/data,24000,24000,43,a2v_1s_vote,single,200,majority_vote
nips4b_birds_trainfile091_0_1,nips4b_birds_trainfile091,0.0,1.0,375,a2v,154368,201.0,0,aegcau_call,aegcau_call,True,/path/to/data,24000,24000,9,a2v_1s_vote,single,200,majority_vote
nips4b_birds_trainfile092_0_1,nips4b_birds_trainfile092,0.0,1.0,377,a2v,154368,201.0,0,pelgra_call,pelgra_call,True,/path/to/data,24000,24000,186,a2v_1s_vote,single,200,majority_vote
nips4b_birds_trainfile092_1_2,nips4b_birds_trainfile092,1.0,2.0,378,a2v,154368,201.0,0,pelgra_call,pelgra_call,True,/path/to/data,24000,24000,186,a2v_1s_vote,single,200,majority_vote
nips4b_birds_trainfile093_0_1,nips4b_birds_trainfile093,0.0,1.0,380,a2v,154368,201.0,0,sylmel_song,sylmel_song,True,/path/to/data,24000,24000,74,a2v_1s_vote,single,200,majority_vote
nips4b_birds_trainfile093_1_2,nips4b_birds_trainfile093,1.0,2.0,381,a2v,154368,201.0,0,sylmel_song,sylmel_song,True,/path/to/data,24000,24000,41,a2v_1s_vote,single,200,majority_vote
nips4b_birds_trainfile095_0_1,nips4b_birds_trainfile095,0.0,1.0,384,a2v,154368,201.0,0,lusmeg_call,lusmeg_call,True,/path/to/data,24000,24000,14,a2v_1s_vote,single,200,majority_vote
nips4b_birds_trainfile095_1_2,nips4b_birds_trainfile095,1.0,2.0,385,a2v,154368,201.0,0,lusmeg_call,lusmeg_call,True,/path/to/data,24000,24000,62,a2v_1s_vote,single,200,majority_vote
nips4b_birds_trainfile095_3_4,nips4b_birds_trainfile095,3.0,4.0,387,a2v,154368,201.0,0,lusmeg_call,lusmeg_call,True,/path/to/data,24000,24000,62,a2v_1s_vote,single,200,majority_vote
nips4b_birds_trainfile095_4_5,nips4b_birds_trainfile095,4.0,5.0,388,a2v,154368,201.0,0,lusmeg_call,lusmeg_call,True,/path/to/data,24000,24000,56,a2v_1s_vote,single,200,majority_vote
nips4b_birds_trainfile096_1_2,nips4b_birds_trainfile096,1.0,2.0,390,a2v,154368,201.0,0,denmaj_drum,denmaj_drum,True,/path/to/data,24000,24000,72,a2v_1s_vote,single,200,majority_vote
nips4b_birds_trainfile096_2_3,nips4b_birds_trainfile096,2.0,3.0,391,a2v,154368,201.0,0,denmaj_drum,denmaj_drum,True,/path/to/data,24000,24000,129,a2v_1s_vote,single,200,majority_vote
nips4b_birds_trainfile096_4_5,nips4b_birds_trainfile096,4.0,5.0,393,a2v,154368,201.0,0,loxcur_call,loxcur_call,True,/path/to/data,24000,24000,47,a2v_1s_vote,single,200,majority_vote
nips4b_birds_trainfile097_0_1,nips4b_birds_trainfile097,0.0,1.0,394,a2v,154368,201.0,0,sylund_song,sylund_song,True,/path/to/data,24000,24000,20,a2v_1s_vote,single,200,majority_vote
nips4b_birds_trainfile097_1_2,nips4b_birds_trainfile097,1.0,2.0,395,a2v,154368,201.0,0,sylund_song,sylund_song,True,/path/to/data,24000,24000,114,a2v_1s_vote,single,200,majority_vote
nips4b_birds_trainfile098_0_1,nips4b_birds_trainfile098,0.0,1.0,396,a2v,154368,201.0,0,petpet_call,petpet_call,True,/path/to/data,24000,24000,108,a2v_1s_vote,single,200,majority_vote
nips4b_birds_trainfile098_1_2,nips4b_birds_trainfile098,1.0,2.0,397,a2v,154368,201.0,0,petpet_call,petpet_call,True,/path/to/data,24000,24000,20,a2v_1s_vote,single,200,majority_vote
nips4b_birds_trainfile098_2_3,nips4b_birds_trainfile098,2.0,3.0,398,a2v,154368,201.0,0,petpet_call,petpet_call,True,/path/to/data,24000,24000,90,a2v_1s_vote,single,200,majority_vote
nips4b_birds_trainfile098_4_5,nips4b_birds_trainfile098,4.0,5.0,400,a2v,154368,201.0,0,sylcan_song,sylcan_song,True,/path/to/data,24000,24000,42,a2v_1s_vote,single,200,majority_vote
nips4b_birds_trainfile099_0_1,nips4b_birds_trainfile099,0.0,1.0,401,a2v,154368,201.0,0,galthe_song,galthe_song,True,/path/to/data,24000,24000,42,a2v_1s_vote,single,200,majority_vote
nips4b_birds_trainfile099_1_2,nips4b_birds_trainfile099,1.0,2.0,402,a2v,154368,201.0,0,galthe_song,galthe_song,True,/path/to/data,24000,24000,114,a2v_1s_vote,single,200,majority_vote
nips4b_birds_trainfile100_0_1,nips4b_birds_trainfile100,0.0,1.0,405,a2v,154368,201.0,0,embcir_call,embcir_call,True,/path/to/data,24000,24000,117,a2v_1s_vote,single,200,majority_vote
nips4b_birds_trainfile100_4_5,nips4b_birds_trainfile100,4.0,5.0,409,a2v,154368,201.0,0,embcir_call,embcir_call,True,/path/to/data,24000,24000,117,a2v_1s_vote,single,200,majority_vote
nips4b_birds_trainfile103_1_2,nips4b_birds_trainfile103,1.0,2.0,421,a2v,154368,201.0,0,lusmeg_song,lusmeg_song,True,/path/to/data,24000,24000,58,a2v_1s_vote,single,200,majority_vote
nips4b_birds_trainfile103_2_3,nips4b_birds_trainfile103,2.0,3.0,422,a2v,154368,201.0,0,hirrus_call,hirrus_call,True,/path/to/data,24000,24000,72,a2v_1s_vote,single,200,majority_vote
nips4b_birds_trainfile103_3_4,nips4b_birds_trainfile103,3.0,4.0,423,a2v,154368,201.0,0,lusmeg_song,lusmeg_song,True,/path/to/data,24000,24000,103,a2v_1s_vote,single,200,majority_vote
nips4b_birds_trainfile104_0_1,nips4b_birds_trainfile104,0.0,1.0,424,a2v,154368,201.0,0,prumod_song,prumod_song,True,/path/to/data,24000,24000,13,a2v_1s_vote,single,200,majority_vote
nips4b_birds_trainfile104_1_2,nips4b_birds_trainfile104,1.0,2.0,425,a2v,154368,201.0,0,erirub_call,erirub_call,True,/path/to/data,24000,24000,166,a2v_1s_vote,single,200,majority_vote
nips4b_birds_trainfile104_3_4,nips4b_birds_trainfile104,3.0,4.0,427,a2v,154368,201.0,0,erirub_call,erirub_call,True,/path/to/data,24000,24000,72,a2v_1s_vote,single,200,majority_vote
nips4b_birds_trainfile105_2_3,nips4b_birds_trainfile105,2.0,3.0,431,a2v,154368,201.0,0,parate_call,parate_call,True,/path/to/data,24000,24000,56,a2v_1s_vote,single,200,majority_vote
nips4b_birds_trainfile105_3_4,nips4b_birds_trainfile105,3.0,4.0,432,a2v,154368,201.0,0,erirub_call,erirub_call,True,/path/to/data,24000,24000,117,a2v_1s_vote,single,200,majority_vote
nips4b_birds_trainfile106_2_3,nips4b_birds_trainfile106,2.0,3.0,436,a2v,154368,201.0,0,fricoe_call,fricoe_call,True,/path/to/data,24000,24000,114,a2v_1s_vote,single,200,majority_vote
nips4b_birds_trainfile107_0_1,nips4b_birds_trainfile107,0.0,1.0,438,a2v,154368,201.0,0,turphi_call,turphi_call,True,/path/to/data,24000,24000,37,a2v_1s_vote,single,200,majority_vote
nips4b_birds_trainfile108_1_2,nips4b_birds_trainfile108,1.0,2.0,444,a2v,154368,201.0,0,sylcan_call,sylcan_call,True,/path/to/data,24000,24000,122,a2v_1s_vote,single,200,majority_vote
nips4b_birds_trainfile108_2_3,nips4b_birds_trainfile108,2.0,3.0,445,a2v,154368,201.0,0,sylcan_call,sylcan_call,True,/path/to/data,24000,24000,122,a2v_1s_vote,single,200,majority_vote
nips4b_birds_trainfile108_3_4,nips4b_birds_trainfile108,3.0,4.0,446,a2v,154368,201.0,0,sylcan_call,sylcan_call,True,/path/to/data,24000,24000,166,a2v_1s_vote,single,200,majority_vote
nips4b_birds_trainfile108_4_5,nips4b_birds_trainfile108,4.0,5.0,447,a2v,154368,201.0,0,sylcan_call,sylcan_call,True,/path/to/data,24000,24000,17,a2v_1s_vote,single,200,majority_vote
nips4b_birds_trainfile110_0_1,nips4b_birds_trainfile110,0.0,1.0,450,a2v,154368,201.0,0,turmer_song,turmer_song,True,/path/to/data,24000,24000,10,a2v_1s_vote,single,200,majority_vote
nips4b_birds_trainfile110_1_2,nips4b_birds_trainfile110,1.0,2.0,451,a2v,154368,201.0,0,jyntor_song,jyntor_song,True,/path/to/data,24000,24000,166,a2v_1s_vote,single,200,majority_vote
nips4b_birds_trainfile110_2_3,nips4b_birds_trainfile110,2.0,3.0,452,a2v,154368,201.0,0,jyntor_song,jyntor_song,True,/path/to/data,24000,24000,49,a2v_1s_vote,single,200,majority_vote
nips4b_birds_trainfile110_3_4,nips4b_birds_trainfile110,3.0,4.0,453,a2v,154368,201.0,0,jyntor_song,jyntor_song,True,/path/to/data,24000,24000,108,a2v_1s_vote,single,200,majority_vote
nips4b_birds_trainfile111_0_1,nips4b_birds_trainfile111,0.0,1.0,455,a2v,154368,201.0,0,petpet_song,petpet_song,True,/path/to/data,24000,24000,90,a2v_1s_vote,single,200,majority_vote
nips4b_birds_trainfile111_1_2,nips4b_birds_trainfile111,1.0,2.0,456,a2v,154368,201.0,0,petpet_song,petpet_song,True,/path/to/data,24000,24000,18,a2v_1s_vote,single,200,majority_vote
nips4b_birds_trainfile111_2_3,nips4b_birds_trainfile111,2.0,3.0,457,a2v,154368,201.0,0,petpet_song,petpet_song,True,/path/to/data,24000,24000,90,a2v_1s_vote,single,200,majority_vote
nips4b_birds_trainfile113_2_3,nips4b_birds_trainfile113,2.0,3.0,462,a2v,154368,201.0,0,oriori_song,oriori_song,True,/path/to/data,24000,24000,198,a2v_1s_vote,single,200,majority_vote
nips4b_birds_trainfile113_3_4,nips4b_birds_trainfile113,3.0,4.0,463,a2v,154368,201.0,0,oriori_song,oriori_song,True,/path/to/data,24000,24000,186,a2v_1s_vote,single,200,majority_vote
nips4b_birds_trainfile114_0_1,nips4b_birds_trainfile114,0.0,1.0,465,a2v,154368,201.0,0,pasdom_call,pasdom_call,True,/path/to/data,24000,24000,109,a2v_1s_vote,single,200,majority_vote
nips4b_birds_trainfile115_1_2,nips4b_birds_trainfile115,1.0,2.0,471,a2v,154368,201.0,0,sylatr_song,sylatr_song,True,/path/to/data,24000,24000,62,a2v_1s_vote,single,200,majority_vote
nips4b_birds_trainfile115_2_3,nips4b_birds_trainfile115,2.0,3.0,472,a2v,154368,201.0,0,sylatr_song,sylatr_song,True,/path/to/data,24000,24000,167,a2v_1s_vote,single,200,majority_vote
nips4b_birds_trainfile118_0_1,nips4b_birds_trainfile118,0.0,1.0,479,a2v,154368,201.0,0,oriori_call,oriori_call,True,/path/to/data,24000,24000,114,a2v_1s_vote,single,200,majority_vote
nips4b_birds_trainfile118_1_2,nips4b_birds_trainfile118,1.0,2.0,480,a2v,154368,201.0,0,oriori_song,oriori_song,True,/path/to/data,24000,24000,108,a2v_1s_vote,single,200,majority_vote
nips4b_birds_trainfile118_2_3,nips4b_birds_trainfile118,2.0,3.0,481,a2v,154368,201.0,0,oriori_song,oriori_song,True,/path/to/data,24000,24000,108,a2v_1s_vote,single,200,majority_vote
nips4b_birds_trainfile119_0_1,nips4b_birds_trainfile119,0.0,1.0,482,a2v,154368,201.0,0,cetcet_song,cetcet_song,True,/path/to/data,24000,24000,113,a2v_1s_vote,single,200,majority_vote
nips4b_birds_trainfile119_1_2,nips4b_birds_trainfile119,1.0,2.0,483,a2v,154368,201.0,0,cetcet_song,cetcet_song,True,/path/to/data,24000,24000,48,a2v_1s_vote,single,200,majority_vote
nips4b_birds_trainfile120_4_5,nips4b_birds_trainfile120,4.0,5.0,491,a2v,154368,201.0,0,sylund_song,sylund_song,True,/path/to/data,24000,24000,184,a2v_1s_vote,single,200,majority_vote
nips4b_birds_trainfile121_2_3,nips4b_birds_trainfile121,2.0,3.0,494,a2v,154368,201.0,0,parmaj_song,parmaj_song,True,/path/to/data,24000,24000,182,a2v_1s_vote,single,200,majority_vote
nips4b_birds_trainfile122_0_1,nips4b_birds_trainfile122,0.0,1.0,497,a2v,154368,201.0,0,turphi_song,turphi_song,True,/path/to/data,24000,24000,18,a2v_1s_vote,single,200,majority_vote
nips4b_birds_trainfile122_1_2,nips4b_birds_trainfile122,1.0,2.0,498,a2v,154368,201.0,0,turphi_song,turphi_song,True,/path/to/data,24000,24000,18,a2v_1s_vote,single,200,majority_vote
nips4b_birds_trainfile123_0_1,nips4b_birds_trainfile123,0.0,1.0,499,a2v,154368,201.0,0,fricoe_song,fricoe_song,True,/path/to/data,24000,24000,180,a2v_1s_vote,single,200,majority_vote
nips4b_birds_trainfile123_1_2,nips4b_birds_trainfile123,1.0,2.0,500,a2v,154368,201.0,0,fricoe_song,fricoe_song,True,/path/to/data,24000,24000,111,a2v_1s_vote,single,200,majority_vote
nips4b_birds_trainfile125_0_1,nips4b_birds_trainfile125,0.0,1.0,505,a2v,154368,201.0,0,oriori_song,oriori_song,True,/path/to/data,24000,24000,186,a2v_1s_vote,single,200,majority_vote
nips4b_birds_trainfile125_3_4,nips4b_birds_trainfile125,3.0,4.0,508,a2v,154368,201.0,0,oriori_song,oriori_song,True,/path/to/data,24000,24000,186,a2v_1s_vote,single,200,majority_vote
nips4b_birds_trainfile125_4_5,nips4b_birds_trainfile125,4.0,5.0,509,a2v,154368,201.0,0,oriori_song,oriori_song,True,/path/to/data,24000,24000,186,a2v_1s_vote,single,200,majority_vote
nips4b_birds_trainfile126_0_1,nips4b_birds_trainfile126,0.0,1.0,510,a2v,154368,201.0,0,lusmeg_song,lusmeg_song,True,/path/to/data,24000,24000,49,a2v_1s_vote,single,200,majority_vote
nips4b_birds_trainfile127_0_1,nips4b_birds_trainfile127,0.0,1.0,512,a2v,154368,201.0,0,carcan_song,carcan_song,True,/path/to/data,24000,24000,20,a2v_1s_vote,single,200,majority_vote
nips4b_birds_trainfile127_1_2,nips4b_birds_trainfile127,1.0,2.0,513,a2v,154368,201.0,0,carcan_song,carcan_song,True,/path/to/data,24000,24000,18,a2v_1s_vote,single,200,majority_vote
nips4b_birds_trainfile127_2_3,nips4b_birds_trainfile127,2.0,3.0,514,a2v,154368,201.0,0,carcan_song,carcan_song,True,/path/to/data,24000,24000,111,a2v_1s_vote,single,200,majority_vote
nips4b_birds_trainfile127_3_4,nips4b_birds_trainfile127,3.0,4.0,515,a2v,154368,201.0,0,carcan_song,carcan_song,True,/path/to/data,24000,24000,10,a2v_1s_vote,single,200,majority_vote
nips4b_birds_trainfile127_4_5,nips4b_birds_trainfile127,4.0,5.0,516,a2v,154368,201.0,0,carcan_song,carcan_song,True,/path/to/data,24000,24000,20,a2v_1s_vote,single,200,majority_vote
nips4b_birds_trainfile128_0_1,nips4b_birds_trainfile128,0.0,1.0,517,a2v,154368,201.0,0,galthe_call,galthe_call,True,/path/to/data,24000,24000,41,a2v_1s_vote,single,200,majority_vote
nips4b_birds_trainfile128_1_2,nips4b_birds_trainfile128,1.0,2.0,518,a2v,154368,201.0,0,galthe_call,galthe_call,True,/path/to/data,24000,24000,7,a2v_1s_vote,single,200,majority_vote
nips4b_birds_trainfile130_0_1,nips4b_birds_trainfile130,0.0,1.0,520,a2v,154368,201.0,0,carcan_song,carcan_song,True,/path/to/data,24000,24000,1,a2v_1s_vote,single,200,majority_vote
nips4b_birds_trainfile131_0_1,nips4b_birds_trainfile131,0.0,1.0,525,a2v,154368,201.0,0,carcan_call,carcan_call,True,/path/to/data,24000,24000,58,a2v_1s_vote,single,200,majority_vote
nips4b_birds_trainfile131_1_2,nips4b_birds_trainfile131,1.0,2.0,526,a2v,154368,201.0,0,carcan_call,carcan_call,True,/path/to/data,24000,24000,58,a2v_1s_vote,single,200,majority_vote
nips4b_birds_trainfile133_0_1,nips4b_birds_trainfile133,0.0,1.0,532,a2v,154368,201.0,0,lusmeg_song,lusmeg_song,True,/path/to/data,24000,24000,158,a2v_1s_vote,single,200,majority_vote
nips4b_birds_trainfile133_2_3,nips4b_birds_trainfile133,2.0,3.0,534,a2v,154368,201.0,0,lularb_song,lularb_song,True,/path/to/data,24000,24000,147,a2v_1s_vote,single,200,majority_vote
nips4b_birds_trainfile133_3_4,nips4b_birds_trainfile133,3.0,4.0,535,a2v,154368,201.0,0,lularb_song,lularb_song,True,/path/to/data,24000,24000,193,a2v_1s_vote,single,200,majority_vote
nips4b_birds_trainfile135_0_1,nips4b_birds_trainfile135,0.0,1.0,539,a2v,154368,201.0,0,siteur_call,siteur_call,True,/path/to/data,24000,24000,68,a2v_1s_vote,single,200,majority_vote
nips4b_birds_trainfile135_3_4,nips4b_birds_trainfile135,3.0,4.0,542,a2v,154368,201.0,0,trotro_song,trotro_song,True,/path/to/data,24000,24000,139,a2v_1s_vote,single,200,majority_vote
nips4b_birds_trainfile135_4_5,nips4b_birds_trainfile135,4.0,5.0,543,a2v,154368,201.0,0,trotro_song,trotro_song,True,/path/to/data,24000,24000,13,a2v_1s_vote,single,200,majority_vote
nips4b_birds_trainfile136_1_2,nips4b_birds_trainfile136,1.0,2.0,545,a2v,154368,201.0,0,prumod_song,prumod_song,True,/path/to/data,24000,24000,82,a2v_1s_vote,single,200,majority_vote
nips4b_birds_trainfile137_0_1,nips4b_birds_trainfile137,0.0,1.0,549,a2v,154368,201.0,0,carcar_call,carcar_call,True,/path/to/data,24000,24000,180,a2v_1s_vote,single,200,majority_vote
nips4b_birds_trainfile137_1_2,nips4b_birds_trainfile137,1.0,2.0,550,a2v,154368,201.0,0,carcar_call,carcar_call,True,/path/to/data,24000,24000,31,a2v_1s_vote,single,200,majority_vote
nips4b_birds_trainfile137_2_3,nips4b_birds_trainfile137,2.0,3.0,551,a2v,154368,201.0,0,carcar_call,carcar_call,True,/path/to/data,24000,24000,68,a2v_1s_vote,single,200,majority_vote
nips4b_birds_trainfile137_3_4,nips4b_birds_trainfile137,3.0,4.0,552,a2v,154368,201.0,0,carcar_call,carcar_call,True,/path/to/data,24000,24000,37,a2v_1s_vote,single,200,majority_vote
nips4b_birds_trainfile138_0_1,nips4b_birds_trainfile138,0.0,1.0,553,a2v,154368,201.0,0,jyntor_song,jyntor_song,True,/path/to/data,24000,24000,18,a2v_1s_vote,single,200,majority_vote
nips4b_birds_trainfile138_1_2,nips4b_birds_trainfile138,1.0,2.0,554,a2v,154368,201.0,0,jyntor_song,jyntor_song,True,/path/to/data,24000,24000,108,a2v_1s_vote,single,200,majority_vote
nips4b_birds_trainfile138_2_3,nips4b_birds_trainfile138,2.0,3.0,555,a2v,154368,201.0,0,serser_song,serser_song,True,/path/to/data,24000,24000,18,a2v_1s_vote,single,200,majority_vote
nips4b_birds_trainfile138_3_4,nips4b_birds_trainfile138,3.0,4.0,556,a2v,154368,201.0,0,serser_song,serser_song,True,/path/to/data,24000,24000,18,a2v_1s_vote,single,200,majority_vote
nips4b_birds_trainfile138_4_5,nips4b_birds_trainfile138,4.0,5.0,557,a2v,154368,201.0,0,serser_song,serser_song,True,/path/to/data,24000,24000,18,a2v_1s_vote,single,200,majority_vote
nips4b_birds_trainfile139_0_1,nips4b_birds_trainfile139,0.0,1.0,558,a2v,154368,201.0,0,musstr_call,musstr_call,True,/path/to/data,24000,24000,9,a2v_1s_vote,single,200,majority_vote
nips4b_birds_trainfile139_3_4,nips4b_birds_trainfile139,3.0,4.0,561,a2v,154368,201.0,0,musstr_call,musstr_call,True,/path/to/data,24000,24000,17,a2v_1s_vote,single,200,majority_vote
nips4b_birds_trainfile141_0_1,nips4b_birds_trainfile141,0.0,1.0,565,a2v,154368,201.0,0,parmaj_call,parmaj_call,True,/path/to/data,24000,24000,9,a2v_1s_vote,single,200,majority_vote
nips4b_birds_trainfile141_1_2,nips4b_birds_trainfile141,1.0,2.0,566,a2v,154368,201.0,0,corcor_call,corcor_call,True,/path/to/data,24000,24000,6,a2v_1s_vote,single,200,majority_vote
nips4b_birds_trainfile142_0_1,nips4b_birds_trainfile142,0.0,1.0,567,a2v,154368,201.0,0,erirub_song,erirub_song,True,/path/to/data,24000,24000,1,a2v_1s_vote,single,200,majority_vote
nips4b_birds_trainfile142_1_2,nips4b_birds_trainfile142,1.0,2.0,568,a2v,154368,201.0,0,pyrpyr_call,pyrpyr_call,True,/path/to/data,24000,24000,74,a2v_1s_vote,single,200,majority_vote
nips4b_birds_trainfile142_3_4,nips4b_birds_trainfile142,3.0,4.0,570,a2v,154368,201.0,0,pyrpyr_call,pyrpyr_call,True,/path/to/data,24000,24000,191,a2v_1s_vote,single,200,majority_vote
nips4b_birds_trainfile142_4_5,nips4b_birds_trainfile142,4.0,5.0,571,a2v,154368,201.0,0,erirub_song,erirub_song,True,/path/to/data,24000,24000,1,a2v_1s_vote,single,200,majority_vote
nips4b_birds_trainfile143_0_1,nips4b_birds_trainfile143,0.0,1.0,572,a2v,154368,201.0,0,embcir_call,embcir_call,True,/path/to/data,24000,24000,103,a2v_1s_vote,single,200,majority_vote
nips4b_birds_trainfile144_1_2,nips4b_birds_trainfile144,1.0,2.0,575,a2v,154368,201.0,0,pyrpyr_call,pyrpyr_call,True,/path/to/data,24000,24000,72,a2v_1s_vote,single,200,majority_vote
nips4b_birds_trainfile144_3_4,nips4b_birds_trainfile144,3.0,4.0,577,a2v,154368,201.0,0,regign_call,regign_call,True,/path/to/data,24000,24000,189,a2v_1s_vote,single,200,majority_vote
nips4b_birds_trainfile145_1_2,nips4b_birds_trainfile145,1.0,2.0,580,a2v,154368,201.0,0,sylcan_song,sylcan_song,True,/path/to/data,24000,24000,22,a2v_1s_vote,single,200,majority_vote
nips4b_birds_trainfile145_2_3,nips4b_birds_trainfile145,2.0,3.0,581,a2v,154368,201.0,0,petpet_song,petpet_song,True,/path/to/data,24000,24000,20,a2v_1s_vote,single,200,majority_vote
nips4b_birds_trainfile145_3_4,nips4b_birds_trainfile145,3.0,4.0,582,a2v,154368,201.0,0,petpet_song,petpet_song,True,/path/to/data,24000,24000,20,a2v_1s_vote,single,200,majority_vote
nips4b_birds_trainfile145_4_5,nips4b_birds_trainfile145,4.0,5.0,583,a2v,154368,201.0,0,petpet_song,petpet_song,True,/path/to/data,24000,24000,90,a2v_1s_vote,single,200,majority_vote
nips4b_birds_trainfile147_0_1,nips4b_birds_trainfile147,0.0,1.0,589,a2v,154368,201.0,0,sylmel_song,sylmel_song,True,/path/to/data,24000,24000,103,a2v_1s_vote,single,200,majority_vote
nips4b_birds_trainfile147_1_2,nips4b_birds_trainfile147,1.0,2.0,590,a2v,154368,201.0,0,sylmel_song,sylmel_song,True,/path/to/data,24000,24000,198,a2v_1s_vote,single,200,majority_vote
nips4b_birds_trainfile148_1_2,nips4b_birds_trainfile148,1.0,2.0,592,a2v,154368,201.0,0,strtur_song,strtur_song,True,/path/to/data,24000,24000,10,a2v_1s_vote,single,200,majority_vote
nips4b_birds_trainfile148_4_5,nips4b_birds_trainfile148,4.0,5.0,595,a2v,154368,201.0,0,lusmeg_song,lusmeg_song,True,/path/to/data,24000,24000,68,a2v_1s_vote,single,200,majority_vote
nips4b_birds_trainfile149_0_1,nips4b_birds_trainfile149,0.0,1.0,596,a2v,154368,201.0,0,strtur_song,strtur_song,True,/path/to/data,24000,24000,146,a2v_1s_vote,single,200,majority_vote
nips4b_birds_trainfile149_1_2,nips4b_birds_trainfile149,1.0,2.0,597,a2v,154368,201.0,0,strtur_song,strtur_song,True,/path/to/data,24000,24000,11,a2v_1s_vote,single,200,majority_vote
nips4b_birds_trainfile149_3_4,nips4b_birds_trainfile149,3.0,4.0,599,a2v,154368,201.0,0,strtur_song,strtur_song,True,/path/to/data,24000,24000,11,a2v_1s_vote,single,200,majority_vote
nips4b_birds_trainfile149_4_5,nips4b_birds_trainfile149,4.0,5.0,600,a2v,154368,201.0,0,lusmeg_song,lusmeg_song,True,/path/to/data,24000,24000,74,a2v_1s_vote,single,200,majority_vote
nips4b_birds_trainfile150_1_2,nips4b_birds_trainfile150,1.0,2.0,602,a2v,154368,201.0,0,parcae_song,parcae_song,True,/path/to/data,24000,24000,23,a2v_1s_vote,single,200,majority_vote
nips4b_birds_trainfile150_2_3,nips4b_birds_trainfile150,2.0,3.0,603,a2v,154368,201.0,0,parcae_song,parcae_song,True,/path/to/data,24000,24000,56,a2v_1s_vote,single,200,majority_vote
nips4b_birds_trainfile151_0_1,nips4b_birds_trainfile151,0.0,1.0,606,a2v,154368,201.0,0,sylmel_call,sylmel_call,True,/path/to/data,24000,24000,56,a2v_1s_vote,single,200,majority_vote
nips4b_birds_trainfile151_3_4,nips4b_birds_trainfile151,3.0,4.0,609,a2v,154368,201.0,0,sylmel_call,sylmel_call,True,/path/to/data,24000,24000,135,a2v_1s_vote,single,200,majority_vote
nips4b_birds_trainfile151_4_5,nips4b_birds_trainfile151,4.0,5.0,610,a2v,154368,201.0,0,sylmel_call,sylmel_call,True,/path/to/data,24000,24000,161,a2v_1s_vote,single,200,majority_vote
nips4b_birds_trainfile152_0_1,nips4b_birds_trainfile152,0.0,1.0,611,a2v,154368,201.0,0,poepal_call,poepal_call,True,/path/to/data,24000,24000,116,a2v_1s_vote,single,200,majority_vote
nips4b_birds_trainfile152_3_4,nips4b_birds_trainfile152,3.0,4.0,614,a2v,154368,201.0,0,parate_song,parate_song,True,/path/to/data,24000,24000,191,a2v_1s_vote,single,200,majority_vote
nips4b_birds_trainfile153_2_3,nips4b_birds_trainfile153,2.0,3.0,618,a2v,154368,201.0,0,regign_song,regign_song,True,/path/to/data,24000,24000,191,a2v_1s_vote,single,200,majority_vote
nips4b_birds_trainfile153_4_5,nips4b_birds_trainfile153,4.0,5.0,620,a2v,154368,201.0,0,phycol_song,phycol_song,True,/path/to/data,24000,24000,50,a2v_1s_vote,single,200,majority_vote
nips4b_birds_trainfile154_2_3,nips4b_birds_trainfile154,2.0,3.0,623,a2v,154368,201.0,0,serser_song,serser_song,True,/path/to/data,24000,24000,9,a2v_1s_vote,single,200,majority_vote
nips4b_birds_trainfile154_3_4,nips4b_birds_trainfile154,3.0,4.0,624,a2v,154368,201.0,0,serser_song,serser_song,True,/path/to/data,24000,24000,29,a2v_1s_vote,single,200,majority_vote
nips4b_birds_trainfile154_4_5,nips4b_birds_trainfile154,4.0,5.0,625,a2v,154368,201.0,0,serser_song,serser_song,True,/path/to/data,24000,24000,72,a2v_1s_vote,single,200,majority_vote
nips4b_birds_trainfile155_0_1,nips4b_birds_trainfile155,0.0,1.0,626,a2v,154368,201.0,0,cetcet_song,cetcet_song,True,/path/to/data,24000,24000,113,a2v_1s_vote,single,200,majority_vote
nips4b_birds_trainfile155_2_3,nips4b_birds_trainfile155,2.0,3.0,628,a2v,154368,201.0,0,cetcet_song,cetcet_song,True,/path/to/data,24000,24000,40,a2v_1s_vote,single,200,majority_vote
nips4b_birds_trainfile155_3_4,nips4b_birds_trainfile155,3.0,4.0,629,a2v,154368,201.0,0,cetcet_song,cetcet_song,True,/path/to/data,24000,24000,48,a2v_1s_vote,single,200,majority_vote
nips4b_birds_trainfile156_2_3,nips4b_birds_trainfile156,2.0,3.0,633,a2v,154368,201.0,0,lopcri_call,lopcri_call,True,/path/to/data,24000,24000,18,a2v_1s_vote,single,200,majority_vote
nips4b_birds_trainfile156_3_4,nips4b_birds_trainfile156,3.0,4.0,634,a2v,154368,201.0,0,lopcri_call,lopcri_call,True,/path/to/data,24000,24000,120,a2v_1s_vote,single,200,majority_vote
nips4b_birds_trainfile156_4_5,nips4b_birds_trainfile156,4.0,5.0,635,a2v,154368,201.0,0,lopcri_call,lopcri_call,True,/path/to/data,24000,24000,88,a2v_1s_vote,single,200,majority_vote
nips4b_birds_trainfile157_1_2,nips4b_birds_trainfile157,1.0,2.0,637,a2v,154368,201.0,0,sylund_song,sylund_song,True,/path/to/data,24000,24000,49,a2v_1s_vote,single,200,majority_vote
nips4b_birds_trainfile157_2_3,nips4b_birds_trainfile157,2.0,3.0,638,a2v,154368,201.0,0,sylund_song,sylund_song,True,/path/to/data,24000,24000,31,a2v_1s_vote,single,200,majority_vote
nips4b_birds_trainfile157_3_4,nips4b_birds_trainfile157,3.0,4.0,639,a2v,154368,201.0,0,sylund_song,sylund_song,True,/path/to/data,24000,24000,47,a2v_1s_vote,single,200,majority_vote
nips4b_birds_trainfile157_4_5,nips4b_birds_trainfile157,4.0,5.0,640,a2v,154368,201.0,0,sylund_song,sylund_song,True,/path/to/data,24000,24000,114,a2v_1s_vote,single,200,majority_vote
nips4b_birds_trainfile158_1_2,nips4b_birds_trainfile158,1.0,2.0,642,a2v,154368,201.0,0,galcri_call,galcri_call,True,/path/to/data,24000,24000,193,a2v_1s_vote,single,200,majority_vote
nips4b_birds_trainfile159_0_1,nips4b_birds_trainfile159,0.0,1.0,646,a2v,154368,201.0,0,sylcan_call,sylcan_call,True,/path/to/data,24000,24000,110,a2v_1s_vote,single,200,majority_vote
nips4b_birds_trainfile159_1_2,nips4b_birds_trainfile159,1.0,2.0,647,a2v,154368,201.0,0,sylcan_call,sylcan_call,True,/path/to/data,24000,24000,97,a2v_1s_vote,single,200,majority_vote
nips4b_birds_trainfile160_0_1,nips4b_birds_trainfile160,0.0,1.0,648,a2v,154368,201.0,0,alaarv_song,alaarv_song,True,/path/to/data,24000,24000,1,a2v_1s_vote,single,200,majority_vote
nips4b_birds_trainfile160_1_2,nips4b_birds_trainfile160,1.0,2.0,649,a2v,154368,201.0,0,alaarv_song,alaarv_song,True,/path/to/data,24000,24000,134,a2v_1s_vote,single,200,majority_vote
nips4b_birds_trainfile160_2_3,nips4b_birds_trainfile160,2.0,3.0,650,a2v,154368,201.0,0,alaarv_song,alaarv_song,True,/path/to/data,24000,24000,191,a2v_1s_vote,single,200,majority_vote
nips4b_birds_trainfile161_0_1,nips4b_birds_trainfile161,0.0,1.0,653,a2v,154368,201.0,0,sylmel_call,sylmel_call,True,/path/to/data,24000,24000,147,a2v_1s_vote,single,200,majority_vote
nips4b_birds_trainfile162_0_1,nips4b_birds_trainfile162,0.0,1.0,657,a2v,154368,201.0,0,galcri_song,galcri_song,True,/path/to/data,24000,24000,101,a2v_1s_vote,single,200,majority_vote
nips4b_birds_trainfile162_1_2,nips4b_birds_trainfile162,1.0,2.0,658,a2v,154368,201.0,0,galcri_song,galcri_song,True,/path/to/data,24000,24000,193,a2v_1s_vote,single,200,majority_vote
nips4b_birds_trainfile162_2_3,nips4b_birds_trainfile162,2.0,3.0,659,a2v,154368,201.0,0,galcri_song,galcri_song,True,/path/to/data,24000,24000,193,a2v_1s_vote,single,200,majority_vote
nips4b_birds_trainfile162_3_4,nips4b_birds_trainfile162,3.0,4.0,660,a2v,154368,201.0,0,galcri_song,galcri_song,True,/path/to/data,24000,24000,119,a2v_1s_vote,single,200,majority_vote
nips4b_birds_trainfile162_4_5,nips4b_birds_trainfile162,4.0,5.0,661,a2v,154368,201.0,0,galcri_song,galcri_song,True,/path/to/data,24000,24000,193,a2v_1s_vote,single,200,majority_vote
nips4b_birds_trainfile164_0_1,nips4b_birds_trainfile164,0.0,1.0,667,a2v,154368,201.0,0,carcan_call,carcan_call,True,/path/to/data,24000,24000,58,a2v_1s_vote,single,200,majority_vote
nips4b_birds_trainfile164_1_2,nips4b_birds_trainfile164,1.0,2.0,668,a2v,154368,201.0,0,carcan_call,carcan_call,True,/path/to/data,24000,24000,115,a2v_1s_vote,single,200,majority_vote
nips4b_birds_trainfile164_2_3,nips4b_birds_trainfile164,2.0,3.0,669,a2v,154368,201.0,0,carcan_call,carcan_call,True,/path/to/data,24000,24000,58,a2v_1s_vote,single,200,majority_vote
nips4b_birds_trainfile165_0_1,nips4b_birds_trainfile165,0.0,1.0,670,a2v,154368,201.0,0,sylcan_call,sylcan_call,True,/path/to/data,24000,24000,122,a2v_1s_vote,single,200,majority_vote
nips4b_birds_trainfile165_2_3,nips4b_birds_trainfile165,2.0,3.0,672,a2v,154368,201.0,0,sylcan_call,sylcan_call,True,/path/to/data,24000,24000,122,a2v_1s_vote,single,200,majority_vote
nips4b_birds_trainfile165_3_4,nips4b_birds_trainfile165,3.0,4.0,673,a2v,154368,201.0,0,sylcan_call,sylcan_call,True,/path/to/data,24000,24000,122,a2v_1s_vote,single,200,majority_vote
nips4b_birds_trainfile165_4_5,nips4b_birds_trainfile165,4.0,5.0,674,a2v,154368,201.0,0,sylcan_call,sylcan_call,True,/path/to/data,24000,24000,41,a2v_1s_vote,single,200,majority_vote
nips4b_birds_trainfile166_0_1,nips4b_birds_trainfile166,0.0,1.0,675,a2v,154368,201.0,0,embcir_song,embcir_song,True,/path/to/data,24000,24000,143,a2v_1s_vote,single,200,majority_vote
nips4b_birds_trainfile166_1_2,nips4b_birds_trainfile166,1.0,2.0,676,a2v,154368,201.0,0,embcir_song,embcir_song,True,/path/to/data,24000,24000,143,a2v_1s_vote,single,200,majority_vote
nips4b_birds_trainfile168_0_1,nips4b_birds_trainfile168,0.0,1.0,685,a2v,154368,201.0,0,strtur_song,strtur_song,True,/path/to/data,24000,24000,11,a2v_1s_vote,single,200,majority_vote
nips4b_birds_trainfile168_1_2,nips4b_birds_trainfile168,1.0,2.0,686,a2v,154368,201.0,0,strtur_song,strtur_song,True,/path/to/data,24000,24000,123,a2v_1s_vote,single,200,majority_vote
nips4b_birds_trainfile168_2_3,nips4b_birds_trainfile168,2.0,3.0,687,a2v,154368,201.0,0,strtur_song,strtur_song,True,/path/to/data,24000,24000,123,a2v_1s_vote,single,200,majority_vote
nips4b_birds_trainfile168_3_4,nips4b_birds_trainfile168,3.0,4.0,688,a2v,154368,201.0,0,strtur_song,strtur_song,True,/path/to/data,24000,24000,16,a2v_1s_vote,single,200,majority_vote
nips4b_birds_trainfile168_4_5,nips4b_birds_trainfile168,4.0,5.0,689,a2v,154368,201.0,0,strtur_song,strtur_song,True,/path/to/data,24000,24000,146,a2v_1s_vote,single,200,majority_vote
nips4b_birds_trainfile169_0_1,nips4b_birds_trainfile169,0.0,1.0,690,a2v,154368,201.0,0,alaarv_song,alaarv_song,True,/path/to/data,24000,24000,191,a2v_1s_vote,single,200,majority_vote
nips4b_birds_trainfile169_1_2,nips4b_birds_trainfile169,1.0,2.0,691,a2v,154368,201.0,0,alaarv_song,alaarv_song,True,/path/to/data,24000,24000,47,a2v_1s_vote,single,200,majority_vote
nips4b_birds_trainfile170_3_4,nips4b_birds_trainfile170,3.0,4.0,695,a2v,154368,201.0,0,phofem_song,phofem_song,True,/path/to/data,24000,24000,97,a2v_1s_vote,single,200,majority_vote
nips4b_birds_trainfile172_4_5,nips4b_birds_trainfile172,4.0,5.0,706,a2v,154368,201.0,0,turphi_call,turphi_call,True,/path/to/data,24000,24000,120,a2v_1s_vote,single,200,majority_vote
nips4b_birds_trainfile173_0_1,nips4b_birds_trainfile173,0.0,1.0,707,a2v,154368,201.0,0,jyntor_song,jyntor_song,True,/path/to/data,24000,24000,10,a2v_1s_vote,single,200,majority_vote
nips4b_birds_trainfile174_0_1,nips4b_birds_trainfile174,0.0,1.0,708,a2v,154368,201.0,0,sylmel_call,sylmel_call,True,/path/to/data,24000,24000,31,a2v_1s_vote,single,200,majority_vote
nips4b_birds_trainfile174_4_5,nips4b_birds_trainfile174,4.0,5.0,712,a2v,154368,201.0,0,sylmel_call,sylmel_call,True,/path/to/data,24000,24000,180,a2v_1s_vote,single,200,majority_vote
nips4b_birds_trainfile176_0_1,nips4b_birds_trainfile176,0.0,1.0,716,a2v,154368,201.0,0,turphi_song,turphi_song,True,/path/to/data,24000,24000,152,a2v_1s_vote,single,200,majority_vote
nips4b_birds_trainfile176_1_2,nips4b_birds_trainfile176,1.0,2.0,717,a2v,154368,201.0,0,turphi_song,turphi_song,True,/path/to/data,24000,24000,87,a2v_1s_vote,single,200,majority_vote
nips4b_birds_trainfile176_2_3,nips4b_birds_trainfile176,2.0,3.0,718,a2v,154368,201.0,0,turphi_song,turphi_song,True,/path/to/data,24000,24000,1,a2v_1s_vote,single,200,majority_vote
nips4b_birds_trainfile176_3_4,nips4b_birds_trainfile176,3.0,4.0,719,a2v,154368,201.0,0,turphi_song,turphi_song,True,/path/to/data,24000,24000,17,a2v_1s_vote,single,200,majority_vote
nips4b_birds_trainfile177_3_4,nips4b_birds_trainfile177,3.0,4.0,724,a2v,154368,201.0,0,serser_song,serser_song,True,/path/to/data,24000,24000,18,a2v_1s_vote,single,200,majority_vote
nips4b_birds_trainfile177_4_5,nips4b_birds_trainfile177,4.0,5.0,725,a2v,154368,201.0,0,embcir_call,embcir_call,True,/path/to/data,24000,24000,120,a2v_1s_vote,single,200,majority_vote
nips4b_birds_trainfile178_0_1,nips4b_birds_trainfile178,0.0,1.0,726,a2v,154368,201.0,0,pelgra_call,pelgra_call,True,/path/to/data,24000,24000,187,a2v_1s_vote,single,200,majority_vote
nips4b_birds_trainfile179_0_1,nips4b_birds_trainfile179,0.0,1.0,731,a2v,154368,201.0,0,carcan_call,carcan_call,True,/path/to/data,24000,24000,20,a2v_1s_vote,single,200,majority_vote
nips4b_birds_trainfile180_0_1,nips4b_birds_trainfile180,0.0,1.0,735,a2v,154368,201.0,0,lusmeg_call,lusmeg_call,True,/path/to/data,24000,24000,62,a2v_1s_vote,single,200,majority_vote
nips4b_birds_trainfile180_1_2,nips4b_birds_trainfile180,1.0,2.0,736,a2v,154368,201.0,0,lusmeg_call,lusmeg_call,True,/path/to/data,24000,24000,62,a2v_1s_vote,single,200,majority_vote
nips4b_birds_trainfile180_2_3,nips4b_birds_trainfile180,2.0,3.0,737,a2v,154368,201.0,0,lusmeg_call,lusmeg_call,True,/path/to/data,24000,24000,62,a2v_1s_vote,single,200,majority_vote
nips4b_birds_trainfile180_3_4,nips4b_birds_trainfile180,3.0,4.0,738,a2v,154368,201.0,0,lusmeg_call,lusmeg_call,True,/path/to/data,24000,24000,62,a2v_1s_vote,single,200,majority_vote
nips4b_birds_trainfile180_4_5,nips4b_birds_trainfile180,4.0,5.0,739,a2v,154368,201.0,0,parmaj_call,parmaj_call,True,/path/to/data,24000,24000,23,a2v_1s_vote,single,200,majority_vote
nips4b_birds_trainfile181_0_1,nips4b_birds_trainfile181,0.0,1.0,740,a2v,154368,201.0,0,motcin_call,motcin_call,True,/path/to/data,24000,24000,153,a2v_1s_vote,single,200,majority_vote
nips4b_birds_trainfile181_1_2,nips4b_birds_trainfile181,1.0,2.0,741,a2v,154368,201.0,0,cerbra_call,cerbra_call,True,/path/to/data,24000,24000,130,a2v_1s_vote,single,200,majority_vote
nips4b_birds_trainfile182_1_2,nips4b_birds_trainfile182,1.0,2.0,746,a2v,154368,201.0,0,plasab_song,plasab_song,True,/path/to/data,24000,24000,43,a2v_1s_vote,single,200,majority_vote
nips4b_birds_trainfile182_2_3,nips4b_birds_trainfile182,2.0,3.0,747,a2v,154368,201.0,0,plasab_song,plasab_song,True,/path/to/data,24000,24000,43,a2v_1s_vote,single,200,majority_vote
nips4b_birds_trainfile183_2_3,nips4b_birds_trainfile183,2.0,3.0,752,a2v,154368,201.0,0,phycol_song,phycol_song,True,/path/to/data,24000,24000,49,a2v_1s_vote,single,200,majority_vote
nips4b_birds_trainfile183_3_4,nips4b_birds_trainfile183,3.0,4.0,753,a2v,154368,201.0,0,poepal_song,poepal_song,True,/path/to/data,24000,24000,135,a2v_1s_vote,single,200,majority_vote
nips4b_birds_trainfile185_0_1,nips4b_birds_trainfile185,0.0,1.0,760,a2v,154368,201.0,0,carcan_call,carcan_call,True,/path/to/data,24000,24000,147,a2v_1s_vote,single,200,majority_vote
nips4b_birds_trainfile185_1_2,nips4b_birds_trainfile185,1.0,2.0,761,a2v,154368,201.0,0,carcan_call,carcan_call,True,/path/to/data,24000,24000,8,a2v_1s_vote,single,200,majority_vote
nips4b_birds_trainfile187_0_1,nips4b_birds_trainfile187,0.0,1.0,769,a2v,154368,201.0,0,sylund_call,sylund_call,True,/path/to/data,24000,24000,18,a2v_1s_vote,single,200,majority_vote
nips4b_birds_trainfile188_0_1,nips4b_birds_trainfile188,0.0,1.0,770,a2v,154368,201.0,0,cetcet_song,cetcet_song,True,/path/to/data,24000,24000,180,a2v_1s_vote,single,200,majority_vote
nips4b_birds_trainfile188_1_2,nips4b_birds_trainfile188,1.0,2.0,771,a2v,154368,201.0,0,cetcet_song,cetcet_song,True,/path/to/data,24000,24000,135,a2v_1s_vote,single,200,majority_vote
nips4b_birds_trainfile188_2_3,nips4b_birds_trainfile188,2.0,3.0,772,a2v,154368,201.0,0,cetcet_song,cetcet_song,True,/path/to/data,24000,24000,180,a2v_1s_vote,single,200,majority_vote
nips4b_birds_trainfile188_3_4,nips4b_birds_trainfile188,3.0,4.0,773,a2v,154368,201.0,0,cetcet_song,cetcet_song,True,/path/to/data,24000,24000,114,a2v_1s_vote,single,200,majority_vote
nips4b_birds_trainfile189_0_1,nips4b_birds_trainfile189,0.0,1.0,775,a2v,154368,201.0,0,parcae_call,parcae_call,True,/path/to/data,24000,24000,153,a2v_1s_vote,single,200,majority_vote
nips4b_birds_trainfile189_1_2,nips4b_birds_trainfile189,1.0,2.0,776,a2v,154368,201.0,0,motcin_call,motcin_call,True,/path/to/data,24000,24000,9,a2v_1s_vote,single,200,majority_vote
nips4b_birds_trainfile190_0_1,nips4b_birds_trainfile190,0.0,1.0,777,a2v,154368,201.0,0,turphi_song,turphi_song,True,/path/to/data,24000,24000,129,a2v_1s_vote,single,200,majority_vote
nips4b_birds_trainfile190_1_2,nips4b_birds_trainfile190,1.0,2.0,778,a2v,154368,201.0,0,turphi_song,turphi_song,True,/path/to/data,24000,24000,49,a2v_1s_vote,single,200,majority_vote
nips4b_birds_trainfile190_2_3,nips4b_birds_trainfile190,2.0,3.0,779,a2v,154368,201.0,0,turphi_song,turphi_song,True,/path/to/data,24000,24000,129,a2v_1s_vote,single,200,majority_vote
nips4b_birds_trainfile190_3_4,nips4b_birds_trainfile190,3.0,4.0,780,a2v,154368,201.0,0,turphi_song,turphi_song,True,/path/to/data,24000,24000,87,a2v_1s_vote,single,200,majority_vote
nips4b_birds_trainfile190_4_5,nips4b_birds_trainfile190,4.0,5.0,781,a2v,154368,201.0,0,turphi_song,turphi_song,True,/path/to/data,24000,24000,191,a2v_1s_vote,single,200,majority_vote
nips4b_birds_trainfile191_0_1,nips4b_birds_trainfile191,0.0,1.0,782,a2v,154368,201.0,0,sylmel_call,sylmel_call,True,/path/to/data,24000,24000,86,a2v_1s_vote,single,200,majority_vote
nips4b_birds_trainfile191_1_2,nips4b_birds_trainfile191,1.0,2.0,783,a2v,154368,201.0,0,sylmel_call,sylmel_call,True,/path/to/data,24000,24000,161,a2v_1s_vote,single,200,majority_vote
nips4b_birds_trainfile192_0_1,nips4b_birds_trainfile192,0.0,1.0,787,a2v,154368,201.0,0,parate_song,parate_song,True,/path/to/data,24000,24000,152,a2v_1s_vote,single,200,majority_vote
nips4b_birds_trainfile192_3_4,nips4b_birds_trainfile192,3.0,4.0,790,a2v,154368,201.0,0,poepal_song,poepal_song,True,/path/to/data,24000,24000,15,a2v_1s_vote,single,200,majority_vote
nips4b_birds_trainfile192_4_5,nips4b_birds_trainfile192,4.0,5.0,791,a2v,154368,201.0,0,parate_song,parate_song,True,/path/to/data,24000,24000,1,a2v_1s_vote,single,200,majority_vote
nips4b_birds_trainfile195_0_1,nips4b_birds_trainfile195,0.0,1.0,799,a2v,154368,201.0,0,alaarv_song,alaarv_song,True,/path/to/data,24000,24000,130,a2v_1s_vote,single,200,majority_vote
nips4b_birds_trainfile195_1_2,nips4b_birds_trainfile195,1.0,2.0,800,a2v,154368,201.0,0,alaarv_song,alaarv_song,True,/path/to/data,24000,24000,49,a2v_1s_vote,single,200,majority_vote
nips4b_birds_trainfile196_0_1,nips4b_birds_trainfile196,0.0,1.0,801,a2v,154368,201.0,0,lularb_song,lularb_song,True,/path/to/data,24000,24000,42,a2v_1s_vote,single,200,majority_vote
nips4b_birds_trainfile196_1_2,nips4b_birds_trainfile196,1.0,2.0,802,a2v,154368,201.0,0,lularb_song,lularb_song,True,/path/to/data,24000,24000,129,a2v_1s_vote,single,200,majority_vote
nips4b_birds_trainfile197_1_2,nips4b_birds_trainfile197,1.0,2.0,804,a2v,154368,201.0,0,carcar_call,carcar_call,True,/path/to/data,24000,24000,20,a2v_1s_vote,single,200,majority_vote
nips4b_birds_trainfile197_3_4,nips4b_birds_trainfile197,3.0,4.0,806,a2v,154368,201.0,0,carcar_call,carcar_call,True,/path/to/data,24000,24000,191,a2v_1s_vote,single,200,majority_vote
nips4b_birds_trainfile198_1_2,nips4b_birds_trainfile198,1.0,2.0,809,a2v,154368,201.0,0,alaarv_song,alaarv_song,True,/path/to/data,24000,24000,72,a2v_1s_vote,single,200,majority_vote
nips4b_birds_trainfile199_0_1,nips4b_birds_trainfile199,0.0,1.0,810,a2v,154368,201.0,0,tetpyg_song,tetpyg_song,True,/path/to/data,24000,24000,6,a2v_1s_vote,single,200,majority_vote
nips4b_birds_trainfile200_0_1,nips4b_birds_trainfile200,0.0,1.0,812,a2v,154368,201.0,0,sylmel_song,sylmel_song,True,/path/to/data,24000,24000,42,a2v_1s_vote,single,200,majority_vote
nips4b_birds_trainfile200_1_2,nips4b_birds_trainfile200,1.0,2.0,813,a2v,154368,201.0,0,sylmel_song,sylmel_song,True,/path/to/data,24000,24000,103,a2v_1s_vote,single,200,majority_vote
nips4b_birds_trainfile200_2_3,nips4b_birds_trainfile200,2.0,3.0,814,a2v,154368,201.0,0,sylmel_song,sylmel_song,True,/path/to/data,24000,24000,198,a2v_1s_vote,single,200,majority_vote
nips4b_birds_trainfile200_3_4,nips4b_birds_trainfile200,3.0,4.0,815,a2v,154368,201.0,0,sylmel_song,sylmel_song,True,/path/to/data,24000,24000,42,a2v_1s_vote,single,200,majority_vote
nips4b_birds_trainfile200_4_5,nips4b_birds_trainfile200,4.0,5.0,816,a2v,154368,201.0,0,sylmel_song,sylmel_song,True,/path/to/data,24000,24000,169,a2v_1s_vote,single,200,majority_vote
nips4b_birds_trainfile201_0_1,nips4b_birds_trainfile201,0.0,1.0,817,a2v,154368,201.0,0,lusmeg_song,lusmeg_song,True,/path/to/data,24000,24000,54,a2v_1s_vote,single,200,majority_vote
nips4b_birds_trainfile201_1_2,nips4b_birds_trainfile201,1.0,2.0,818,a2v,154368,201.0,0,lusmeg_song,lusmeg_song,True,/path/to/data,24000,24000,109,a2v_1s_vote,single,200,majority_vote
nips4b_birds_trainfile201_3_4,nips4b_birds_trainfile201,3.0,4.0,820,a2v,154368,201.0,0,cetcet_song,cetcet_song,True,/path/to/data,24000,24000,13,a2v_1s_vote,single,200,majority_vote
nips4b_birds_trainfile201_4_5,nips4b_birds_trainfile201,4.0,5.0,821,a2v,154368,201.0,0,cetcet_song,cetcet_song,True,/path/to/data,24000,24000,161,a2v_1s_vote,single,200,majority_vote
nips4b_birds_trainfile202_2_3,nips4b_birds_trainfile202,2.0,3.0,824,a2v,154368,201.0,0,sylund_song,sylund_song,True,/path/to/data,24000,24000,41,a2v_1s_vote,single,200,majority_vote
nips4b_birds_trainfile202_3_4,nips4b_birds_trainfile202,3.0,4.0,825,a2v,154368,201.0,0,sylund_song,sylund_song,True,/path/to/data,24000,24000,182,a2v_1s_vote,single,200,majority_vote
nips4b_birds_trainfile204_0_1,nips4b_birds_trainfile204,0.0,1.0,829,a2v,154368,201.0,0,galthe_call,galthe_call,True,/path/to/data,24000,24000,38,a2v_1s_vote,single,200,majority_vote
nips4b_birds_trainfile205_0_1,nips4b_birds_trainfile205,0.0,1.0,834,a2v,154368,201.0,0,carcan_song,carcan_song,True,/path/to/data,24000,24000,169,a2v_1s_vote,single,200,majority_vote
nips4b_birds_trainfile205_1_2,nips4b_birds_trainfile205,1.0,2.0,835,a2v,154368,201.0,0,carcan_song,carcan_song,True,/path/to/data,24000,24000,114,a2v_1s_vote,single,200,majority_vote
nips4b_birds_trainfile207_3_4,nips4b_birds_trainfile207,3.0,4.0,847,a2v,154368,201.0,0,lusmeg_song,lusmeg_song,True,/path/to/data,24000,24000,74,a2v_1s_vote,single,200,majority_vote
nips4b_birds_trainfile207_4_5,nips4b_birds_trainfile207,4.0,5.0,848,a2v,154368,201.0,0,lusmeg_song,lusmeg_song,True,/path/to/data,24000,24000,38,a2v_1s_vote,single,200,majority_vote
nips4b_birds_trainfile208_0_1,nips4b_birds_trainfile208,0.0,1.0,849,a2v,154368,201.0,0,sylcan_call,sylcan_call,True,/path/to/data,24000,24000,80,a2v_1s_vote,single,200,majority_vote
nips4b_birds_trainfile208_1_2,nips4b_birds_trainfile208,1.0,2.0,850,a2v,154368,201.0,0,sylcan_call,sylcan_call,True,/path/to/data,24000,24000,86,a2v_1s_vote,single,200,majority_vote
nips4b_birds_trainfile208_2_3,nips4b_birds_trainfile208,2.0,3.0,851,a2v,154368,201.0,0,sylcan_call,sylcan_call,True,/path/to/data,24000,24000,122,a2v_1s_vote,single,200,majority_vote
nips4b_birds_trainfile208_3_4,nips4b_birds_trainfile208,3.0,4.0,852,a2v,154368,201.0,0,sylcan_call,sylcan_call,True,/path/to/data,24000,24000,41,a2v_1s_vote,single,200,majority_vote
nips4b_birds_trainfile208_4_5,nips4b_birds_trainfile208,4.0,5.0,853,a2v,154368,201.0,0,sylcan_call,sylcan_call,True,/path/to/data,24000,24000,80,a2v_1s_vote,single,200,majority_vote
nips4b_birds_trainfile213_2_3,nips4b_birds_trainfile213,2.0,3.0,869,a2v,154368,201.0,0,lusmeg_call,lusmeg_call,True,/path/to/data,24000,24000,166,a2v_1s_vote,single,200,majority_vote
nips4b_birds_trainfile213_3_4,nips4b_birds_trainfile213,3.0,4.0,870,a2v,154368,201.0,0,lusmeg_call,lusmeg_call,True,/path/to/data,24000,24000,10,a2v_1s_vote,single,200,majority_vote
nips4b_birds_trainfile216_1_2,nips4b_birds_trainfile216,1.0,2.0,880,a2v,154368,201.0,0,carcan_call,carcan_call,True,/path/to/data,24000,24000,31,a2v_1s_vote,single,200,majority_vote
nips4b_birds_trainfile217_0_1,nips4b_birds_trainfile217,0.0,1.0,881,a2v,154368,201.0,0,carcar_song,carcar_song,True,/path/to/data,24000,24000,17,a2v_1s_vote,single,200,majority_vote
nips4b_birds_trainfile217_1_2,nips4b_birds_trainfile217,1.0,2.0,882,a2v,154368,201.0,0,carcar_song,carcar_song,True,/path/to/data,24000,24000,130,a2v_1s_vote,single,200,majority_vote
nips4b_birds_trainfile218_0_1,nips4b_birds_trainfile218,0.0,1.0,883,a2v,154368,201.0,0,pelgra_call,pelgra_call,True,/path/to/data,24000,24000,186,a2v_1s_vote,single,200,majority_vote
nips4b_birds_trainfile218_2_3,nips4b_birds_trainfile218,2.0,3.0,885,a2v,154368,201.0,0,ptehey_song,ptehey_song,True,/path/to/data,24000,24000,18,a2v_1s_vote,single,200,majority_vote
nips4b_birds_trainfile219_0_1,nips4b_birds_trainfile219,0.0,1.0,887,a2v,154368,201.0,0,lusmeg_song,lusmeg_song,True,/path/to/data,24000,24000,63,a2v_1s_vote,single,200,majority_vote
nips4b_birds_trainfile219_1_2,nips4b_birds_trainfile219,1.0,2.0,888,a2v,154368,201.0,0,lusmeg_song,lusmeg_song,True,/path/to/data,24000,24000,63,a2v_1s_vote,single,200,majority_vote
nips4b_birds_trainfile219_2_3,nips4b_birds_trainfile219,2.0,3.0,889,a2v,154368,201.0,0,lusmeg_song,lusmeg_song,True,/path/to/data,24000,24000,63,a2v_1s_vote,single,200,majority_vote
nips4b_birds_trainfile219_3_4,nips4b_birds_trainfile219,3.0,4.0,890,a2v,154368,201.0,0,lusmeg_song,lusmeg_song,True,/path/to/data,24000,24000,63,a2v_1s_vote,single,200,majority_vote
nips4b_birds_trainfile220_4_5,nips4b_birds_trainfile220,4.0,5.0,895,a2v,154368,201.0,0,petpet_call,petpet_call,True,/path/to/data,24000,24000,184,a2v_1s_vote,single,200,majority_vote
nips4b_birds_trainfile221_0_1,nips4b_birds_trainfile221,0.0,1.0,896,a2v,154368,201.0,0,parcae_song,parcae_song,True,/path/to/data,24000,24000,13,a2v_1s_vote,single,200,majority_vote
nips4b_birds_trainfile221_1_2,nips4b_birds_trainfile221,1.0,2.0,897,a2v,154368,201.0,0,parcae_song,parcae_song,True,/path/to/data,24000,24000,184,a2v_1s_vote,single,200,majority_vote
nips4b_birds_trainfile221_2_3,nips4b_birds_trainfile221,2.0,3.0,898,a2v,154368,201.0,0,parcae_song,parcae_song,True,/path/to/data,24000,24000,114,a2v_1s_vote,single,200,majority_vote
nips4b_birds_trainfile221_3_4,nips4b_birds_trainfile221,3.0,4.0,899,a2v,154368,201.0,0,parcae_song,parcae_song,True,/path/to/data,24000,24000,180,a2v_1s_vote,single,200,majority_vote
nips4b_birds_trainfile222_1_2,nips4b_birds_trainfile222,1.0,2.0,902,a2v,154368,201.0,0,petpet_call,petpet_call,True,/path/to/data,24000,24000,14,a2v_1s_vote,single,200,majority_vote
nips4b_birds_trainfile222_2_3,nips4b_birds_trainfile222,2.0,3.0,903,a2v,154368,201.0,0,petpet_call,petpet_call,True,/path/to/data,24000,24000,20,a2v_1s_vote,single,200,majority_vote
nips4b_birds_trainfile222_3_4,nips4b_birds_trainfile222,3.0,4.0,904,a2v,154368,201.0,0,petpet_call,petpet_call,True,/path/to/data,24000,24000,184,a2v_1s_vote,single,200,majority_vote
nips4b_birds_trainfile222_4_5,nips4b_birds_trainfile222,4.0,5.0,905,a2v,154368,201.0,0,petpet_call,petpet_call,True,/path/to/data,24000,24000,48,a2v_1s_vote,single,200,majority_vote
nips4b_birds_trainfile223_1_2,nips4b_birds_trainfile223,1.0,2.0,907,a2v,154368,201.0,0,ptehey_song,ptehey_song,True,/path/to/data,24000,24000,18,a2v_1s_vote,single,200,majority_vote
nips4b_birds_trainfile226_2_3,nips4b_birds_trainfile226,2.0,3.0,917,a2v,154368,201.0,0,parcae_call,parcae_call,True,/path/to/data,24000,24000,52,a2v_1s_vote,single,200,majority_vote
nips4b_birds_trainfile226_3_4,nips4b_birds_trainfile226,3.0,4.0,918,a2v,154368,201.0,0,parcae_call,parcae_call,True,/path/to/data,24000,24000,13,a2v_1s_vote,single,200,majority_vote
nips4b_birds_trainfile226_4_5,nips4b_birds_trainfile226,4.0,5.0,919,a2v,154368,201.0,0,parcae_call,parcae_call,True,/path/to/data,24000,24000,17,a2v_1s_vote,single,200,majority_vote
nips4b_birds_trainfile227_0_1,nips4b_birds_trainfile227,0.0,1.0,920,a2v,154368,201.0,0,oriori_call,oriori_call,True,/path/to/data,24000,24000,198,a2v_1s_vote,single,200,majority_vote
nips4b_birds_trainfile228_3_4,nips4b_birds_trainfile228,3.0,4.0,926,a2v,154368,201.0,0,sylund_song,sylund_song,True,/path/to/data,24000,24000,180,a2v_1s_vote,single,200,majority_vote
nips4b_birds_trainfile228_4_5,nips4b_birds_trainfile228,4.0,5.0,927,a2v,154368,201.0,0,sylund_song,sylund_song,True,/path/to/data,24000,24000,33,a2v_1s_vote,single,200,majority_vote
nips4b_birds_trainfile230_0_1,nips4b_birds_trainfile230,0.0,1.0,929,a2v,154368,201.0,0,parcae_song,parcae_song,True,/path/to/data,24000,24000,145,a2v_1s_vote,single,200,majority_vote
nips4b_birds_trainfile231_2_3,nips4b_birds_trainfile231,2.0,3.0,932,a2v,154368,201.0,0,oriori_call,oriori_call,True,/path/to/data,24000,24000,186,a2v_1s_vote,single,200,majority_vote
nips4b_birds_trainfile234_1_2,nips4b_birds_trainfile234,1.0,2.0,946,a2v,154368,201.0,0,cicatr_song,cicatr_song,True,/path/to/data,24000,24000,72,a2v_1s_vote,single,200,majority_vote
nips4b_birds_trainfile236_0_1,nips4b_birds_trainfile236,0.0,1.0,952,a2v,154368,201.0,0,strtur_song,strtur_song,True,/path/to/data,24000,24000,11,a2v_1s_vote,single,200,majority_vote
nips4b_birds_trainfile236_1_2,nips4b_birds_trainfile236,1.0,2.0,953,a2v,154368,201.0,0,strtur_song,strtur_song,True,/path/to/data,24000,24000,11,a2v_1s_vote,single,200,majority_vote
nips4b_birds_trainfile236_2_3,nips4b_birds_trainfile236,2.0,3.0,954,a2v,154368,201.0,0,strtur_song,strtur_song,True,/path/to/data,24000,24000,146,a2v_1s_vote,single,200,majority_vote
nips4b_birds_trainfile236_3_4,nips4b_birds_trainfile236,3.0,4.0,955,a2v,154368,201.0,0,strtur_song,strtur_song,True,/path/to/data,24000,24000,11,a2v_1s_vote,single,200,majority_vote
nips4b_birds_trainfile236_4_5,nips4b_birds_trainfile236,4.0,5.0,956,a2v,154368,201.0,0,strtur_song,strtur_song,True,/path/to/data,24000,24000,146,a2v_1s_vote,single,200,majority_vote
nips4b_birds_trainfile238_0_1,nips4b_birds_trainfile238,0.0,1.0,962,a2v,154368,201.0,0,galthe_song,galthe_song,True,/path/to/data,24000,24000,114,a2v_1s_vote,single,200,majority_vote
nips4b_birds_trainfile240_1_2,nips4b_birds_trainfile240,1.0,2.0,967,a2v,154368,201.0,0,parcae_call,parcae_call,True,/path/to/data,24000,24000,117,a2v_1s_vote,single,200,majority_vote
nips4b_birds_trainfile241_3_4,nips4b_birds_trainfile241,3.0,4.0,974,a2v,154368,201.0,0,lopcri_call,lopcri_call,True,/path/to/data,24000,24000,9,a2v_1s_vote,single,200,majority_vote
nips4b_birds_trainfile241_4_5,nips4b_birds_trainfile241,4.0,5.0,975,a2v,154368,201.0,0,lopcri_call,lopcri_call,True,/path/to/data,24000,24000,9,a2v_1s_vote,single,200,majority_vote
nips4b_birds_trainfile243_2_3,nips4b_birds_trainfile243,2.0,3.0,981,a2v,154368,201.0,0,parate_song,parate_song,True,/path/to/data,24000,24000,84,a2v_1s_vote,single,200,majority_vote
nips4b_birds_trainfile243_4_5,nips4b_birds_trainfile243,4.0,5.0,983,a2v,154368,201.0,0,cerbra_song,cerbra_song,True,/path/to/data,24000,24000,163,a2v_1s_vote,single,200,majority_vote
nips4b_birds_trainfile244_0_1,nips4b_birds_trainfile244,0.0,1.0,984,a2v,154368,201.0,0,trotro_song,trotro_song,True,/path/to/data,24000,24000,143,a2v_1s_vote,single,200,majority_vote
nips4b_birds_trainfile245_0_1,nips4b_birds_trainfile245,0.0,1.0,989,a2v,154368,201.0,0,serser_song,serser_song,True,/path/to/data,24000,24000,153,a2v_1s_vote,single,200,majority_vote
nips4b_birds_trainfile245_1_2,nips4b_birds_trainfile245,1.0,2.0,990,a2v,154368,201.0,0,serser_song,serser_song,True,/path/to/data,24000,24000,153,a2v_1s_vote,single,200,majority_vote
nips4b_birds_trainfile245_3_4,nips4b_birds_trainfile245,3.0,4.0,992,a2v,154368,201.0,0,galcri_song,galcri_song,True,/path/to/data,24000,24000,114,a2v_1s_vote,single,200,majority_vote
nips4b_birds_trainfile249_0_1,nips4b_birds_trainfile249,0.0,1.0,1001,a2v,154368,201.0,0,sylcan_song,sylcan_song,True,/path/to/data,24000,24000,1,a2v_1s_vote,single,200,majority_vote
nips4b_birds_trainfile249_3_4,nips4b_birds_trainfile249,3.0,4.0,1004,a2v,154368,201.0,0,petpet_song,petpet_song,True,/path/to/data,24000,24000,166,a2v_1s_vote,single,200,majority_vote
nips4b_birds_trainfile249_4_5,nips4b_birds_trainfile249,4.0,5.0,1005,a2v,154368,201.0,0,petpet_song,petpet_song,True,/path/to/data,24000,24000,90,a2v_1s_vote,single,200,majority_vote
nips4b_birds_trainfile250_0_1,nips4b_birds_trainfile250,0.0,1.0,1006,a2v,154368,201.0,0,denmaj_call,denmaj_call,True,/path/to/data,24000,24000,82,a2v_1s_vote,single,200,majority_vote
nips4b_birds_trainfile250_1_2,nips4b_birds_trainfile250,1.0,2.0,1007,a2v,154368,201.0,0,denmaj_call,denmaj_call,True,/path/to/data,24000,24000,122,a2v_1s_vote,single,200,majority_vote
nips4b_birds_trainfile250_4_5,nips4b_birds_trainfile250,4.0,5.0,1010,a2v,154368,201.0,0,erirub_song,erirub_song,True,/path/to/data,24000,24000,14,a2v_1s_vote,single,200,majority_vote
nips4b_birds_trainfile251_0_1,nips4b_birds_trainfile251,0.0,1.0,1011,a2v,154368,201.0,0,sylund_song,sylund_song,True,/path/to/data,24000,24000,180,a2v_1s_vote,single,200,majority_vote
nips4b_birds_trainfile252_3_4,nips4b_birds_trainfile252,3.0,4.0,1019,a2v,154368,201.0,0,carcar_call,carcar_call,True,/path/to/data,24000,24000,6,a2v_1s_vote,single,200,majority_vote
nips4b_birds_trainfile253_0_1,nips4b_birds_trainfile253,0.0,1.0,1021,a2v,154368,201.0,0,human,human,True,/path/to/data,24000,24000,18,a2v_1s_vote,single,200,majority_vote
nips4b_birds_trainfile253_1_2,nips4b_birds_trainfile253,1.0,2.0,1022,a2v,154368,201.0,0,human,human,True,/path/to/data,24000,24000,18,a2v_1s_vote,single,200,majority_vote
nips4b_birds_trainfile253_4_5,nips4b_birds_trainfile253,4.0,5.0,1025,a2v,154368,201.0,0,human,human,True,/path/to/data,24000,24000,18,a2v_1s_vote,single,200,majority_vote
nips4b_birds_trainfile254_1_2,nips4b_birds_trainfile254,1.0,2.0,1027,a2v,154368,201.0,0,lusmeg_song,lusmeg_song,True,/path/to/data,24000,24000,40,a2v_1s_vote,single,200,majority_vote
nips4b_birds_trainfile255_2_3,nips4b_birds_trainfile255,2.0,3.0,1032,a2v,154368,201.0,0,motcin_call,motcin_call,True,/path/to/data,24000,24000,153,a2v_1s_vote,single,200,majority_vote
nips4b_birds_trainfile256_0_1,nips4b_birds_trainfile256,0.0,1.0,1034,a2v,154368,201.0,0,stuvul_call,stuvul_call,True,/path/to/data,24000,24000,0,a2v_1s_vote,single,200,majority_vote
nips4b_birds_trainfile256_2_3,nips4b_birds_trainfile256,2.0,3.0,1036,a2v,154368,201.0,0,stuvul_call,stuvul_call,True,/path/to/data,24000,24000,0,a2v_1s_vote,single,200,majority_vote
nips4b_birds_trainfile256_3_4,nips4b_birds_trainfile256,3.0,4.0,1037,a2v,154368,201.0,0,stuvul_call,stuvul_call,True,/path/to/data,24000,24000,0,a2v_1s_vote,single,200,majority_vote
nips4b_birds_trainfile257_0_1,nips4b_birds_trainfile257,0.0,1.0,1039,a2v,154368,201.0,0,sylatr_call,sylatr_call,True,/path/to/data,24000,24000,97,a2v_1s_vote,single,200,majority_vote
nips4b_birds_trainfile257_1_2,nips4b_birds_trainfile257,1.0,2.0,1040,a2v,154368,201.0,0,sylatr_call,sylatr_call,True,/path/to/data,24000,24000,147,a2v_1s_vote,single,200,majority_vote
nips4b_birds_trainfile258_2_3,nips4b_birds_trainfile258,2.0,3.0,1043,a2v,154368,201.0,0,cicatr_song,cicatr_song,True,/path/to/data,24000,24000,72,a2v_1s_vote,single,200,majority_vote
nips4b_birds_trainfile258_3_4,nips4b_birds_trainfile258,3.0,4.0,1044,a2v,154368,201.0,0,cicatr_song,cicatr_song,True,/path/to/data,24000,24000,72,a2v_1s_vote,single,200,majority_vote
nips4b_birds_trainfile259_0_1,nips4b_birds_trainfile259,0.0,1.0,1045,a2v,154368,201.0,0,galthe_call,galthe_call,True,/path/to/data,24000,24000,120,a2v_1s_vote,single,200,majority_vote
nips4b_birds_trainfile261_0_1,nips4b_birds_trainfile261,0.0,1.0,1052,a2v,154368,201.0,0,turphi_song,turphi_song,True,/path/to/data,24000,24000,109,a2v_1s_vote,single,200,majority_vote
nips4b_birds_trainfile261_2_3,nips4b_birds_trainfile261,2.0,3.0,1054,a2v,154368,201.0,0,erirub_song,erirub_song,True,/path/to/data,24000,24000,64,a2v_1s_vote,single,200,majority_vote
nips4b_birds_trainfile261_3_4,nips4b_birds_trainfile261,3.0,4.0,1055,a2v,154368,201.0,0,erirub_song,erirub_song,True,/path/to/data,24000,24000,128,a2v_1s_vote,single,200,majority_vote
nips4b_birds_trainfile261_4_5,nips4b_birds_trainfile261,4.0,5.0,1056,a2v,154368,201.0,0,denmaj_call,denmaj_call,True,/path/to/data,24000,24000,31,a2v_1s_vote,single,200,majority_vote
nips4b_birds_trainfile262_0_1,nips4b_birds_trainfile262,0.0,1.0,1057,a2v,154368,201.0,0,loxcur_call,loxcur_call,True,/path/to/data,24000,24000,17,a2v_1s_vote,single,200,majority_vote
nips4b_birds_trainfile262_2_3,nips4b_birds_trainfile262,2.0,3.0,1059,a2v,154368,201.0,0,loxcur_call,loxcur_call,True,/path/to/data,24000,24000,184,a2v_1s_vote,single,200,majority_vote
nips4b_birds_trainfile262_4_5,nips4b_birds_trainfile262,4.0,5.0,1061,a2v,154368,201.0,0,loxcur_call,loxcur_call,True,/path/to/data,24000,24000,180,a2v_1s_vote,single,200,majority_vote
nips4b_birds_trainfile263_0_1,nips4b_birds_trainfile263,0.0,1.0,1062,a2v,154368,201.0,0,lusmeg_call,lusmeg_call,True,/path/to/data,24000,24000,166,a2v_1s_vote,single,200,majority_vote
nips4b_birds_trainfile263_1_2,nips4b_birds_trainfile263,1.0,2.0,1063,a2v,154368,201.0,0,lusmeg_call,lusmeg_call,True,/path/to/data,24000,24000,1,a2v_1s_vote,single,200,majority_vote
nips4b_birds_trainfile263_2_3,nips4b_birds_trainfile263,2.0,3.0,1064,a2v,154368,201.0,0,lusmeg_call,lusmeg_call,True,/path/to/data,24000,24000,68,a2v_1s_vote,single,200,majority_vote
nips4b_birds_trainfile263_3_4,nips4b_birds_trainfile263,3.0,4.0,1065,a2v,154368,201.0,0,lusmeg_call,lusmeg_call,True,/path/to/data,24000,24000,10,a2v_1s_vote,single,200,majority_vote
nips4b_birds_trainfile264_1_2,nips4b_birds_trainfile264,1.0,2.0,1068,a2v,154368,201.0,0,turphi_call,turphi_call,True,/path/to/data,24000,24000,10,a2v_1s_vote,single,200,majority_vote
nips4b_birds_trainfile265_2_3,nips4b_birds_trainfile265,2.0,3.0,1074,a2v,154368,201.0,0,parcae_call,parcae_call,True,/path/to/data,24000,24000,17,a2v_1s_vote,single,200,majority_vote
nips4b_birds_trainfile265_4_5,nips4b_birds_trainfile265,4.0,5.0,1076,a2v,154368,201.0,0,turmer_call,turmer_call,True,/path/to/data,24000,24000,72,a2v_1s_vote,single,200,majority_vote
nips4b_birds_trainfile266_0_1,nips4b_birds_trainfile266,0.0,1.0,1077,a2v,154368,201.0,0,denmaj_call,denmaj_call,True,/path/to/data,24000,24000,122,a2v_1s_vote,single,200,majority_vote
nips4b_birds_trainfile266_1_2,nips4b_birds_trainfile266,1.0,2.0,1078,a2v,154368,201.0,0,denmaj_call,denmaj_call,True,/path/to/data,24000,24000,31,a2v_1s_vote,single,200,majority_vote
nips4b_birds_trainfile266_3_4,nips4b_birds_trainfile266,3.0,4.0,1080,a2v,154368,201.0,0,erirub_song,erirub_song,True,/path/to/data,24000,24000,161,a2v_1s_vote,single,200,majority_vote
nips4b_birds_trainfile266_4_5,nips4b_birds_trainfile266,4.0,5.0,1081,a2v,154368,201.0,0,erirub_song,erirub_song,True,/path/to/data,24000,24000,22,a2v_1s_vote,single,200,majority_vote
nips4b_birds_trainfile267_1_2,nips4b_birds_trainfile267,1.0,2.0,1083,a2v,154368,201.0,0,ptehey_song,ptehey_song,True,/path/to/data,24000,24000,18,a2v_1s_vote,single,200,majority_vote
nips4b_birds_trainfile270_1_2,nips4b_birds_trainfile270,1.0,2.0,1089,a2v,154368,201.0,0,pasdom_call,pasdom_call,True,/path/to/data,24000,24000,42,a2v_1s_vote,single,200,majority_vote
nips4b_birds_trainfile270_2_3,nips4b_birds_trainfile270,2.0,3.0,1090,a2v,154368,201.0,0,pasdom_call,pasdom_call,True,/path/to/data,24000,24000,42,a2v_1s_vote,single,200,majority_vote
nips4b_birds_trainfile272_0_1,nips4b_birds_trainfile272,0.0,1.0,1098,a2v,154368,201.0,0,tetpyg_song,tetpyg_song,True,/path/to/data,24000,24000,186,a2v_1s_vote,single,200,majority_vote
nips4b_birds_trainfile273_1_2,nips4b_birds_trainfile273,1.0,2.0,1104,a2v,154368,201.0,0,galcri_song,galcri_song,True,/path/to/data,24000,24000,134,a2v_1s_vote,single,200,majority_vote
nips4b_birds_trainfile275_0_1,nips4b_birds_trainfile275,0.0,1.0,1111,a2v,154368,201.0,0,parcae_call,parcae_call,True,/path/to/data,24000,24000,108,a2v_1s_vote,single,200,majority_vote
nips4b_birds_trainfile276_0_1,nips4b_birds_trainfile276,0.0,1.0,1112,a2v,154368,201.0,0,aegcau_call,aegcau_call,True,/path/to/data,24000,24000,183,a2v_1s_vote,single,200,majority_vote
nips4b_birds_trainfile276_1_2,nips4b_birds_trainfile276,1.0,2.0,1113,a2v,154368,201.0,0,aegcau_call,aegcau_call,True,/path/to/data,24000,24000,120,a2v_1s_vote,single,200,majority_vote
nips4b_birds_trainfile276_2_3,nips4b_birds_trainfile276,2.0,3.0,1114,a2v,154368,201.0,0,aegcau_call,aegcau_call,True,/path/to/data,24000,24000,183,a2v_1s_vote,single,200,majority_vote
nips4b_birds_trainfile276_3_4,nips4b_birds_trainfile276,3.0,4.0,1115,a2v,154368,201.0,0,aegcau_call,aegcau_call,True,/path/to/data,24000,24000,120,a2v_1s_vote,single,200,majority_vote
nips4b_birds_trainfile277_0_1,nips4b_birds_trainfile277,0.0,1.0,1117,a2v,154368,201.0,0,lularb_song,lularb_song,True,/path/to/data,24000,24000,1,a2v_1s_vote,single,200,majority_vote
nips4b_birds_trainfile277_1_2,nips4b_birds_trainfile277,1.0,2.0,1118,a2v,154368,201.0,0,lularb_song,lularb_song,True,/path/to/data,24000,24000,134,a2v_1s_vote,single,200,majority_vote
nips4b_birds_trainfile278_0_1,nips4b_birds_trainfile278,0.0,1.0,1120,a2v,154368,201.0,0,lusmeg_song,lusmeg_song,True,/path/to/data,24000,24000,103,a2v_1s_vote,single,200,majority_vote
nips4b_birds_trainfile278_1_2,nips4b_birds_trainfile278,1.0,2.0,1121,a2v,154368,201.0,0,parcae_call,parcae_call,True,/path/to/data,24000,24000,9,a2v_1s_vote,single,200,majority_vote
nips4b_birds_trainfile279_3_4,nips4b_birds_trainfile279,3.0,4.0,1125,a2v,154368,201.0,0,plasab_song,plasab_song,True,/path/to/data,24000,24000,43,a2v_1s_vote,single,200,majority_vote
nips4b_birds_trainfile281_2_3,nips4b_birds_trainfile281,2.0,3.0,1134,a2v,154368,201.0,0,cetcet_song,cetcet_song,True,/path/to/data,24000,24000,40,a2v_1s_vote,single,200,majority_vote
nips4b_birds_trainfile281_3_4,nips4b_birds_trainfile281,3.0,4.0,1135,a2v,154368,201.0,0,serser_song,serser_song,True,/path/to/data,24000,24000,9,a2v_1s_vote,single,200,majority_vote
nips4b_birds_trainfile281_4_5,nips4b_birds_trainfile281,4.0,5.0,1136,a2v,154368,201.0,0,serser_song,serser_song,True,/path/to/data,24000,24000,191,a2v_1s_vote,single,200,majority_vote
nips4b_birds_trainfile282_0_1,nips4b_birds_trainfile282,0.0,1.0,1137,a2v,154368,201.0,0,oriori_song,oriori_song,True,/path/to/data,24000,24000,108,a2v_1s_vote,single,200,majority_vote
nips4b_birds_trainfile282_1_2,nips4b_birds_trainfile282,1.0,2.0,1138,a2v,154368,201.0,0,turmer_call,turmer_call,True,/path/to/data,24000,24000,120,a2v_1s_vote,single,200,majority_vote
nips4b_birds_trainfile284_0_1,nips4b_birds_trainfile284,0.0,1.0,1144,a2v,154368,201.0,0,galthe_call,galthe_call,True,/path/to/data,24000,24000,20,a2v_1s_vote,single,200,majority_vote
nips4b_birds_trainfile284_2_3,nips4b_birds_trainfile284,2.0,3.0,1146,a2v,154368,201.0,0,galthe_song,galthe_song,True,/path/to/data,24000,24000,18,a2v_1s_vote,single,200,majority_vote
nips4b_birds_trainfile284_3_4,nips4b_birds_trainfile284,3.0,4.0,1147,a2v,154368,201.0,0,galthe_song,galthe_song,True,/path/to/data,24000,24000,20,a2v_1s_vote,single,200,majority_vote
nips4b_birds_trainfile285_0_1,nips4b_birds_trainfile285,0.0,1.0,1149,a2v,154368,201.0,0,turmer_call,turmer_call,True,/path/to/data,24000,24000,153,a2v_1s_vote,single,200,majority_vote
nips4b_birds_trainfile285_1_2,nips4b_birds_trainfile285,1.0,2.0,1150,a2v,154368,201.0,0,ptehey_song,ptehey_song,True,/path/to/data,24000,24000,72,a2v_1s_vote,single,200,majority_vote
nips4b_birds_trainfile286_0_1,nips4b_birds_trainfile286,0.0,1.0,1151,a2v,154368,201.0,0,erirub_song,erirub_song,True,/path/to/data,24000,24000,109,a2v_1s_vote,single,200,majority_vote
nips4b_birds_trainfile286_2_3,nips4b_birds_trainfile286,2.0,3.0,1153,a2v,154368,201.0,0,lopcri_call,lopcri_call,True,/path/to/data,24000,24000,13,a2v_1s_vote,single,200,majority_vote
nips4b_birds_trainfile286_4_5,nips4b_birds_trainfile286,4.0,5.0,1155,a2v,154368,201.0,0,erirub_song,erirub_song,True,/path/to/data,24000,24000,109,a2v_1s_vote,single,200,majority_vote
nips4b_birds_trainfile287_1_2,nips4b_birds_trainfile287,1.0,2.0,1157,a2v,154368,201.0,0,petpet_call,petpet_call,True,/path/to/data,24000,24000,90,a2v_1s_vote,single,200,majority_vote
nips4b_birds_trainfile287_2_3,nips4b_birds_trainfile287,2.0,3.0,1158,a2v,154368,201.0,0,petpet_call,petpet_call,True,/path/to/data,24000,24000,180,a2v_1s_vote,single,200,majority_vote
nips4b_birds_trainfile287_4_5,nips4b_birds_trainfile287,4.0,5.0,1160,a2v,154368,201.0,0,sylcan_song,sylcan_song,True,/path/to/data,24000,24000,41,a2v_1s_vote,single,200,majority_vote
nips4b_birds_trainfile288_0_1,nips4b_birds_trainfile288,0.0,1.0,1161,a2v,154368,201.0,0,petpet_song,petpet_song,True,/path/to/data,24000,24000,90,a2v_1s_vote,single,200,majority_vote
nips4b_birds_trainfile291_0_1,nips4b_birds_trainfile291,0.0,1.0,1168,a2v,154368,201.0,0,denmaj_call,denmaj_call,True,/path/to/data,24000,24000,122,a2v_1s_vote,single,200,majority_vote
nips4b_birds_trainfile291_3_4,nips4b_birds_trainfile291,3.0,4.0,1171,a2v,154368,201.0,0,erirub_song,erirub_song,True,/path/to/data,24000,24000,109,a2v_1s_vote,single,200,majority_vote
nips4b_birds_trainfile292_0_1,nips4b_birds_trainfile292,0.0,1.0,1173,a2v,154368,201.0,0,sylmel_song,sylmel_song,True,/path/to/data,24000,24000,72,a2v_1s_vote,single,200,majority_vote
nips4b_birds_trainfile292_1_2,nips4b_birds_trainfile292,1.0,2.0,1174,a2v,154368,201.0,0,sylmel_song,sylmel_song,True,/path/to/data,24000,24000,72,a2v_1s_vote,single,200,majority_vote
nips4b_birds_trainfile292_2_3,nips4b_birds_trainfile292,2.0,3.0,1175,a2v,154368,201.0,0,sylmel_song,sylmel_song,True,/path/to/data,24000,24000,134,a2v_1s_vote,single,200,majority_vote
nips4b_birds_trainfile293_0_1,nips4b_birds_trainfile293,0.0,1.0,1178,a2v,154368,201.0,0,pelgra_call,pelgra_call,True,/path/to/data,24000,24000,186,a2v_1s_vote,single,200,majority_vote
nips4b_birds_trainfile293_1_2,nips4b_birds_trainfile293,1.0,2.0,1179,a2v,154368,201.0,0,pelgra_call,pelgra_call,True,/path/to/data,24000,24000,186,a2v_1s_vote,single,200,majority_vote
nips4b_birds_trainfile293_4_5,nips4b_birds_trainfile293,4.0,5.0,1182,a2v,154368,201.0,0,pelgra_call,pelgra_call,True,/path/to/data,24000,24000,74,a2v_1s_vote,single,200,majority_vote
nips4b_birds_trainfile295_0_1,nips4b_birds_trainfile295,0.0,1.0,1186,a2v,154368,201.0,0,plaaff_song,plaaff_song,True,/path/to/data,24000,24000,8,a2v_1s_vote,single,200,majority_vote
nips4b_birds_trainfile295_1_2,nips4b_birds_trainfile295,1.0,2.0,1187,a2v,154368,201.0,0,plaaff_song,plaaff_song,True,/path/to/data,24000,24000,8,a2v_1s_vote,single,200,majority_vote
nips4b_birds_trainfile295_2_3,nips4b_birds_trainfile295,2.0,3.0,1188,a2v,154368,201.0,0,plaaff_song,plaaff_song,True,/path/to/data,24000,24000,96,a2v_1s_vote,single,200,majority_vote
nips4b_birds_trainfile295_3_4,nips4b_birds_trainfile295,3.0,4.0,1189,a2v,154368,201.0,0,plaaff_song,plaaff_song,True,/path/to/data,24000,24000,96,a2v_1s_vote,single,200,majority_vote
nips4b_birds_trainfile295_4_5,nips4b_birds_trainfile295,4.0,5.0,1190,a2v,154368,201.0,0,plaaff_song,plaaff_song,True,/path/to/data,24000,24000,43,a2v_1s_vote,single,200,majority_vote
nips4b_birds_trainfile296_1_2,nips4b_birds_trainfile296,1.0,2.0,1192,a2v,154368,201.0,0,sylund_call,sylund_call,True,/path/to/data,24000,24000,68,a2v_1s_vote,single,200,majority_vote
nips4b_birds_trainfile296_3_4,nips4b_birds_trainfile296,3.0,4.0,1194,a2v,154368,201.0,0,sylund_call,sylund_call,True,/path/to/data,24000,24000,1,a2v_1s_vote,single,200,majority_vote
nips4b_birds_trainfile297_0_1,nips4b_birds_trainfile297,0.0,1.0,1196,a2v,154368,201.0,0,parate_call,parate_call,True,/path/to/data,24000,24000,152,a2v_1s_vote,single,200,majority_vote
nips4b_birds_trainfile297_2_3,nips4b_birds_trainfile297,2.0,3.0,1198,a2v,154368,201.0,0,parate_call,parate_call,True,/path/to/data,24000,24000,37,a2v_1s_vote,single,200,majority_vote
nips4b_birds_trainfile298_0_1,nips4b_birds_trainfile298,0.0,1.0,1201,a2v,154368,201.0,0,plaaff_song,plaaff_song,True,/path/to/data,24000,24000,43,a2v_1s_vote,single,200,majority_vote
nips4b_birds_trainfile298_1_2,nips4b_birds_trainfile298,1.0,2.0,1202,a2v,154368,201.0,0,plaaff_song,plaaff_song,True,/path/to/data,24000,24000,43,a2v_1s_vote,single,200,majority_vote
nips4b_birds_trainfile298_2_3,nips4b_birds_trainfile298,2.0,3.0,1203,a2v,154368,201.0,0,plaaff_song,plaaff_song,True,/path/to/data,24000,24000,43,a2v_1s_vote,single,200,majority_vote
nips4b_birds_trainfile298_3_4,nips4b_birds_trainfile298,3.0,4.0,1204,a2v,154368,201.0,0,plaaff_song,plaaff_song,True,/path/to/data,24000,24000,43,a2v_1s_vote,single,200,majority_vote
nips4b_birds_trainfile298_4_5,nips4b_birds_trainfile298,4.0,5.0,1205,a2v,154368,201.0,0,plaaff_song,plaaff_song,True,/path/to/data,24000,24000,43,a2v_1s_vote,single,200,majority_vote
nips4b_birds_trainfile299_0_1,nips4b_birds_trainfile299,0.0,1.0,1206,a2v,154368,201.0,0,carcan_song,carcan_song,True,/path/to/data,24000,24000,114,a2v_1s_vote,single,200,majority_vote
nips4b_birds_trainfile299_1_2,nips4b_birds_trainfile299,1.0,2.0,1207,a2v,154368,201.0,0,carcan_song,carcan_song,True,/path/to/data,24000,24000,130,a2v_1s_vote,single,200,majority_vote
nips4b_birds_trainfile300_0_1,nips4b_birds_trainfile300,0.0,1.0,1211,a2v,154368,201.0,0,loxcur_call,loxcur_call,True,/path/to/data,24000,24000,184,a2v_1s_vote,single,200,majority_vote
nips4b_birds_trainfile300_1_2,nips4b_birds_trainfile300,1.0,2.0,1212,a2v,154368,201.0,0,loxcur_call,loxcur_call,True,/path/to/data,24000,24000,20,a2v_1s_vote,single,200,majority_vote
nips4b_birds_trainfile300_2_3,nips4b_birds_trainfile300,2.0,3.0,1213,a2v,154368,201.0,0,loxcur_call,loxcur_call,True,/path/to/data,24000,24000,114,a2v_1s_vote,single,200,majority_vote
nips4b_birds_trainfile300_4_5,nips4b_birds_trainfile300,4.0,5.0,1215,a2v,154368,201.0,0,alaarv_song,alaarv_song,True,/path/to/data,24000,24000,130,a2v_1s_vote,single,200,majority_vote
nips4b_birds_trainfile301_4_5,nips4b_birds_trainfile301,4.0,5.0,1220,a2v,154368,201.0,0,parate_song,parate_song,True,/path/to/data,24000,24000,191,a2v_1s_vote,single,200,majority_vote
nips4b_birds_trainfile302_3_4,nips4b_birds_trainfile302,3.0,4.0,1224,a2v,154368,201.0,0,pasdom_call,pasdom_call,True,/path/to/data,24000,24000,90,a2v_1s_vote,single,200,majority_vote
nips4b_birds_trainfile304_0_1,nips4b_birds_trainfile304,0.0,1.0,1228,a2v,154368,201.0,0,alaarv_song,alaarv_song,True,/path/to/data,24000,24000,129,a2v_1s_vote,single,200,majority_vote
nips4b_birds_trainfile307_4_5,nips4b_birds_trainfile307,4.0,5.0,1243,a2v,154368,201.0,0,turmer_song,turmer_song,True,/path/to/data,24000,24000,186,a2v_1s_vote,single,200,majority_vote
nips4b_birds_trainfile308_0_1,nips4b_birds_trainfile308,0.0,1.0,1244,a2v,154368,201.0,0,plasab_song,plasab_song,True,/path/to/data,24000,24000,43,a2v_1s_vote,single,200,majority_vote
nips4b_birds_trainfile308_1_2,nips4b_birds_trainfile308,1.0,2.0,1245,a2v,154368,201.0,0,plasab_song,plasab_song,True,/path/to/data,24000,24000,43,a2v_1s_vote,single,200,majority_vote
nips4b_birds_trainfile308_2_3,nips4b_birds_trainfile308,2.0,3.0,1246,a2v,154368,201.0,0,plasab_song,plasab_song,True,/path/to/data,24000,24000,8,a2v_1s_vote,single,200,majority_vote
nips4b_birds_trainfile308_3_4,nips4b_birds_trainfile308,3.0,4.0,1247,a2v,154368,201.0,0,plasab_song,plasab_song,True,/path/to/data,24000,24000,8,a2v_1s_vote,single,200,majority_vote
nips4b_birds_trainfile308_4_5,nips4b_birds_trainfile308,4.0,5.0,1248,a2v,154368,201.0,0,plasab_song,plasab_song,True,/path/to/data,24000,24000,8,a2v_1s_vote,single,200,majority_vote
nips4b_birds_trainfile309_0_1,nips4b_birds_trainfile309,0.0,1.0,1249,a2v,154368,201.0,0,oriori_call,oriori_call,True,/path/to/data,24000,24000,198,a2v_1s_vote,single,200,majority_vote
nips4b_birds_trainfile312_0_1,nips4b_birds_trainfile312,0.0,1.0,1259,a2v,154368,201.0,0,alaarv_song,alaarv_song,True,/path/to/data,24000,24000,169,a2v_1s_vote,single,200,majority_vote
nips4b_birds_trainfile312_1_2,nips4b_birds_trainfile312,1.0,2.0,1260,a2v,154368,201.0,0,alaarv_song,alaarv_song,True,/path/to/data,24000,24000,169,a2v_1s_vote,single,200,majority_vote
nips4b_birds_trainfile312_2_3,nips4b_birds_trainfile312,2.0,3.0,1261,a2v,154368,201.0,0,alaarv_song,alaarv_song,True,/path/to/data,24000,24000,74,a2v_1s_vote,single,200,majority_vote
nips4b_birds_trainfile312_3_4,nips4b_birds_trainfile312,3.0,4.0,1262,a2v,154368,201.0,0,alaarv_song,alaarv_song,True,/path/to/data,24000,24000,74,a2v_1s_vote,single,200,majority_vote
nips4b_birds_trainfile312_4_5,nips4b_birds_trainfile312,4.0,5.0,1263,a2v,154368,201.0,0,alaarv_song,alaarv_song,True,/path/to/data,24000,24000,32,a2v_1s_vote,single,200,majority_vote
nips4b_birds_trainfile313_0_1,nips4b_birds_trainfile313,0.0,1.0,1264,a2v,154368,201.0,0,oriori_song,oriori_song,True,/path/to/data,24000,24000,186,a2v_1s_vote,single,200,majority_vote
nips4b_birds_trainfile313_1_2,nips4b_birds_trainfile313,1.0,2.0,1265,a2v,154368,201.0,0,carcar_song,carcar_song,True,/path/to/data,24000,24000,20,a2v_1s_vote,single,200,majority_vote
nips4b_birds_trainfile314_0_1,nips4b_birds_trainfile314,0.0,1.0,1266,a2v,154368,201.0,0,musstr_call,musstr_call,True,/path/to/data,24000,24000,6,a2v_1s_vote,single,200,majority_vote
nips4b_birds_trainfile314_1_2,nips4b_birds_trainfile314,1.0,2.0,1267,a2v,154368,201.0,0,musstr_call,musstr_call,True,/path/to/data,24000,24000,9,a2v_1s_vote,single,200,majority_vote
nips4b_birds_trainfile314_4_5,nips4b_birds_trainfile314,4.0,5.0,1270,a2v,154368,201.0,0,musstr_call,musstr_call,True,/path/to/data,24000,24000,18,a2v_1s_vote,single,200,majority_vote
nips4b_birds_trainfile316_1_2,nips4b_birds_trainfile316,1.0,2.0,1275,a2v,154368,201.0,0,turmer_call,turmer_call,True,/path/to/data,24000,24000,77,a2v_1s_vote,single,200,majority_vote
nips4b_birds_trainfile316_4_5,nips4b_birds_trainfile316,4.0,5.0,1278,a2v,154368,201.0,0,turmer_call,turmer_call,True,/path/to/data,24000,24000,138,a2v_1s_vote,single,200,majority_vote
nips4b_birds_trainfile317_0_1,nips4b_birds_trainfile317,0.0,1.0,1279,a2v,154368,201.0,0,phycol_song,phycol_song,True,/path/to/data,24000,24000,107,a2v_1s_vote,single,200,majority_vote
nips4b_birds_trainfile317_4_5,nips4b_birds_trainfile317,4.0,5.0,1283,a2v,154368,201.0,0,regign_song,regign_song,True,/path/to/data,24000,24000,6,a2v_1s_vote,single,200,majority_vote
nips4b_birds_trainfile318_0_1,nips4b_birds_trainfile318,0.0,1.0,1284,a2v,154368,201.0,0,cetcet_song,cetcet_song,True,/path/to/data,24000,24000,113,a2v_1s_vote,single,200,majority_vote
nips4b_birds_trainfile318_1_2,nips4b_birds_trainfile318,1.0,2.0,1285,a2v,154368,201.0,0,cetcet_song,cetcet_song,True,/path/to/data,24000,24000,15,a2v_1s_vote,single,200,majority_vote
nips4b_birds_trainfile318_2_3,nips4b_birds_trainfile318,2.0,3.0,1286,a2v,154368,201.0,0,cetcet_song,cetcet_song,True,/path/to/data,24000,24000,40,a2v_1s_vote,single,200,majority_vote
nips4b_birds_trainfile318_3_4,nips4b_birds_trainfile318,3.0,4.0,1287,a2v,154368,201.0,0,oriori_song,oriori_song,True,/path/to/data,24000,24000,51,a2v_1s_vote,single,200,majority_vote
nips4b_birds_trainfile318_4_5,nips4b_birds_trainfile318,4.0,5.0,1288,a2v,154368,201.0,0,oriori_song,oriori_song,True,/path/to/data,24000,24000,108,a2v_1s_vote,single,200,majority_vote
nips4b_birds_trainfile319_0_1,nips4b_birds_trainfile319,0.0,1.0,1289,a2v,154368,201.0,0,denmaj_call,denmaj_call,True,/path/to/data,24000,24000,109,a2v_1s_vote,single,200,majority_vote
nips4b_birds_trainfile319_2_3,nips4b_birds_trainfile319,2.0,3.0,1291,a2v,154368,201.0,0,parate_song,parate_song,True,/path/to/data,24000,24000,135,a2v_1s_vote,single,200,majority_vote
nips4b_birds_trainfile320_0_1,nips4b_birds_trainfile320,0.0,1.0,1294,a2v,154368,201.0,0,sylmel_call,sylmel_call,True,/path/to/data,24000,24000,42,a2v_1s_vote,single,200,majority_vote
nips4b_birds_trainfile320_1_2,nips4b_birds_trainfile320,1.0,2.0,1295,a2v,154368,201.0,0,sylmel_call,sylmel_call,True,/path/to/data,24000,24000,191,a2v_1s_vote,single,200,majority_vote
nips4b_birds_trainfile320_2_3,nips4b_birds_trainfile320,2.0,3.0,1296,a2v,154368,201.0,0,sylmel_call,sylmel_call,True,/path/to/data,24000,24000,134,a2v_1s_vote,single,200,majority_vote
nips4b_birds_trainfile321_0_1,nips4b_birds_trainfile321,0.0,1.0,1297,a2v,154368,201.0,0,regign_song,regign_song,True,/path/to/data,24000,24000,142,a2v_1s_vote,single,200,majority_vote
nips4b_birds_trainfile321_3_4,nips4b_birds_trainfile321,3.0,4.0,1300,a2v,154368,201.0,0,butbut_call,butbut_call,True,/path/to/data,24000,24000,186,a2v_1s_vote,single,200,majority_vote
nips4b_birds_trainfile323_0_1,nips4b_birds_trainfile323,0.0,1.0,1305,a2v,154368,201.0,0,parmaj_song,parmaj_song,True,/path/to/data,24000,24000,1,a2v_1s_vote,single,200,majority_vote
nips4b_birds_trainfile323_1_2,nips4b_birds_trainfile323,1.0,2.0,1306,a2v,154368,201.0,0,denmaj_drum,denmaj_drum,True,/path/to/data,24000,24000,134,a2v_1s_vote,single,200,majority_vote
nips4b_birds_trainfile323_2_3,nips4b_birds_trainfile323,2.0,3.0,1307,a2v,154368,201.0,0,denmaj_drum,denmaj_drum,True,/path/to/data,24000,24000,72,a2v_1s_vote,single,200,majority_vote
nips4b_birds_trainfile323_3_4,nips4b_birds_trainfile323,3.0,4.0,1308,a2v,154368,201.0,0,parmaj_song,parmaj_song,True,/path/to/data,24000,24000,47,a2v_1s_vote,single,200,majority_vote
nips4b_birds_trainfile324_1_2,nips4b_birds_trainfile324,1.0,2.0,1311,a2v,154368,201.0,0,carcar_call,carcar_call,True,/path/to/data,24000,24000,13,a2v_1s_vote,single,200,majority_vote
nips4b_birds_trainfile325_0_1,nips4b_birds_trainfile325,0.0,1.0,1312,a2v,154368,201.0,0,corcor_call,corcor_call,True,/path/to/data,24000,24000,72,a2v_1s_vote,single,200,majority_vote
nips4b_birds_trainfile325_2_3,nips4b_birds_trainfile325,2.0,3.0,1314,a2v,154368,201.0,0,corcor_call,corcor_call,True,/path/to/data,24000,24000,9,a2v_1s_vote,single,200,majority_vote
nips4b_birds_trainfile328_0_1,nips4b_birds_trainfile328,0.0,1.0,1327,a2v,154368,201.0,0,galthe_song,galthe_song,True,/path/to/data,24000,24000,114,a2v_1s_vote,single,200,majority_vote
nips4b_birds_trainfile329_0_1,nips4b_birds_trainfile329,0.0,1.0,1329,a2v,154368,201.0,0,sylund_call,sylund_call,True,/path/to/data,24000,24000,114,a2v_1s_vote,single,200,majority_vote
nips4b_birds_trainfile331_0_1,nips4b_birds_trainfile331,0.0,1.0,1336,a2v,154368,201.0,0,regign_call,regign_call,True,/path/to/data,24000,24000,117,a2v_1s_vote,single,200,majority_vote
nips4b_birds_trainfile331_1_2,nips4b_birds_trainfile331,1.0,2.0,1337,a2v,154368,201.0,0,chlchl_call,chlchl_call,True,/path/to/data,24000,24000,87,a2v_1s_vote,single,200,majority_vote
nips4b_birds_trainfile332_0_1,nips4b_birds_trainfile332,0.0,1.0,1339,a2v,154368,201.0,0,carcar_song,carcar_song,True,/path/to/data,24000,24000,20,a2v_1s_vote,single,200,majority_vote
nips4b_birds_trainfile333_0_1,nips4b_birds_trainfile333,0.0,1.0,1340,a2v,154368,201.0,0,galthe_song,galthe_song,True,/path/to/data,24000,24000,68,a2v_1s_vote,single,200,majority_vote
nips4b_birds_trainfile334_0_1,nips4b_birds_trainfile334,0.0,1.0,1343,a2v,154368,201.0,0,strtur_song,strtur_song,True,/path/to/data,24000,24000,11,a2v_1s_vote,single,200,majority_vote
nips4b_birds_trainfile334_1_2,nips4b_birds_trainfile334,1.0,2.0,1344,a2v,154368,201.0,0,strtur_song,strtur_song,True,/path/to/data,24000,24000,11,a2v_1s_vote,single,200,majority_vote
nips4b_birds_trainfile334_2_3,nips4b_birds_trainfile334,2.0,3.0,1345,a2v,154368,201.0,0,strtur_song,strtur_song,True,/path/to/data,24000,24000,146,a2v_1s_vote,single,200,majority_vote
nips4b_birds_trainfile334_3_4,nips4b_birds_trainfile334,3.0,4.0,1346,a2v,154368,201.0,0,strtur_song,strtur_song,True,/path/to/data,24000,24000,146,a2v_1s_vote,single,200,majority_vote
nips4b_birds_trainfile334_4_5,nips4b_birds_trainfile334,4.0,5.0,1347,a2v,154368,201.0,0,strtur_song,strtur_song,True,/path/to/data,24000,24000,11,a2v_1s_vote,single,200,majority_vote
nips4b_birds_trainfile335_0_1,nips4b_birds_trainfile335,0.0,1.0,1348,a2v,154368,201.0,0,anttri_song,anttri_song,True,/path/to/data,24000,24000,72,a2v_1s_vote,single,200,majority_vote
nips4b_birds_trainfile335_2_3,nips4b_birds_trainfile335,2.0,3.0,1350,a2v,154368,201.0,0,pyrpyr_call,pyrpyr_call,True,/path/to/data,24000,24000,56,a2v_1s_vote,single,200,majority_vote
nips4b_birds_trainfile335_3_4,nips4b_birds_trainfile335,3.0,4.0,1351,a2v,154368,201.0,0,siteur_song,siteur_song,True,/path/to/data,24000,24000,109,a2v_1s_vote,single,200,majority_vote
nips4b_birds_trainfile335_4_5,nips4b_birds_trainfile335,4.0,5.0,1352,a2v,154368,201.0,0,siteur_song,siteur_song,True,/path/to/data,24000,24000,1,a2v_1s_vote,single,200,majority_vote
nips4b_birds_trainfile336_1_2,nips4b_birds_trainfile336,1.0,2.0,1354,a2v,154368,201.0,0,oriori_call,oriori_call,True,/path/to/data,24000,24000,68,a2v_1s_vote,single,200,majority_vote
nips4b_birds_trainfile339_0_1,nips4b_birds_trainfile339,0.0,1.0,1363,a2v,154368,201.0,0,sylatr_call,sylatr_call,True,/path/to/data,24000,24000,110,a2v_1s_vote,single,200,majority_vote
nips4b_birds_trainfile339_1_2,nips4b_birds_trainfile339,1.0,2.0,1364,a2v,154368,201.0,0,sylatr_call,sylatr_call,True,/path/to/data,24000,24000,110,a2v_1s_vote,single,200,majority_vote
nips4b_birds_trainfile340_0_1,nips4b_birds_trainfile340,0.0,1.0,1366,a2v,154368,201.0,0,cicorn_song,cicorn_song,True,/path/to/data,24000,24000,72,a2v_1s_vote,single,200,majority_vote
nips4b_birds_trainfile340_1_2,nips4b_birds_trainfile340,1.0,2.0,1367,a2v,154368,201.0,0,cicorn_song,cicorn_song,True,/path/to/data,24000,24000,72,a2v_1s_vote,single,200,majority_vote
nips4b_birds_trainfile342_0_1,nips4b_birds_trainfile342,0.0,1.0,1373,a2v,154368,201.0,0,lularb_song,lularb_song,True,/path/to/data,24000,24000,49,a2v_1s_vote,single,200,majority_vote
nips4b_birds_trainfile342_1_2,nips4b_birds_trainfile342,1.0,2.0,1374,a2v,154368,201.0,0,lularb_song,lularb_song,True,/path/to/data,24000,24000,6,a2v_1s_vote,single,200,majority_vote
nips4b_birds_trainfile342_2_3,nips4b_birds_trainfile342,2.0,3.0,1375,a2v,154368,201.0,0,lularb_song,lularb_song,True,/path/to/data,24000,24000,82,a2v_1s_vote,single,200,majority_vote
nips4b_birds_trainfile344_0_1,nips4b_birds_trainfile344,0.0,1.0,1382,a2v,154368,201.0,0,musstr_call,musstr_call,True,/path/to/data,24000,24000,9,a2v_1s_vote,single,200,majority_vote
nips4b_birds_trainfile345_2_3,nips4b_birds_trainfile345,2.0,3.0,1386,a2v,154368,201.0,0,embcir_call,embcir_call,True,/path/to/data,24000,24000,117,a2v_1s_vote,single,200,majority_vote
nips4b_birds_trainfile346_0_1,nips4b_birds_trainfile346,0.0,1.0,1389,a2v,154368,201.0,0,sylcan_call,sylcan_call,True,/path/to/data,24000,24000,17,a2v_1s_vote,single,200,majority_vote
nips4b_birds_trainfile346_1_2,nips4b_birds_trainfile346,1.0,2.0,1390,a2v,154368,201.0,0,sylcan_call,sylcan_call,True,/path/to/data,24000,24000,122,a2v_1s_vote,single,200,majority_vote
nips4b_birds_trainfile346_2_3,nips4b_birds_trainfile346,2.0,3.0,1391,a2v,154368,201.0,0,sylcan_call,sylcan_call,True,/path/to/data,24000,24000,122,a2v_1s_vote,single,200,majority_vote
nips4b_birds_trainfile346_3_4,nips4b_birds_trainfile346,3.0,4.0,1392,a2v,154368,201.0,0,sylcan_call,sylcan_call,True,/path/to/data,24000,24000,80,a2v_1s_vote,single,200,majority_vote
nips4b_birds_trainfile346_4_5,nips4b_birds_trainfile346,4.0,5.0,1393,a2v,154368,201.0,0,sylcan_call,sylcan_call,True,/path/to/data,24000,24000,122,a2v_1s_vote,single,200,majority_vote
nips4b_birds_trainfile347_0_1,nips4b_birds_trainfile347,0.0,1.0,1394,a2v,154368,201.0,0,oriori_song,oriori_song,True,/path/to/data,24000,24000,68,a2v_1s_vote,single,200,majority_vote
nips4b_birds_trainfile348_0_1,nips4b_birds_trainfile348,0.0,1.0,1397,a2v,154368,201.0,0,oriori_call,oriori_call,True,/path/to/data,24000,24000,198,a2v_1s_vote,single,200,majority_vote
nips4b_birds_trainfile350_0_1,nips4b_birds_trainfile350,0.0,1.0,1404,a2v,154368,201.0,0,carcan_song,carcan_song,True,/path/to/data,24000,24000,182,a2v_1s_vote,single,200,majority_vote
nips4b_birds_trainfile350_1_2,nips4b_birds_trainfile350,1.0,2.0,1405,a2v,154368,201.0,0,carcan_song,carcan_song,True,/path/to/data,24000,24000,130,a2v_1s_vote,single,200,majority_vote
nips4b_birds_trainfile353_1_2,nips4b_birds_trainfile353,1.0,2.0,1414,a2v,154368,201.0,0,turphi_call,turphi_call,True,/path/to/data,24000,24000,117,a2v_1s_vote,single,200,majority_vote
nips4b_birds_trainfile356_0_1,nips4b_birds_trainfile356,0.0,1.0,1420,a2v,154368,201.0,0,trotro_song,trotro_song,True,/path/to/data,24000,24000,22,a2v_1s_vote,single,200,majority_vote
nips4b_birds_trainfile356_1_2,nips4b_birds_trainfile356,1.0,2.0,1421,a2v,154368,201.0,0,trotro_song,trotro_song,True,/path/to/data,24000,24000,189,a2v_1s_vote,single,200,majority_vote
nips4b_birds_trainfile356_2_3,nips4b_birds_trainfile356,2.0,3.0,1422,a2v,154368,201.0,0,trotro_song,trotro_song,True,/path/to/data,24000,24000,22,a2v_1s_vote,single,200,majority_vote
nips4b_birds_trainfile358_2_3,nips4b_birds_trainfile358,2.0,3.0,1432,a2v,154368,201.0,0,colpal_song,colpal_song,True,/path/to/data,24000,24000,72,a2v_1s_vote,single,200,majority_vote
nips4b_birds_trainfile359_0_1,nips4b_birds_trainfile359,0.0,1.0,1435,a2v,154368,201.0,0,stuvul_call,stuvul_call,True,/path/to/data,24000,24000,0,a2v_1s_vote,single,200,majority_vote
nips4b_birds_trainfile362_0_1,nips4b_birds_trainfile362,0.0,1.0,1444,a2v,154368,201.0,0,carcan_call,carcan_call,True,/path/to/data,24000,24000,1,a2v_1s_vote,single,200,majority_vote
nips4b_birds_trainfile362_1_2,nips4b_birds_trainfile362,1.0,2.0,1445,a2v,154368,201.0,0,carcan_call,carcan_call,True,/path/to/data,24000,24000,20,a2v_1s_vote,single,200,majority_vote
nips4b_birds_trainfile362_2_3,nips4b_birds_trainfile362,2.0,3.0,1446,a2v,154368,201.0,0,carcan_call,carcan_call,True,/path/to/data,24000,24000,6,a2v_1s_vote,single,200,majority_vote
nips4b_birds_trainfile362_3_4,nips4b_birds_trainfile362,3.0,4.0,1447,a2v,154368,201.0,0,carcan_call,carcan_call,True,/path/to/data,24000,24000,161,a2v_1s_vote,single,200,majority_vote
nips4b_birds_trainfile362_4_5,nips4b_birds_trainfile362,4.0,5.0,1448,a2v,154368,201.0,0,carcan_call,carcan_call,True,/path/to/data,24000,24000,20,a2v_1s_vote,single,200,majority_vote
nips4b_birds_trainfile363_0_1,nips4b_birds_trainfile363,0.0,1.0,1449,a2v,154368,201.0,0,strdec_song,strdec_song,True,/path/to/data,24000,24000,151,a2v_1s_vote,single,200,majority_vote
nips4b_birds_trainfile363_1_2,nips4b_birds_trainfile363,1.0,2.0,1450,a2v,154368,201.0,0,strdec_song,strdec_song,True,/path/to/data,24000,24000,151,a2v_1s_vote,single,200,majority_vote
nips4b_birds_trainfile363_2_3,nips4b_birds_trainfile363,2.0,3.0,1451,a2v,154368,201.0,0,strdec_song,strdec_song,True,/path/to/data,24000,24000,151,a2v_1s_vote,single,200,majority_vote
nips4b_birds_trainfile363_3_4,nips4b_birds_trainfile363,3.0,4.0,1452,a2v,154368,201.0,0,strdec_song,strdec_song,True,/path/to/data,24000,24000,151,a2v_1s_vote,single,200,majority_vote
nips4b_birds_trainfile363_4_5,nips4b_birds_trainfile363,4.0,5.0,1453,a2v,154368,201.0,0,strdec_song,strdec_song,True,/path/to/data,24000,24000,151,a2v_1s_vote,single,200,majority_vote
nips4b_birds_trainfile364_0_1,nips4b_birds_trainfile364,0.0,1.0,1454,a2v,154368,201.0,0,cerbra_call,cerbra_call,True,/path/to/data,24000,24000,10,a2v_1s_vote,single,200,majority_vote
nips4b_birds_trainfile364_3_4,nips4b_birds_trainfile364,3.0,4.0,1457,a2v,154368,201.0,0,parcae_song,parcae_song,True,/path/to/data,24000,24000,10,a2v_1s_vote,single,200,majority_vote
nips4b_birds_trainfile365_1_2,nips4b_birds_trainfile365,1.0,2.0,1460,a2v,154368,201.0,0,parmaj_song,parmaj_song,True,/path/to/data,24000,24000,9,a2v_1s_vote,single,200,majority_vote
nips4b_birds_trainfile367_1_2,nips4b_birds_trainfile367,1.0,2.0,1467,a2v,154368,201.0,0,cerbra_song,cerbra_song,True,/path/to/data,24000,24000,72,a2v_1s_vote,single,200,majority_vote
nips4b_birds_trainfile367_2_3,nips4b_birds_trainfile367,2.0,3.0,1468,a2v,154368,201.0,0,cerbra_song,cerbra_song,True,/path/to/data,24000,24000,129,a2v_1s_vote,single,200,majority_vote
nips4b_birds_trainfile367_3_4,nips4b_birds_trainfile367,3.0,4.0,1469,a2v,154368,201.0,0,parmaj_song,parmaj_song,True,/path/to/data,24000,24000,9,a2v_1s_vote,single,200,majority_vote
nips4b_birds_trainfile367_4_5,nips4b_birds_trainfile367,4.0,5.0,1470,a2v,154368,201.0,0,parmaj_song,parmaj_song,True,/path/to/data,24000,24000,129,a2v_1s_vote,single,200,majority_vote
nips4b_birds_trainfile368_0_1,nips4b_birds_trainfile368,0.0,1.0,1471,a2v,154368,201.0,0,alaarv_song,alaarv_song,True,/path/to/data,24000,24000,191,a2v_1s_vote,single,200,majority_vote
nips4b_birds_trainfile368_1_2,nips4b_birds_trainfile368,1.0,2.0,1472,a2v,154368,201.0,0,alaarv_song,alaarv_song,True,/path/to/data,24000,24000,15,a2v_1s_vote,single,200,majority_vote
nips4b_birds_trainfile370_1_2,nips4b_birds_trainfile370,1.0,2.0,1475,a2v,154368,201.0,0,poepal_song,poepal_song,True,/path/to/data,24000,24000,48,a2v_1s_vote,single,200,majority_vote
nips4b_birds_trainfile372_0_1,nips4b_birds_trainfile372,0.0,1.0,1484,a2v,154368,201.0,0,carcan_call,carcan_call,True,/path/to/data,24000,24000,49,a2v_1s_vote,single,200,majority_vote
nips4b_birds_trainfile372_4_5,nips4b_birds_trainfile372,4.0,5.0,1488,a2v,154368,201.0,0,carcan_call,carcan_call,True,/path/to/data,24000,24000,72,a2v_1s_vote,single,200,majority_vote
nips4b_birds_trainfile373_0_1,nips4b_birds_trainfile373,0.0,1.0,1489,a2v,154368,201.0,0,fricoe_song,fricoe_song,True,/path/to/data,24000,24000,135,a2v_1s_vote,single,200,majority_vote
nips4b_birds_trainfile373_1_2,nips4b_birds_trainfile373,1.0,2.0,1490,a2v,154368,201.0,0,fricoe_song,fricoe_song,True,/path/to/data,24000,24000,17,a2v_1s_vote,single,200,majority_vote
nips4b_birds_trainfile376_0_1,nips4b_birds_trainfile376,0.0,1.0,1504,a2v,154368,201.0,0,sylcan_call,sylcan_call,True,/path/to/data,24000,24000,122,a2v_1s_vote,single,200,majority_vote
nips4b_birds_trainfile376_3_4,nips4b_birds_trainfile376,3.0,4.0,1507,a2v,154368,201.0,0,petpet_song,petpet_song,True,/path/to/data,24000,24000,90,a2v_1s_vote,single,200,majority_vote
nips4b_birds_trainfile378_0_1,nips4b_birds_trainfile378,0.0,1.0,1514,a2v,154368,201.0,0,poepal_song,poepal_song,True,/path/to/data,24000,24000,13,a2v_1s_vote,single,200,majority_vote
nips4b_birds_trainfile378_1_2,nips4b_birds_trainfile378,1.0,2.0,1515,a2v,154368,201.0,0,poepal_song,poepal_song,True,/path/to/data,24000,24000,54,a2v_1s_vote,single,200,majority_vote
nips4b_birds_trainfile378_2_3,nips4b_birds_trainfile378,2.0,3.0,1516,a2v,154368,201.0,0,poepal_song,poepal_song,True,/path/to/data,24000,24000,130,a2v_1s_vote,single,200,majority_vote
nips4b_birds_trainfile379_2_3,nips4b_birds_trainfile379,2.0,3.0,1521,a2v,154368,201.0,0,sylmel_song,sylmel_song,True,/path/to/data,24000,24000,23,a2v_1s_vote,single,200,majority_vote
nips4b_birds_trainfile379_3_4,nips4b_birds_trainfile379,3.0,4.0,1522,a2v,154368,201.0,0,sylmel_song,sylmel_song,True,/path/to/data,24000,24000,29,a2v_1s_vote,single,200,majority_vote
nips4b_birds_trainfile379_4_5,nips4b_birds_trainfile379,4.0,5.0,1523,a2v,154368,201.0,0,sylmel_song,sylmel_song,True,/path/to/data,24000,24000,72,a2v_1s_vote,single,200,majority_vote
nips4b_birds_trainfile380_3_4,nips4b_birds_trainfile380,3.0,4.0,1527,a2v,154368,201.0,0,carcar_call,carcar_call,True,/path/to/data,24000,24000,9,a2v_1s_vote,single,200,majority_vote
nips4b_birds_trainfile380_4_5,nips4b_birds_trainfile380,4.0,5.0,1528,a2v,154368,201.0,0,oriori_song,oriori_song,True,/path/to/data,24000,24000,47,a2v_1s_vote,single,200,majority_vote
nips4b_birds_trainfile381_0_1,nips4b_birds_trainfile381,0.0,1.0,1529,a2v,154368,201.0,0,oriori_call,oriori_call,True,/path/to/data,24000,24000,198,a2v_1s_vote,single,200,majority_vote
nips4b_birds_trainfile382_1_2,nips4b_birds_trainfile382,1.0,2.0,1533,a2v,154368,201.0,0,stuvul_call,stuvul_call,True,/path/to/data,24000,24000,91,a2v_1s_vote,single,200,majority_vote
nips4b_birds_trainfile382_2_3,nips4b_birds_trainfile382,2.0,3.0,1534,a2v,154368,201.0,0,stuvul_call,stuvul_call,True,/path/to/data,24000,24000,91,a2v_1s_vote,single,200,majority_vote
nips4b_birds_trainfile383_1_2,nips4b_birds_trainfile383,1.0,2.0,1538,a2v,154368,201.0,0,denmaj_call,denmaj_call,True,/path/to/data,24000,24000,31,a2v_1s_vote,single,200,majority_vote
nips4b_birds_trainfile383_2_3,nips4b_birds_trainfile383,2.0,3.0,1539,a2v,154368,201.0,0,denmaj_call,denmaj_call,True,/path/to/data,24000,24000,86,a2v_1s_vote,single,200,majority_vote
nips4b_birds_trainfile383_3_4,nips4b_birds_trainfile383,3.0,4.0,1540,a2v,154368,201.0,0,erirub_song,erirub_song,True,/path/to/data,24000,24000,9,a2v_1s_vote,single,200,majority_vote
nips4b_birds_trainfile383_4_5,nips4b_birds_trainfile383,4.0,5.0,1541,a2v,154368,201.0,0,erirub_song,erirub_song,True,/path/to/data,24000,24000,198,a2v_1s_vote,single,200,majority_vote
nips4b_birds_trainfile384_0_1,nips4b_birds_trainfile384,0.0,1.0,1542,a2v,154368,201.0,0,regign_call,regign_call,True,/path/to/data,24000,24000,77,a2v_1s_vote,single,200,majority_vote
nips4b_birds_trainfile384_1_2,nips4b_birds_trainfile384,1.0,2.0,1543,a2v,154368,201.0,0,pyrpyr_call,pyrpyr_call,True,/path/to/data,24000,24000,87,a2v_1s_vote,single,200,majority_vote
nips4b_birds_trainfile385_0_1,nips4b_birds_trainfile385,0.0,1.0,1547,a2v,154368,201.0,0,cetcet_song,cetcet_song,True,/path/to/data,24000,24000,113,a2v_1s_vote,single,200,majority_vote
nips4b_birds_trainfile385_1_2,nips4b_birds_trainfile385,1.0,2.0,1548,a2v,154368,201.0,0,cetcet_song,cetcet_song,True,/path/to/data,24000,24000,50,a2v_1s_vote,single,200,majority_vote
nips4b_birds_trainfile385_2_3,nips4b_birds_trainfile385,2.0,3.0,1549,a2v,154368,201.0,0,cetcet_song,cetcet_song,True,/path/to/data,24000,24000,40,a2v_1s_vote,single,200,majority_vote
nips4b_birds_trainfile385_3_4,nips4b_birds_trainfile385,3.0,4.0,1550,a2v,154368,201.0,0,cetcet_song,cetcet_song,True,/path/to/data,24000,24000,42,a2v_1s_vote,single,200,majority_vote
nips4b_birds_trainfile385_4_5,nips4b_birds_trainfile385,4.0,5.0,1551,a2v,154368,201.0,0,serser_call,serser_call,True,/path/to/data,24000,24000,9,a2v_1s_vote,single,200,majority_vote
nips4b_birds_trainfile386_1_2,nips4b_birds_trainfile386,1.0,2.0,1553,a2v,154368,201.0,0,sylmel_call,sylmel_call,True,/path/to/data,24000,24000,147,a2v_1s_vote,single,200,majority_vote
nips4b_birds_trainfile386_2_3,nips4b_birds_trainfile386,2.0,3.0,1554,a2v,154368,201.0,0,sylmel_call,sylmel_call,True,/path/to/data,24000,24000,147,a2v_1s_vote,single,200,majority_vote
nips4b_birds_trainfile387_2_3,nips4b_birds_trainfile387,2.0,3.0,1559,a2v,154368,201.0,0,turphi_call,turphi_call,True,/path/to/data,24000,24000,166,a2v_1s_vote,single,200,majority_vote
nips4b_birds_trainfile387_3_4,nips4b_birds_trainfile387,3.0,4.0,1560,a2v,154368,201.0,0,turphi_call,turphi_call,True,/path/to/data,24000,24000,7,a2v_1s_vote,single,200,majority_vote
nips4b_birds_trainfile388_1_2,nips4b_birds_trainfile388,1.0,2.0,1563,a2v,154368,201.0,0,turmer_song,turmer_song,True,/path/to/data,24000,24000,186,a2v_1s_vote,single,200,majority_vote
nips4b_birds_trainfile388_2_3,nips4b_birds_trainfile388,2.0,3.0,1564,a2v,154368,201.0,0,poepal_song,poepal_song,True,/path/to/data,24000,24000,183,a2v_1s_vote,single,200,majority_vote
nips4b_birds_trainfile388_3_4,nips4b_birds_trainfile388,3.0,4.0,1565,a2v,154368,201.0,0,poepal_song,poepal_song,True,/path/to/data,24000,24000,183,a2v_1s_vote,single,200,majority_vote
nips4b_birds_trainfile388_4_5,nips4b_birds_trainfile388,4.0,5.0,1566,a2v,154368,201.0,0,poepal_song,poepal_song,True,/path/to/data,24000,24000,191,a2v_1s_vote,single,200,majority_vote
nips4b_birds_trainfile391_0_1,nips4b_birds_trainfile391,0.0,1.0,1574,a2v,154368,201.0,0,erirub_song,erirub_song,True,/path/to/data,24000,24000,116,a2v_1s_vote,single,200,majority_vote
nips4b_birds_trainfile391_2_3,nips4b_birds_trainfile391,2.0,3.0,1576,a2v,154368,201.0,0,regign_song,regign_song,True,/path/to/data,24000,24000,69,a2v_1s_vote,single,200,majority_vote
nips4b_birds_trainfile391_3_4,nips4b_birds_trainfile391,3.0,4.0,1577,a2v,154368,201.0,0,prumod_song,prumod_song,True,/path/to/data,24000,24000,47,a2v_1s_vote,single,200,majority_vote
nips4b_birds_trainfile391_4_5,nips4b_birds_trainfile391,4.0,5.0,1578,a2v,154368,201.0,0,prumod_song,prumod_song,True,/path/to/data,24000,24000,130,a2v_1s_vote,single,200,majority_vote
nips4b_birds_trainfile392_1_2,nips4b_birds_trainfile392,1.0,2.0,1580,a2v,154368,201.0,0,parcae_song,parcae_song,True,/path/to/data,24000,24000,23,a2v_1s_vote,single,200,majority_vote
nips4b_birds_trainfile393_0_1,nips4b_birds_trainfile393,0.0,1.0,1581,a2v,154368,201.0,0,sylmel_call,sylmel_call,True,/path/to/data,24000,24000,49,a2v_1s_vote,single,200,majority_vote
nips4b_birds_trainfile393_1_2,nips4b_birds_trainfile393,1.0,2.0,1582,a2v,154368,201.0,0,sylmel_call,sylmel_call,True,/path/to/data,24000,24000,80,a2v_1s_vote,single,200,majority_vote
nips4b_birds_trainfile393_2_3,nips4b_birds_trainfile393,2.0,3.0,1583,a2v,154368,201.0,0,sylmel_call,sylmel_call,True,/path/to/data,24000,24000,86,a2v_1s_vote,single,200,majority_vote
nips4b_birds_trainfile393_3_4,nips4b_birds_trainfile393,3.0,4.0,1584,a2v,154368,201.0,0,sylmel_call,sylmel_call,True,/path/to/data,24000,24000,114,a2v_1s_vote,single,200,majority_vote
nips4b_birds_trainfile393_4_5,nips4b_birds_trainfile393,4.0,5.0,1585,a2v,154368,201.0,0,sylmel_call,sylmel_call,True,/path/to/data,24000,24000,86,a2v_1s_vote,single,200,majority_vote
nips4b_birds_trainfile394_0_1,nips4b_birds_trainfile394,0.0,1.0,1586,a2v,154368,201.0,0,lyrple_song,lyrple_song,True,/path/to/data,24000,24000,72,a2v_1s_vote,single,200,majority_vote
nips4b_birds_trainfile394_1_2,nips4b_birds_trainfile394,1.0,2.0,1587,a2v,154368,201.0,0,lyrple_song,lyrple_song,True,/path/to/data,24000,24000,72,a2v_1s_vote,single,200,majority_vote
nips4b_birds_trainfile395_0_1,nips4b_birds_trainfile395,0.0,1.0,1588,a2v,154368,201.0,0,parcae_song,parcae_song,True,/path/to/data,24000,24000,13,a2v_1s_vote,single,200,majority_vote
nips4b_birds_trainfile395_4_5,nips4b_birds_trainfile395,4.0,5.0,1592,a2v,154368,201.0,0,parmaj_song,parmaj_song,True,/path/to/data,24000,24000,56,a2v_1s_vote,single,200,majority_vote
nips4b_birds_trainfile396_0_1,nips4b_birds_trainfile396,0.0,1.0,1593,a2v,154368,201.0,0,sylmel_call,sylmel_call,True,/path/to/data,24000,24000,41,a2v_1s_vote,single,200,majority_vote
nips4b_birds_trainfile396_1_2,nips4b_birds_trainfile396,1.0,2.0,1594,a2v,154368,201.0,0,petpet_song,petpet_song,True,/path/to/data,24000,24000,108,a2v_1s_vote,single,200,majority_vote
nips4b_birds_trainfile398_2_3,nips4b_birds_trainfile398,2.0,3.0,1604,a2v,154368,201.0,0,pasdom_call,pasdom_call,True,/path/to/data,24000,24000,20,a2v_1s_vote,single,200,majority_vote
nips4b_birds_trainfile399_1_2,nips4b_birds_trainfile399,1.0,2.0,1606,a2v,154368,201.0,0,carcar_call,carcar_call,True,/path/to/data,24000,24000,134,a2v_1s_vote,single,200,majority_vote
nips4b_birds_trainfile401_2_3,nips4b_birds_trainfile401,2.0,3.0,1614,a2v,154368,201.0,0,petpet_call,petpet_call,True,/path/to/data,24000,24000,42,a2v_1s_vote,single,200,majority_vote
nips4b_birds_trainfile401_3_4,nips4b_birds_trainfile401,3.0,4.0,1615,a2v,154368,201.0,0,petpet_call,petpet_call,True,/path/to/data,24000,24000,56,a2v_1s_vote,single,200,majority_vote
nips4b_birds_trainfile403_0_1,nips4b_birds_trainfile403,0.0,1.0,1622,a2v,154368,201.0,0,tetpyg_song,tetpyg_song,True,/path/to/data,24000,24000,85,a2v_1s_vote,single,200,majority_vote
nips4b_birds_trainfile403_1_2,nips4b_birds_trainfile403,1.0,2.0,1623,a2v,154368,201.0,0,tetpyg_song,tetpyg_song,True,/path/to/data,24000,24000,85,a2v_1s_vote,single,200,majority_vote
nips4b_birds_trainfile403_2_3,nips4b_birds_trainfile403,2.0,3.0,1624,a2v,154368,201.0,0,tetpyg_song,tetpyg_song,True,/path/to/data,24000,24000,85,a2v_1s_vote,single,200,majority_vote
nips4b_birds_trainfile403_3_4,nips4b_birds_trainfile403,3.0,4.0,1625,a2v,154368,201.0,0,tetpyg_song,tetpyg_song,True,/path/to/data,24000,24000,85,a2v_1s_vote,single,200,majority_vote
nips4b_birds_trainfile403_4_5,nips4b_birds_trainfile403,4.0,5.0,1626,a2v,154368,201.0,0,tetpyg_song,tetpyg_song,True,/path/to/data,24000,24000,85,a2v_1s_vote,single,200,majority_vote
nips4b_birds_trainfile404_1_2,nips4b_birds_trainfile404,1.0,2.0,1628,a2v,154368,201.0,0,lularb_song,lularb_song,True,/path/to/data,24000,24000,49,a2v_1s_vote,single,200,majority_vote
nips4b_birds_trainfile405_1_2,nips4b_birds_trainfile405,1.0,2.0,1630,a2v,154368,201.0,0,cicorn_song,cicorn_song,True,/path/to/data,24000,24000,0,a2v_1s_vote,single,200,majority_vote
nips4b_birds_trainfile406_0_1,nips4b_birds_trainfile406,0.0,1.0,1631,a2v,154368,201.0,0,cetcet_song,cetcet_song,True,/path/to/data,24000,24000,113,a2v_1s_vote,single,200,majority_vote
nips4b_birds_trainfile406_1_2,nips4b_birds_trainfile406,1.0,2.0,1632,a2v,154368,201.0,0,cetcet_song,cetcet_song,True,/path/to/data,24000,24000,15,a2v_1s_vote,single,200,majority_vote
nips4b_birds_trainfile406_2_3,nips4b_birds_trainfile406,2.0,3.0,1633,a2v,154368,201.0,0,cetcet_song,cetcet_song,True,/path/to/data,24000,24000,40,a2v_1s_vote,single,200,majority_vote
nips4b_birds_trainfile406_4_5,nips4b_birds_trainfile406,4.0,5.0,1635,a2v,154368,201.0,0,oriori_song,oriori_song,True,/path/to/data,24000,24000,186,a2v_1s_vote,single,200,majority_vote
nips4b_birds_trainfile408_0_1,nips4b_birds_trainfile408,0.0,1.0,1638,a2v,154368,201.0,0,cetcet_song,cetcet_song,True,/path/to/data,24000,24000,91,a2v_1s_vote,single,200,majority_vote
nips4b_birds_trainfile408_1_2,nips4b_birds_trainfile408,1.0,2.0,1639,a2v,154368,201.0,0,cetcet_song,cetcet_song,True,/path/to/data,24000,24000,48,a2v_1s_vote,single,200,majority_vote
nips4b_birds_trainfile408_2_3,nips4b_birds_trainfile408,2.0,3.0,1640,a2v,154368,201.0,0,cetcet_song,cetcet_song,True,/path/to/data,24000,24000,40,a2v_1s_vote,single,200,majority_vote
nips4b_birds_trainfile409_1_2,nips4b_birds_trainfile409,1.0,2.0,1643,a2v,154368,201.0,0,poepal_call,poepal_call,True,/path/to/data,24000,24000,17,a2v_1s_vote,single,200,majority_vote
nips4b_birds_trainfile409_4_5,nips4b_birds_trainfile409,4.0,5.0,1646,a2v,154368,201.0,0,trotro_song,trotro_song,True,/path/to/data,24000,24000,20,a2v_1s_vote,single,200,majority_vote
nips4b_birds_trainfile410_0_1,nips4b_birds_trainfile410,0.0,1.0,1647,a2v,154368,201.0,0,lularb_song,lularb_song,True,/path/to/data,24000,24000,158,a2v_1s_vote,single,200,majority_vote
nips4b_birds_trainfile410_1_2,nips4b_birds_trainfile410,1.0,2.0,1648,a2v,154368,201.0,0,lularb_song,lularb_song,True,/path/to/data,24000,24000,6,a2v_1s_vote,single,200,majority_vote
nips4b_birds_trainfile410_2_3,nips4b_birds_trainfile410,2.0,3.0,1649,a2v,154368,201.0,0,lularb_song,lularb_song,True,/path/to/data,24000,24000,191,a2v_1s_vote,single,200,majority_vote
nips4b_birds_trainfile411_0_1,nips4b_birds_trainfile411,0.0,1.0,1651,a2v,154368,201.0,0,sylatr_song,sylatr_song,True,/path/to/data,24000,24000,87,a2v_1s_vote,single,200,majority_vote
nips4b_birds_trainfile411_2_3,nips4b_birds_trainfile411,2.0,3.0,1653,a2v,154368,201.0,0,strtur_song,strtur_song,True,/path/to/data,24000,24000,146,a2v_1s_vote,single,200,majority_vote
nips4b_birds_trainfile411_3_4,nips4b_birds_trainfile411,3.0,4.0,1654,a2v,154368,201.0,0,strtur_song,strtur_song,True,/path/to/data,24000,24000,11,a2v_1s_vote,single,200,majority_vote
nips4b_birds_trainfile411_4_5,nips4b_birds_trainfile411,4.0,5.0,1655,a2v,154368,201.0,0,strtur_song,strtur_song,True,/path/to/data,24000,24000,11,a2v_1s_vote,single,200,majority_vote
nips4b_birds_trainfile412_1_2,nips4b_birds_trainfile412,1.0,2.0,1657,a2v,154368,201.0,0,chlchl_call,chlchl_call,True,/path/to/data,24000,24000,90,a2v_1s_vote,single,200,majority_vote
nips4b_birds_trainfile413_0_1,nips4b_birds_trainfile413,0.0,1.0,1661,a2v,154368,201.0,0,galcri_call,galcri_call,True,/path/to/data,24000,24000,28,a2v_1s_vote,single,200,majority_vote
nips4b_birds_trainfile413_1_2,nips4b_birds_trainfile413,1.0,2.0,1662,a2v,154368,201.0,0,galcri_call,galcri_call,True,/path/to/data,24000,24000,193,a2v_1s_vote,single,200,majority_vote
nips4b_birds_trainfile413_2_3,nips4b_birds_trainfile413,2.0,3.0,1663,a2v,154368,201.0,0,galcri_call,galcri_call,True,/path/to/data,24000,24000,3,a2v_1s_vote,single,200,majority_vote
nips4b_birds_trainfile413_3_4,nips4b_birds_trainfile413,3.0,4.0,1664,a2v,154368,201.0,0,galcri_call,galcri_call,True,/path/to/data,24000,24000,190,a2v_1s_vote,single,200,majority_vote
nips4b_birds_trainfile413_4_5,nips4b_birds_trainfile413,4.0,5.0,1665,a2v,154368,201.0,0,galcri_call,galcri_call,True,/path/to/data,24000,24000,3,a2v_1s_vote,single,200,majority_vote
nips4b_birds_trainfile414_0_1,nips4b_birds_trainfile414,0.0,1.0,1666,a2v,154368,201.0,0,turphi_song,turphi_song,True,/path/to/data,24000,24000,1,a2v_1s_vote,single,200,majority_vote
nips4b_birds_trainfile414_1_2,nips4b_birds_trainfile414,1.0,2.0,1667,a2v,154368,201.0,0,turphi_song,turphi_song,True,/path/to/data,24000,24000,1,a2v_1s_vote,single,200,majority_vote
nips4b_birds_trainfile414_2_3,nips4b_birds_trainfile414,2.0,3.0,1668,a2v,154368,201.0,0,turphi_song,turphi_song,True,/path/to/data,24000,24000,198,a2v_1s_vote,single,200,majority_vote
nips4b_birds_trainfile414_3_4,nips4b_birds_trainfile414,3.0,4.0,1669,a2v,154368,201.0,0,turphi_song,turphi_song,True,/path/to/data,24000,24000,87,a2v_1s_vote,single,200,majority_vote
nips4b_birds_trainfile416_0_1,nips4b_birds_trainfile416,0.0,1.0,1672,a2v,154368,201.0,0,sylatr_call,sylatr_call,True,/path/to/data,24000,24000,110,a2v_1s_vote,single,200,majority_vote
nips4b_birds_trainfile416_1_2,nips4b_birds_trainfile416,1.0,2.0,1673,a2v,154368,201.0,0,sylatr_call,sylatr_call,True,/path/to/data,24000,24000,147,a2v_1s_vote,single,200,majority_vote
nips4b_birds_trainfile416_2_3,nips4b_birds_trainfile416,2.0,3.0,1674,a2v,154368,201.0,0,sylatr_call,sylatr_call,True,/path/to/data,24000,24000,147,a2v_1s_vote,single,200,majority_vote
nips4b_birds_trainfile416_3_4,nips4b_birds_trainfile416,3.0,4.0,1675,a2v,154368,201.0,0,sylatr_call,sylatr_call,True,/path/to/data,24000,24000,96,a2v_1s_vote,single,200,majority_vote
nips4b_birds_trainfile416_4_5,nips4b_birds_trainfile416,4.0,5.0,1676,a2v,154368,201.0,0,sylatr_call,sylatr_call,True,/path/to/data,24000,24000,96,a2v_1s_vote,single,200,majority_vote
nips4b_birds_trainfile417_0_1,nips4b_birds_trainfile417,0.0,1.0,1677,a2v,154368,201.0,0,chlchl_call,chlchl_call,True,/path/to/data,24000,24000,90,a2v_1s_vote,single,200,majority_vote
nips4b_birds_trainfile417_2_3,nips4b_birds_trainfile417,2.0,3.0,1679,a2v,154368,201.0,0,chlchl_call,chlchl_call,True,/path/to/data,24000,24000,90,a2v_1s_vote,single,200,majority_vote
nips4b_birds_trainfile417_3_4,nips4b_birds_trainfile417,3.0,4.0,1680,a2v,154368,201.0,0,regign_call,regign_call,True,/path/to/data,24000,24000,72,a2v_1s_vote,single,200,majority_vote
nips4b_birds_trainfile418_0_1,nips4b_birds_trainfile418,0.0,1.0,1682,a2v,154368,201.0,0,lopcri_call,lopcri_call,True,/path/to/data,24000,24000,88,a2v_1s_vote,single,200,majority_vote
nips4b_birds_trainfile418_1_2,nips4b_birds_trainfile418,1.0,2.0,1683,a2v,154368,201.0,0,lopcri_call,lopcri_call,True,/path/to/data,24000,24000,88,a2v_1s_vote,single,200,majority_vote
nips4b_birds_trainfile419_0_1,nips4b_birds_trainfile419,0.0,1.0,1687,a2v,154368,201.0,0,sylcan_call,sylcan_call,True,/path/to/data,24000,24000,86,a2v_1s_vote,single,200,majority_vote
nips4b_birds_trainfile419_2_3,nips4b_birds_trainfile419,2.0,3.0,1689,a2v,154368,201.0,0,sylcan_call,sylcan_call,True,/path/to/data,24000,24000,122,a2v_1s_vote,single,200,majority_vote
nips4b_birds_trainfile419_3_4,nips4b_birds_trainfile419,3.0,4.0,1690,a2v,154368,201.0,0,sylcan_call,sylcan_call,True,/path/to/data,24000,24000,180,a2v_1s_vote,single,200,majority_vote
nips4b_birds_trainfile420_0_1,nips4b_birds_trainfile420,0.0,1.0,1692,a2v,154368,201.0,0,cerbra_call,cerbra_call,True,/path/to/data,24000,24000,9,a2v_1s_vote,single,200,majority_vote
nips4b_birds_trainfile422_0_1,nips4b_birds_trainfile422,0.0,1.0,1696,a2v,154368,201.0,0,carcar_song,carcar_song,True,/path/to/data,24000,24000,47,a2v_1s_vote,single,200,majority_vote
nips4b_birds_trainfile422_3_4,nips4b_birds_trainfile422,3.0,4.0,1699,a2v,154368,201.0,0,carcar_song,carcar_song,True,/path/to/data,24000,24000,48,a2v_1s_vote,single,200,majority_vote
nips4b_birds_trainfile424_0_1,nips4b_birds_trainfile424,0.0,1.0,1704,a2v,154368,201.0,0,parmaj_call,parmaj_call,True,/path/to/data,24000,24000,148,a2v_1s_vote,single,200,majority_vote
nips4b_birds_trainfile425_0_1,nips4b_birds_trainfile425,0.0,1.0,1706,a2v,154368,201.0,0,phycol_song,phycol_song,True,/path/to/data,24000,24000,50,a2v_1s_vote,single,200,majority_vote
nips4b_birds_trainfile425_2_3,nips4b_birds_trainfile425,2.0,3.0,1708,a2v,154368,201.0,0,fricoe_call,fricoe_call,True,/path/to/data,24000,24000,47,a2v_1s_vote,single,200,majority_vote
nips4b_birds_trainfile427_1_2,nips4b_birds_trainfile427,1.0,2.0,1717,a2v,154368,201.0,0,tetpyg_song,tetpyg_song,True,/path/to/data,24000,24000,6,a2v_1s_vote,single,200,majority_vote
nips4b_birds_trainfile429_1_2,nips4b_birds_trainfile429,1.0,2.0,1724,a2v,154368,201.0,0,serser_call,serser_call,True,/path/to/data,24000,24000,88,a2v_1s_vote,single,200,majority_vote
nips4b_birds_trainfile429_2_3,nips4b_birds_trainfile429,2.0,3.0,1725,a2v,154368,201.0,0,serser_call,serser_call,True,/path/to/data,24000,24000,22,a2v_1s_vote,single,200,majority_vote
nips4b_birds_trainfile429_3_4,nips4b_birds_trainfile429,3.0,4.0,1726,a2v,154368,201.0,0,serser_call,serser_call,True,/path/to/data,24000,24000,88,a2v_1s_vote,single,200,majority_vote
nips4b_birds_trainfile429_4_5,nips4b_birds_trainfile429,4.0,5.0,1727,a2v,154368,201.0,0,serser_call,serser_call,True,/path/to/data,24000,24000,22,a2v_1s_vote,single,200,majority_vote
nips4b_birds_trainfile430_0_1,nips4b_birds_trainfile430,0.0,1.0,1728,a2v,154368,201.0,0,jyntor_song,jyntor_song,True,/path/to/data,24000,24000,18,a2v_1s_vote,single,200,majority_vote
nips4b_birds_trainfile430_1_2,nips4b_birds_trainfile430,1.0,2.0,1729,a2v,154368,201.0,0,jyntor_song,jyntor_song,True,/path/to/data,24000,24000,38,a2v_1s_vote,single,200,majority_vote
nips4b_birds_trainfile430_4_5,nips4b_birds_trainfile430,4.0,5.0,1732,a2v,154368,201.0,0,serser_song,serser_song,True,/path/to/data,24000,24000,18,a2v_1s_vote,single,200,majority_vote
nips4b_birds_trainfile433_0_1,nips4b_birds_trainfile433,0.0,1.0,1741,a2v,154368,201.0,0,sylcan_song,sylcan_song,True,/path/to/data,24000,24000,48,a2v_1s_vote,single,200,majority_vote
nips4b_birds_trainfile433_1_2,nips4b_birds_trainfile433,1.0,2.0,1742,a2v,154368,201.0,0,petpet_call,petpet_call,True,/path/to/data,24000,24000,114,a2v_1s_vote,single,200,majority_vote
nips4b_birds_trainfile433_3_4,nips4b_birds_trainfile433,3.0,4.0,1744,a2v,154368,201.0,0,petpet_call,petpet_call,True,/path/to/data,24000,24000,114,a2v_1s_vote,single,200,majority_vote
nips4b_birds_trainfile433_4_5,nips4b_birds_trainfile433,4.0,5.0,1745,a2v,154368,201.0,0,pasdom_call,pasdom_call,True,/path/to/data,24000,24000,1,a2v_1s_vote,single,200,majority_vote
nips4b_birds_trainfile434_0_1,nips4b_birds_trainfile434,0.0,1.0,1746,a2v,154368,201.0,0,musstr_call,musstr_call,True,/path/to/data,24000,24000,103,a2v_1s_vote,single,200,majority_vote
nips4b_birds_trainfile435_3_4,nips4b_birds_trainfile435,3.0,4.0,1750,a2v,154368,201.0,0,sylcan_call,sylcan_call,True,/path/to/data,24000,24000,80,a2v_1s_vote,single,200,majority_vote
nips4b_birds_trainfile435_4_5,nips4b_birds_trainfile435,4.0,5.0,1751,a2v,154368,201.0,0,sylcan_call,sylcan_call,True,/path/to/data,24000,24000,41,a2v_1s_vote,single,200,majority_vote
nips4b_birds_trainfile437_1_2,nips4b_birds_trainfile437,1.0,2.0,1758,a2v,154368,201.0,0,ptehey_song,ptehey_song,True,/path/to/data,24000,24000,18,a2v_1s_vote,single,200,majority_vote
nips4b_birds_trainfile438_2_3,nips4b_birds_trainfile438,2.0,3.0,1761,a2v,154368,201.0,0,regign_song,regign_song,True,/path/to/data,24000,24000,191,a2v_1s_vote,single,200,majority_vote
nips4b_birds_trainfile438_3_4,nips4b_birds_trainfile438,3.0,4.0,1762,a2v,154368,201.0,0,regign_song,regign_song,True,/path/to/data,24000,24000,189,a2v_1s_vote,single,200,majority_vote
nips4b_birds_trainfile440_0_1,nips4b_birds_trainfile440,0.0,1.0,1769,a2v,154368,201.0,0,prumod_song,prumod_song,True,/path/to/data,24000,24000,72,a2v_1s_vote,single,200,majority_vote
nips4b_birds_trainfile440_1_2,nips4b_birds_trainfile440,1.0,2.0,1770,a2v,154368,201.0,0,prumod_song,prumod_song,True,/path/to/data,24000,24000,9,a2v_1s_vote,single,200,majority_vote
nips4b_birds_trainfile440_2_3,nips4b_birds_trainfile440,2.0,3.0,1771,a2v,154368,201.0,0,parate_song,parate_song,True,/path/to/data,24000,24000,20,a2v_1s_vote,single,200,majority_vote
nips4b_birds_trainfile441_0_1,nips4b_birds_trainfile441,0.0,1.0,1774,a2v,154368,201.0,0,alaarv_song,alaarv_song,True,/path/to/data,24000,24000,20,a2v_1s_vote,single,200,majority_vote
nips4b_birds_trainfile441_1_2,nips4b_birds_trainfile441,1.0,2.0,1775,a2v,154368,201.0,0,alaarv_song,alaarv_song,True,/path/to/data,24000,24000,105,a2v_1s_vote,single,200,majority_vote
nips4b_birds_trainfile441_3_4,nips4b_birds_trainfile441,3.0,4.0,1777,a2v,154368,201.0,0,alaarv_song,alaarv_song,True,/path/to/data,24000,24000,42,a2v_1s_vote,single,200,majority_vote
nips4b_birds_trainfile441_4_5,nips4b_birds_trainfile441,4.0,5.0,1778,a2v,154368,201.0,0,alaarv_song,alaarv_song,True,/path/to/data,24000,24000,111,a2v_1s_vote,single,200,majority_vote
nips4b_birds_trainfile442_0_1,nips4b_birds_trainfile442,0.0,1.0,1779,a2v,154368,201.0,0,erirub_song,erirub_song,True,/path/to/data,24000,24000,90,a2v_1s_vote,single,200,majority_vote
nips4b_birds_trainfile442_2_3,nips4b_birds_trainfile442,2.0,3.0,1781,a2v,154368,201.0,0,erirub_song,erirub_song,True,/path/to/data,24000,24000,1,a2v_1s_vote,single,200,majority_vote
nips4b_birds_trainfile442_3_4,nips4b_birds_trainfile442,3.0,4.0,1782,a2v,154368,201.0,0,erirub_song,erirub_song,True,/path/to/data,24000,24000,14,a2v_1s_vote,single,200,majority_vote
nips4b_birds_trainfile442_4_5,nips4b_birds_trainfile442,4.0,5.0,1783,a2v,154368,201.0,0,pyrpyr_call,pyrpyr_call,True,/path/to/data,24000,24000,68,a2v_1s_vote,single,200,majority_vote
nips4b_birds_trainfile443_0_1,nips4b_birds_trainfile443,0.0,1.0,1784,a2v,154368,201.0,0,parmaj_call,parmaj_call,True,/path/to/data,24000,24000,62,a2v_1s_vote,single,200,majority_vote
nips4b_birds_trainfile444_0_1,nips4b_birds_trainfile444,0.0,1.0,1785,a2v,154368,201.0,0,sylcan_call,sylcan_call,True,/path/to/data,24000,24000,80,a2v_1s_vote,single,200,majority_vote
nips4b_birds_trainfile444_1_2,nips4b_birds_trainfile444,1.0,2.0,1786,a2v,154368,201.0,0,sylcan_call,sylcan_call,True,/path/to/data,24000,24000,122,a2v_1s_vote,single,200,majority_vote
nips4b_birds_trainfile444_2_3,nips4b_birds_trainfile444,2.0,3.0,1787,a2v,154368,201.0,0,sylcan_call,sylcan_call,True,/path/to/data,24000,24000,180,a2v_1s_vote,single,200,majority_vote
nips4b_birds_trainfile444_3_4,nips4b_birds_trainfile444,3.0,4.0,1788,a2v,154368,201.0,0,sylcan_call,sylcan_call,True,/path/to/data,24000,24000,80,a2v_1s_vote,single,200,majority_vote
nips4b_birds_trainfile444_4_5,nips4b_birds_trainfile444,4.0,5.0,1789,a2v,154368,201.0,0,sylcan_call,sylcan_call,True,/path/to/data,24000,24000,86,a2v_1s_vote,single,200,majority_vote
nips4b_birds_trainfile445_0_1,nips4b_birds_trainfile445,0.0,1.0,1790,a2v,154368,201.0,0,fricoe_call,fricoe_call,True,/path/to/data,24000,24000,82,a2v_1s_vote,single,200,majority_vote
nips4b_birds_trainfile446_0_1,nips4b_birds_trainfile446,0.0,1.0,1795,a2v,154368,201.0,0,phofem_song,phofem_song,True,/path/to/data,24000,24000,18,a2v_1s_vote,single,200,majority_vote
nips4b_birds_trainfile447_0_1,nips4b_birds_trainfile447,0.0,1.0,1799,a2v,154368,201.0,0,loxcur_call,loxcur_call,True,/path/to/data,24000,24000,47,a2v_1s_vote,single,200,majority_vote
nips4b_birds_trainfile448_4_5,nips4b_birds_trainfile448,4.0,5.0,1808,a2v,154368,201.0,0,carcan_song,carcan_song,True,/path/to/data,24000,24000,29,a2v_1s_vote,single,200,majority_vote
nips4b_birds_trainfile449_3_4,nips4b_birds_trainfile449,3.0,4.0,1812,a2v,154368,201.0,0,anttri_song,anttri_song,True,/path/to/data,24000,24000,183,a2v_1s_vote,single,200,majority_vote
nips4b_birds_trainfile449_4_5,nips4b_birds_trainfile449,4.0,5.0,1813,a2v,154368,201.0,0,anttri_song,anttri_song,True,/path/to/data,24000,24000,64,a2v_1s_vote,single,200,majority_vote
nips4b_birds_trainfile451_0_1,nips4b_birds_trainfile451,0.0,1.0,1815,a2v,154368,201.0,0,sylatr_call,sylatr_call,True,/path/to/data,24000,24000,147,a2v_1s_vote,single,200,majority_vote
nips4b_birds_trainfile451_1_2,nips4b_birds_trainfile451,1.0,2.0,1816,a2v,154368,201.0,0,sylatr_call,sylatr_call,True,/path/to/data,24000,24000,147,a2v_1s_vote,single,200,majority_vote
nips4b_birds_trainfile451_2_3,nips4b_birds_trainfile451,2.0,3.0,1817,a2v,154368,201.0,0,sylatr_call,sylatr_call,True,/path/to/data,24000,24000,8,a2v_1s_vote,single,200,majority_vote
nips4b_birds_trainfile451_3_4,nips4b_birds_trainfile451,3.0,4.0,1818,a2v,154368,201.0,0,sylatr_call,sylatr_call,True,/path/to/data,24000,24000,147,a2v_1s_vote,single,200,majority_vote
nips4b_birds_trainfile451_4_5,nips4b_birds_trainfile451,4.0,5.0,1819,a2v,154368,201.0,0,sylatr_call,sylatr_call,True,/path/to/data,24000,24000,8,a2v_1s_vote,single,200,majority_vote
nips4b_birds_trainfile452_0_1,nips4b_birds_trainfile452,0.0,1.0,1820,a2v,154368,201.0,0,lusmeg_call,lusmeg_call,True,/path/to/data,24000,24000,14,a2v_1s_vote,single,200,majority_vote
nips4b_birds_trainfile452_1_2,nips4b_birds_trainfile452,1.0,2.0,1821,a2v,154368,201.0,0,lusmeg_call,lusmeg_call,True,/path/to/data,24000,24000,14,a2v_1s_vote,single,200,majority_vote
nips4b_birds_trainfile455_0_1,nips4b_birds_trainfile455,0.0,1.0,1835,a2v,154368,201.0,0,sylund_call,sylund_call,True,/path/to/data,24000,24000,114,a2v_1s_vote,single,200,majority_vote
nips4b_birds_trainfile455_2_3,nips4b_birds_trainfile455,2.0,3.0,1837,a2v,154368,201.0,0,sylund_call,sylund_call,True,/path/to/data,24000,24000,114,a2v_1s_vote,single,200,majority_vote
nips4b_birds_trainfile455_4_5,nips4b_birds_trainfile455,4.0,5.0,1839,a2v,154368,201.0,0,sylund_call,sylund_call,True,/path/to/data,24000,24000,114,a2v_1s_vote,single,200,majority_vote
nips4b_birds_trainfile456_0_1,nips4b_birds_trainfile456,0.0,1.0,1840,a2v,154368,201.0,0,parmaj_call,parmaj_call,True,/path/to/data,24000,24000,56,a2v_1s_vote,single,200,majority_vote
nips4b_birds_trainfile457_0_1,nips4b_birds_trainfile457,0.0,1.0,1842,a2v,154368,201.0,0,ptehey_song,ptehey_song,True,/path/to/data,24000,24000,18,a2v_1s_vote,single,200,majority_vote
nips4b_birds_trainfile457_1_2,nips4b_birds_trainfile457,1.0,2.0,1843,a2v,154368,201.0,0,ptehey_song,ptehey_song,True,/path/to/data,24000,24000,10,a2v_1s_vote,single,200,majority_vote
nips4b_birds_trainfile458_0_1,nips4b_birds_trainfile458,0.0,1.0,1844,a2v,154368,201.0,0,cicorn_song,cicorn_song,True,/path/to/data,24000,24000,72,a2v_1s_vote,single,200,majority_vote
nips4b_birds_trainfile459_0_1,nips4b_birds_trainfile459,0.0,1.0,1846,a2v,154368,201.0,0,cerbra_song,cerbra_song,True,/path/to/data,24000,24000,64,a2v_1s_vote,single,200,majority_vote
nips4b_birds_trainfile459_2_3,nips4b_birds_trainfile459,2.0,3.0,1848,a2v,154368,201.0,0,parate_song,parate_song,True,/path/to/data,24000,24000,84,a2v_1s_vote,single,200,majority_vote
nips4b_birds_trainfile459_3_4,nips4b_birds_trainfile459,3.0,4.0,1849,a2v,154368,201.0,0,parate_song,parate_song,True,/path/to/data,24000,24000,84,a2v_1s_vote,single,200,majority_vote
nips4b_birds_trainfile459_4_5,nips4b_birds_trainfile459,4.0,5.0,1850,a2v,154368,201.0,0,parate_song,parate_song,True,/path/to/data,24000,24000,84,a2v_1s_vote,single,200,majority_vote
nips4b_birds_trainfile460_0_1,nips4b_birds_trainfile460,0.0,1.0,1851,a2v,154368,201.0,0,aegcau_call,aegcau_call,True,/path/to/data,24000,24000,25,a2v_1s_vote,single,200,majority_vote
nips4b_birds_trainfile460_1_2,nips4b_birds_trainfile460,1.0,2.0,1852,a2v,154368,201.0,0,aegcau_call,aegcau_call,True,/path/to/data,24000,24000,132,a2v_1s_vote,single,200,majority_vote
nips4b_birds_trainfile461_0_1,nips4b_birds_trainfile461,0.0,1.0,1854,a2v,154368,201.0,0,turmer_song,turmer_song,True,/path/to/data,24000,24000,72,a2v_1s_vote,single,200,majority_vote
nips4b_birds_trainfile461_1_2,nips4b_birds_trainfile461,1.0,2.0,1855,a2v,154368,201.0,0,turmer_song,turmer_song,True,/path/to/data,24000,24000,9,a2v_1s_vote,single,200,majority_vote
nips4b_birds_trainfile461_2_3,nips4b_birds_trainfile461,2.0,3.0,1856,a2v,154368,201.0,0,turmer_song,turmer_song,True,/path/to/data,24000,24000,56,a2v_1s_vote,single,200,majority_vote
nips4b_birds_trainfile461_3_4,nips4b_birds_trainfile461,3.0,4.0,1857,a2v,154368,201.0,0,parate_call,parate_call,True,/path/to/data,24000,24000,191,a2v_1s_vote,single,200,majority_vote
nips4b_birds_trainfile462_0_1,nips4b_birds_trainfile462,0.0,1.0,1859,a2v,154368,201.0,0,lusmeg_song,lusmeg_song,True,/path/to/data,24000,24000,6,a2v_1s_vote,single,200,majority_vote
nips4b_birds_trainfile462_1_2,nips4b_birds_trainfile462,1.0,2.0,1860,a2v,154368,201.0,0,lusmeg_song,lusmeg_song,True,/path/to/data,24000,24000,186,a2v_1s_vote,single,200,majority_vote
nips4b_birds_trainfile462_3_4,nips4b_birds_trainfile462,3.0,4.0,1862,a2v,154368,201.0,0,cetcet_song,cetcet_song,True,/path/to/data,24000,24000,91,a2v_1s_vote,single,200,majority_vote
nips4b_birds_trainfile462_4_5,nips4b_birds_trainfile462,4.0,5.0,1863,a2v,154368,201.0,0,cetcet_song,cetcet_song,True,/path/to/data,24000,24000,161,a2v_1s_vote,single,200,majority_vote
nips4b_birds_trainfile464_2_3,nips4b_birds_trainfile464,2.0,3.0,1868,a2v,154368,201.0,0,embcir_call,embcir_call,True,/path/to/data,24000,24000,120,a2v_1s_vote,single,200,majority_vote
nips4b_birds_trainfile464_4_5,nips4b_birds_trainfile464,4.0,5.0,1870,a2v,154368,201.0,0,embcir_call,embcir_call,True,/path/to/data,24000,24000,120,a2v_1s_vote,single,200,majority_vote
nips4b_birds_trainfile465_2_3,nips4b_birds_trainfile465,2.0,3.0,1873,a2v,154368,201.0,0,anttri_song,anttri_song,True,/path/to/data,24000,24000,37,a2v_1s_vote,single,200,majority_vote
nips4b_birds_trainfile466_2_3,nips4b_birds_trainfile466,2.0,3.0,1878,a2v,154368,201.0,0,turmer_song,turmer_song,True,/path/to/data,24000,24000,166,a2v_1s_vote,single,200,majority_vote
nips4b_birds_trainfile466_4_5,nips4b_birds_trainfile466,4.0,5.0,1880,a2v,154368,201.0,0,gargla_call,gargla_call,True,/path/to/data,24000,24000,186,a2v_1s_vote,single,200,majority_vote
nips4b_birds_trainfile467_0_1,nips4b_birds_trainfile467,0.0,1.0,1881,a2v,154368,201.0,0,parcae_call,parcae_call,True,/path/to/data,24000,24000,134,a2v_1s_vote,single,200,majority_vote
nips4b_birds_trainfile468_0_1,nips4b_birds_trainfile468,0.0,1.0,1884,a2v,154368,201.0,0,turphi_song,turphi_song,True,/path/to/data,24000,24000,198,a2v_1s_vote,single,200,majority_vote
nips4b_birds_trainfile468_4_5,nips4b_birds_trainfile468,4.0,5.0,1888,a2v,154368,201.0,0,turphi_song,turphi_song,True,/path/to/data,24000,24000,87,a2v_1s_vote,single,200,majority_vote
nips4b_birds_trainfile469_0_1,nips4b_birds_trainfile469,0.0,1.0,1889,a2v,154368,201.0,0,plaaff_song,plaaff_song,True,/path/to/data,24000,24000,96,a2v_1s_vote,single,200,majority_vote
nips4b_birds_trainfile469_1_2,nips4b_birds_trainfile469,1.0,2.0,1890,a2v,154368,201.0,0,plaaff_song,plaaff_song,True,/path/to/data,24000,24000,8,a2v_1s_vote,single,200,majority_vote
nips4b_birds_trainfile469_2_3,nips4b_birds_trainfile469,2.0,3.0,1891,a2v,154368,201.0,0,plaaff_song,plaaff_song,True,/path/to/data,24000,24000,119,a2v_1s_vote,single,200,majority_vote
nips4b_birds_trainfile469_3_4,nips4b_birds_trainfile469,3.0,4.0,1892,a2v,154368,201.0,0,plaaff_song,plaaff_song,True,/path/to/data,24000,24000,43,a2v_1s_vote,single,200,majority_vote
nips4b_birds_trainfile470_2_3,nips4b_birds_trainfile470,2.0,3.0,1896,a2v,154368,201.0,0,embcir_call,embcir_call,True,/path/to/data,24000,24000,56,a2v_1s_vote,single,200,majority_vote
nips4b_birds_trainfile472_0_1,nips4b_birds_trainfile472,0.0,1.0,1899,a2v,154368,201.0,0,cetcet_song,cetcet_song,True,/path/to/data,24000,24000,41,a2v_1s_vote,single,200,majority_vote
nips4b_birds_trainfile472_2_3,nips4b_birds_trainfile472,2.0,3.0,1901,a2v,154368,201.0,0,oriori_song,oriori_song,True,/path/to/data,24000,24000,10,a2v_1s_vote,single,200,majority_vote
nips4b_birds_trainfile473_1_2,nips4b_birds_trainfile473,1.0,2.0,1903,a2v,154368,201.0,0,sylatr_call,sylatr_call,True,/path/to/data,24000,24000,166,a2v_1s_vote,single,200,majority_vote
nips4b_birds_trainfile473_3_4,nips4b_birds_trainfile473,3.0,4.0,1905,a2v,154368,201.0,0,parcae_call,parcae_call,True,/path/to/data,24000,24000,65,a2v_1s_vote,single,200,majority_vote
nips4b_birds_trainfile473_4_5,nips4b_birds_trainfile473,4.0,5.0,1906,a2v,154368,201.0,0,parcae_call,parcae_call,True,/path/to/data,24000,24000,52,a2v_1s_vote,single,200,majority_vote
nips4b_birds_trainfile474_0_1,nips4b_birds_trainfile474,0.0,1.0,1907,a2v,154368,201.0,0,galthe_song,galthe_song,True,/path/to/data,24000,24000,15,a2v_1s_vote,single,200,majority_vote
nips4b_birds_trainfile474_1_2,nips4b_birds_trainfile474,1.0,2.0,1908,a2v,154368,201.0,0,galthe_song,galthe_song,True,/path/to/data,24000,24000,180,a2v_1s_vote,single,200,majority_vote
nips4b_birds_trainfile474_2_3,nips4b_birds_trainfile474,2.0,3.0,1909,a2v,154368,201.0,0,galthe_song,galthe_song,True,/path/to/data,24000,24000,180,a2v_1s_vote,single,200,majority_vote
nips4b_birds_trainfile474_3_4,nips4b_birds_trainfile474,3.0,4.0,1910,a2v,154368,201.0,0,galthe_song,galthe_song,True,/path/to/data,24000,24000,135,a2v_1s_vote,single,200,majority_vote
nips4b_birds_trainfile474_4_5,nips4b_birds_trainfile474,4.0,5.0,1911,a2v,154368,201.0,0,galthe_song,galthe_song,True,/path/to/data,24000,24000,14,a2v_1s_vote,single,200,majority_vote
nips4b_birds_trainfile479_2_3,nips4b_birds_trainfile479,2.0,3.0,1930,a2v,154368,201.0,0,loxcur_call,loxcur_call,True,/path/to/data,24000,24000,109,a2v_1s_vote,single,200,majority_vote
nips4b_birds_trainfile480_1_2,nips4b_birds_trainfile480,1.0,2.0,1934,a2v,154368,201.0,0,jyntor_song,jyntor_song,True,/path/to/data,24000,24000,18,a2v_1s_vote,single,200,majority_vote
nips4b_birds_trainfile480_3_4,nips4b_birds_trainfile480,3.0,4.0,1936,a2v,154368,201.0,0,serser_song,serser_song,True,/path/to/data,24000,24000,18,a2v_1s_vote,single,200,majority_vote
nips4b_birds_trainfile481_0_1,nips4b_birds_trainfile481,0.0,1.0,1937,a2v,154368,201.0,0,siteur_song,siteur_song,True,/path/to/data,24000,24000,1,a2v_1s_vote,single,200,majority_vote
nips4b_birds_trainfile481_2_3,nips4b_birds_trainfile481,2.0,3.0,1939,a2v,154368,201.0,0,lopcri_call,lopcri_call,True,/path/to/data,24000,24000,47,a2v_1s_vote,single,200,majority_vote
nips4b_birds_trainfile481_3_4,nips4b_birds_trainfile481,3.0,4.0,1940,a2v,154368,201.0,0,lopcri_call,lopcri_call,True,/path/to/data,24000,24000,134,a2v_1s_vote,single,200,majority_vote
nips4b_birds_trainfile481_4_5,nips4b_birds_trainfile481,4.0,5.0,1941,a2v,154368,201.0,0,lopcri_call,lopcri_call,True,/path/to/data,24000,24000,56,a2v_1s_vote,single,200,majority_vote
nips4b_birds_trainfile482_0_1,nips4b_birds_trainfile482,0.0,1.0,1942,a2v,154368,201.0,0,galthe_song,galthe_song,True,/path/to/data,24000,24000,14,a2v_1s_vote,single,200,majority_vote
nips4b_birds_trainfile482_2_3,nips4b_birds_trainfile482,2.0,3.0,1944,a2v,154368,201.0,0,galthe_song,galthe_song,True,/path/to/data,24000,24000,74,a2v_1s_vote,single,200,majority_vote
nips4b_birds_trainfile483_0_1,nips4b_birds_trainfile483,0.0,1.0,1945,a2v,154368,201.0,0,carcar_call,carcar_call,True,/path/to/data,24000,24000,134,a2v_1s_vote,single,200,majority_vote
nips4b_birds_trainfile483_1_2,nips4b_birds_trainfile483,1.0,2.0,1946,a2v,154368,201.0,0,carcar_call,carcar_call,True,/path/to/data,24000,24000,20,a2v_1s_vote,single,200,majority_vote
nips4b_birds_trainfile484_0_1,nips4b_birds_trainfile484,0.0,1.0,1947,a2v,154368,201.0,0,turmer_call,turmer_call,True,/path/to/data,24000,24000,138,a2v_1s_vote,single,200,majority_vote
nips4b_birds_trainfile484_1_2,nips4b_birds_trainfile484,1.0,2.0,1948,a2v,154368,201.0,0,prumod_song,prumod_song,True,/path/to/data,24000,24000,148,a2v_1s_vote,single,200,majority_vote
nips4b_birds_trainfile484_2_3,nips4b_birds_trainfile484,2.0,3.0,1949,a2v,154368,201.0,0,erirub_call,erirub_call,True,/path/to/data,24000,24000,9,a2v_1s_vote,single,200,majority_vote
nips4b_birds_trainfile484_3_4,nips4b_birds_trainfile484,3.0,4.0,1950,a2v,154368,201.0,0,prumod_song,prumod_song,True,/path/to/data,24000,24000,20,a2v_1s_vote,single,200,majority_vote
nips4b_birds_trainfile485_1_2,nips4b_birds_trainfile485,1.0,2.0,1953,a2v,154368,201.0,0,phycol_song,phycol_song,True,/path/to/data,24000,24000,48,a2v_1s_vote,single,200,majority_vote
nips4b_birds_trainfile485_4_5,nips4b_birds_trainfile485,4.0,5.0,1956,a2v,154368,201.0,0,anttri_song,anttri_song,True,/path/to/data,24000,24000,41,a2v_1s_vote,single,200,majority_vote
nips4b_birds_trainfile487_0_1,nips4b_birds_trainfile487,0.0,1.0,1962,a2v,154368,201.0,0,ptehey_song,ptehey_song,True,/path/to/data,24000,24000,72,a2v_1s_vote,single,200,majority_vote
nips4b_birds_trainfile488_0_1,nips4b_birds_trainfile488,0.0,1.0,1964,a2v,154368,201.0,0,sylund_song,sylund_song,True,/path/to/data,24000,24000,41,a2v_1s_vote,single,200,majority_vote
nips4b_birds_trainfile488_1_2,nips4b_birds_trainfile488,1.0,2.0,1965,a2v,154368,201.0,0,sylund_song,sylund_song,True,/path/to/data,24000,24000,14,a2v_1s_vote,single,200,majority_vote
nips4b_birds_trainfile488_2_3,nips4b_birds_trainfile488,2.0,3.0,1966,a2v,154368,201.0,0,sylund_song,sylund_song,True,/path/to/data,24000,24000,180,a2v_1s_vote,single,200,majority_vote
nips4b_birds_trainfile489_2_3,nips4b_birds_trainfile489,2.0,3.0,1971,a2v,154368,201.0,0,parcae_call,parcae_call,True,/path/to/data,24000,24000,72,a2v_1s_vote,single,200,majority_vote
nips4b_birds_trainfile491_0_1,nips4b_birds_trainfile491,0.0,1.0,1978,a2v,154368,201.0,0,parate_call,parate_call,True,/path/to/data,24000,24000,108,a2v_1s_vote,single,200,majority_vote
nips4b_birds_trainfile491_2_3,nips4b_birds_trainfile491,2.0,3.0,1980,a2v,154368,201.0,0,siteur_song,siteur_song,True,/path/to/data,24000,24000,166,a2v_1s_vote,single,200,majority_vote
nips4b_birds_trainfile491_3_4,nips4b_birds_trainfile491,3.0,4.0,1981,a2v,154368,201.0,0,siteur_song,siteur_song,True,/path/to/data,24000,24000,129,a2v_1s_vote,single,200,majority_vote
nips4b_birds_trainfile491_4_5,nips4b_birds_trainfile491,4.0,5.0,1982,a2v,154368,201.0,0,parate_call,parate_call,True,/path/to/data,24000,24000,152,a2v_1s_vote,single,200,majority_vote
nips4b_birds_trainfile493_0_1,nips4b_birds_trainfile493,0.0,1.0,1988,a2v,154368,201.0,0,sylund_song,sylund_song,True,/path/to/data,24000,24000,180,a2v_1s_vote,single,200,majority_vote
nips4b_birds_trainfile495_0_1,nips4b_birds_trainfile495,0.0,1.0,1996,a2v,154368,201.0,0,carcan_song,carcan_song,True,/path/to/data,24000,24000,49,a2v_1s_vote,single,200,majority_vote
nips4b_birds_trainfile495_4_5,nips4b_birds_trainfile495,4.0,5.0,2000,a2v,154368,201.0,0,carcan_song,carcan_song,True,/path/to/data,24000,24000,18,a2v_1s_vote,single,200,majority_vote
nips4b_birds_trainfile496_0_1,nips4b_birds_trainfile496,0.0,1.0,2001,a2v,154368,201.0,0,sylcan_song,sylcan_song,True,/path/to/data,24000,24000,42,a2v_1s_vote,single,200,majority_vote
nips4b_birds_trainfile496_1_2,nips4b_birds_trainfile496,1.0,2.0,2002,a2v,154368,201.0,0,sylcan_song,sylcan_song,True,/path/to/data,24000,24000,100,a2v_1s_vote,single,200,majority_vote
nips4b_birds_trainfile496_2_3,nips4b_birds_trainfile496,2.0,3.0,2003,a2v,154368,201.0,0,sylcan_song,sylcan_song,True,/path/to/data,24000,24000,184,a2v_1s_vote,single,200,majority_vote
nips4b_birds_trainfile496_3_4,nips4b_birds_trainfile496,3.0,4.0,2004,a2v,154368,201.0,0,sylcan_song,sylcan_song,True,/path/to/data,24000,24000,124,a2v_1s_vote,single,200,majority_vote
nips4b_birds_trainfile497_2_3,nips4b_birds_trainfile497,2.0,3.0,2008,a2v,154368,201.0,0,galthe_song,galthe_song,True,/path/to/data,24000,24000,182,a2v_1s_vote,single,200,majority_vote
nips4b_birds_trainfile497_3_4,nips4b_birds_trainfile497,3.0,4.0,2009,a2v,154368,201.0,0,galthe_song,galthe_song,True,/path/to/data,24000,24000,1,a2v_1s_vote,single,200,majority_vote
nips4b_birds_trainfile497_4_5,nips4b_birds_trainfile497,4.0,5.0,2010,a2v,154368,201.0,0,galthe_song,galthe_song,True,/path/to/data,24000,24000,18,a2v_1s_vote,single,200,majority_vote
nips4b_birds_trainfile500_0_1,nips4b_birds_trainfile500,0.0,1.0,2021,a2v,154368,201.0,0,denmaj_call,denmaj_call,True,/path/to/data,24000,24000,122,a2v_1s_vote,single,200,majority_vote
nips4b_birds_trainfile500_2_3,nips4b_birds_trainfile500,2.0,3.0,2023,a2v,154368,201.0,0,erirub_song,erirub_song,True,/path/to/data,24000,24000,64,a2v_1s_vote,single,200,majority_vote
nips4b_birds_trainfile502_1_2,nips4b_birds_trainfile502,1.0,2.0,2032,a2v,154368,201.0,0,turphi_song,turphi_song,True,/path/to/data,24000,24000,152,a2v_1s_vote,single,200,majority_vote
nips4b_birds_trainfile502_2_3,nips4b_birds_trainfile502,2.0,3.0,2033,a2v,154368,201.0,0,turphi_song,turphi_song,True,/path/to/data,24000,24000,198,a2v_1s_vote,single,200,majority_vote
nips4b_birds_trainfile502_4_5,nips4b_birds_trainfile502,4.0,5.0,2035,a2v,154368,201.0,0,poepal_song,poepal_song,True,/path/to/data,24000,24000,1,a2v_1s_vote,single,200,majority_vote
nips4b_birds_trainfile503_1_2,nips4b_birds_trainfile503,1.0,2.0,2037,a2v,154368,201.0,0,embcir_song,embcir_song,True,/path/to/data,24000,24000,143,a2v_1s_vote,single,200,majority_vote
nips4b_birds_trainfile503_3_4,nips4b_birds_trainfile503,3.0,4.0,2039,a2v,154368,201.0,0,stuvul_call,stuvul_call,True,/path/to/data,24000,24000,20,a2v_1s_vote,single,200,majority_vote
nips4b_birds_trainfile504_1_2,nips4b_birds_trainfile504,1.0,2.0,2042,a2v,154368,201.0,0,butbut_call,butbut_call,True,/path/to/data,24000,24000,198,a2v_1s_vote,single,200,majority_vote
nips4b_birds_trainfile504_2_3,nips4b_birds_trainfile504,2.0,3.0,2043,a2v,154368,201.0,0,turphi_call,turphi_call,True,/path/to/data,24000,24000,31,a2v_1s_vote,single,200,majority_vote
nips4b_birds_trainfile504_3_4,nips4b_birds_trainfile504,3.0,4.0,2044,a2v,154368,201.0,0,butbut_call,butbut_call,True,/path/to/data,24000,24000,186,a2v_1s_vote,single,200,majority_vote
nips4b_birds_trainfile504_4_5,nips4b_birds_trainfile504,4.0,5.0,2045,a2v,154368,201.0,0,regign_song,regign_song,True,/path/to/data,24000,24000,142,a2v_1s_vote,single,200,majority_vote
nips4b_birds_trainfile506_0_1,nips4b_birds_trainfile506,0.0,1.0,2051,a2v,154368,201.0,0,cerbra_call,cerbra_call,True,/path/to/data,24000,24000,23,a2v_1s_vote,single,200,majority_vote
nips4b_birds_trainfile506_1_2,nips4b_birds_trainfile506,1.0,2.0,2052,a2v,154368,201.0,0,cerbra_call,cerbra_call,True,/path/to/data,24000,24000,10,a2v_1s_vote,single,200,majority_vote
nips4b_birds_trainfile506_3_4,nips4b_birds_trainfile506,3.0,4.0,2054,a2v,154368,201.0,0,embcir_call,embcir_call,True,/path/to/data,24000,24000,117,a2v_1s_vote,single,200,majority_vote
nips4b_birds_trainfile506_4_5,nips4b_birds_trainfile506,4.0,5.0,2055,a2v,154368,201.0,0,embcir_call,embcir_call,True,/path/to/data,24000,24000,117,a2v_1s_vote,single,200,majority_vote
nips4b_birds_trainfile507_1_2,nips4b_birds_trainfile507,1.0,2.0,2057,a2v,154368,201.0,0,chlchl_call,chlchl_call,True,/path/to/data,24000,24000,191,a2v_1s_vote,single,200,majority_vote
nips4b_birds_trainfile507_2_3,nips4b_birds_trainfile507,2.0,3.0,2058,a2v,154368,201.0,0,chlchl_call,chlchl_call,True,/path/to/data,24000,24000,1,a2v_1s_vote,single,200,majority_vote
nips4b_birds_trainfile508_0_1,nips4b_birds_trainfile508,0.0,1.0,2061,a2v,154368,201.0,0,sylmel_song,sylmel_song,True,/path/to/data,24000,24000,124,a2v_1s_vote,single,200,majority_vote
nips4b_birds_trainfile508_1_2,nips4b_birds_trainfile508,1.0,2.0,2062,a2v,154368,201.0,0,sylmel_song,sylmel_song,True,/path/to/data,24000,24000,74,a2v_1s_vote,single,200,majority_vote
nips4b_birds_trainfile509_3_4,nips4b_birds_trainfile509,3.0,4.0,2067,a2v,154368,201.0,0,regign_song,regign_song,True,/path/to/data,24000,24000,189,a2v_1s_vote,single,200,majority_vote
nips4b_birds_trainfile509_4_5,nips4b_birds_trainfile509,4.0,5.0,2068,a2v,154368,201.0,0,pyrpyr_call,pyrpyr_call,True,/path/to/data,24000,24000,72,a2v_1s_vote,single,200,majority_vote
nips4b_birds_trainfile510_2_3,nips4b_birds_trainfile510,2.0,3.0,2071,a2v,154368,201.0,0,turphi_call,turphi_call,True,/path/to/data,24000,24000,166,a2v_1s_vote,single,200,majority_vote
nips4b_birds_trainfile512_1_2,nips4b_birds_trainfile512,1.0,2.0,2076,a2v,154368,201.0,0,hirrus_call,hirrus_call,True,/path/to/data,24000,24000,72,a2v_1s_vote,single,200,majority_vote
nips4b_birds_trainfile512_2_3,nips4b_birds_trainfile512,2.0,3.0,2077,a2v,154368,201.0,0,hirrus_call,hirrus_call,True,/path/to/data,24000,24000,182,a2v_1s_vote,single,200,majority_vote
nips4b_birds_trainfile514_0_1,nips4b_birds_trainfile514,0.0,1.0,2083,a2v,154368,201.0,0,musstr_call,musstr_call,True,/path/to/data,24000,24000,9,a2v_1s_vote,single,200,majority_vote
nips4b_birds_trainfile515_0_1,nips4b_birds_trainfile515,0.0,1.0,2084,a2v,154368,201.0,0,serser_song,serser_song,True,/path/to/data,24000,24000,143,a2v_1s_vote,single,200,majority_vote
nips4b_birds_trainfile515_1_2,nips4b_birds_trainfile515,1.0,2.0,2085,a2v,154368,201.0,0,serser_song,serser_song,True,/path/to/data,24000,24000,1,a2v_1s_vote,single,200,majority_vote
nips4b_birds_trainfile517_0_1,nips4b_birds_trainfile517,0.0,1.0,2091,a2v,154368,201.0,0,sylcan_call,sylcan_call,True,/path/to/data,24000,24000,122,a2v_1s_vote,single,200,majority_vote
nips4b_birds_trainfile517_1_2,nips4b_birds_trainfile517,1.0,2.0,2092,a2v,154368,201.0,0,sylcan_call,sylcan_call,True,/path/to/data,24000,24000,70,a2v_1s_vote,single,200,majority_vote
nips4b_birds_trainfile517_4_5,nips4b_birds_trainfile517,4.0,5.0,2095,a2v,154368,201.0,0,sylcan_call,sylcan_call,True,/path/to/data,24000,24000,122,a2v_1s_vote,single,200,majority_vote
nips4b_birds_trainfile519_0_1,nips4b_birds_trainfile519,0.0,1.0,2098,a2v,154368,201.0,0,carcan_song,carcan_song,True,/path/to/data,24000,24000,10,a2v_1s_vote,single,200,majority_vote
nips4b_birds_trainfile519_1_2,nips4b_birds_trainfile519,1.0,2.0,2099,a2v,154368,201.0,0,carcan_song,carcan_song,True,/path/to/data,24000,24000,114,a2v_1s_vote,single,200,majority_vote
nips4b_birds_trainfile520_0_1,nips4b_birds_trainfile520,0.0,1.0,2103,a2v,154368,201.0,0,plaaff_song,plaaff_song,True,/path/to/data,24000,24000,8,a2v_1s_vote,single,200,majority_vote
nips4b_birds_trainfile520_1_2,nips4b_birds_trainfile520,1.0,2.0,2104,a2v,154368,201.0,0,plaaff_song,plaaff_song,True,/path/to/data,24000,24000,8,a2v_1s_vote,single,200,majority_vote
nips4b_birds_trainfile520_2_3,nips4b_birds_trainfile520,2.0,3.0,2105,a2v,154368,201.0,0,plaaff_song,plaaff_song,True,/path/to/data,24000,24000,8,a2v_1s_vote,single,200,majority_vote
nips4b_birds_trainfile521_0_1,nips4b_birds_trainfile521,0.0,1.0,2107,a2v,154368,201.0,0,carcan_song,carcan_song,True,/path/to/data,24000,24000,1,a2v_1s_vote,single,200,majority_vote
nips4b_birds_trainfile522_0_1,nips4b_birds_trainfile522,0.0,1.0,2112,a2v,154368,201.0,0,plaaff_song,plaaff_song,True,/path/to/data,24000,24000,26,a2v_1s_vote,single,200,majority_vote
nips4b_birds_trainfile522_1_2,nips4b_birds_trainfile522,1.0,2.0,2113,a2v,154368,201.0,0,plaaff_song,plaaff_song,True,/path/to/data,24000,24000,8,a2v_1s_vote,single,200,majority_vote
nips4b_birds_trainfile522_2_3,nips4b_birds_trainfile522,2.0,3.0,2114,a2v,154368,201.0,0,plaaff_song,plaaff_song,True,/path/to/data,24000,24000,26,a2v_1s_vote,single,200,majority_vote
nips4b_birds_trainfile522_3_4,nips4b_birds_trainfile522,3.0,4.0,2115,a2v,154368,201.0,0,plaaff_song,plaaff_song,True,/path/to/data,24000,24000,97,a2v_1s_vote,single,200,majority_vote
nips4b_birds_trainfile523_0_1,nips4b_birds_trainfile523,0.0,1.0,2117,a2v,154368,201.0,0,sylmel_call,sylmel_call,True,/path/to/data,24000,24000,17,a2v_1s_vote,single,200,majority_vote
nips4b_birds_trainfile523_1_2,nips4b_birds_trainfile523,1.0,2.0,2118,a2v,154368,201.0,0,sylmel_call,sylmel_call,True,/path/to/data,24000,24000,180,a2v_1s_vote,single,200,majority_vote
nips4b_birds_trainfile525_4_5,nips4b_birds_trainfile525,4.0,5.0,2128,a2v,154368,201.0,0,phycol_call,phycol_call,True,/path/to/data,24000,24000,38,a2v_1s_vote,single,200,majority_vote
nips4b_birds_trainfile527_0_1,nips4b_birds_trainfile527,0.0,1.0,2134,a2v,154368,201.0,0,sylcan_call,sylcan_call,True,/path/to/data,24000,24000,122,a2v_1s_vote,single,200,majority_vote
nips4b_birds_trainfile527_1_2,nips4b_birds_trainfile527,1.0,2.0,2135,a2v,154368,201.0,0,sylcan_call,sylcan_call,True,/path/to/data,24000,24000,51,a2v_1s_vote,single,200,majority_vote
nips4b_birds_trainfile527_2_3,nips4b_birds_trainfile527,2.0,3.0,2136,a2v,154368,201.0,0,sylcan_call,sylcan_call,True,/path/to/data,24000,24000,93,a2v_1s_vote,single,200,majority_vote
nips4b_birds_trainfile527_3_4,nips4b_birds_trainfile527,3.0,4.0,2137,a2v,154368,201.0,0,sylcan_call,sylcan_call,True,/path/to/data,24000,24000,166,a2v_1s_vote,single,200,majority_vote
nips4b_birds_trainfile528_0_1,nips4b_birds_trainfile528,0.0,1.0,2139,a2v,154368,201.0,0,lusmeg_call,lusmeg_call,True,/path/to/data,24000,24000,114,a2v_1s_vote,single,200,majority_vote
nips4b_birds_trainfile528_1_2,nips4b_birds_trainfile528,1.0,2.0,2140,a2v,154368,201.0,0,lusmeg_call,lusmeg_call,True,/path/to/data,24000,24000,166,a2v_1s_vote,single,200,majority_vote
nips4b_birds_trainfile529_0_1,nips4b_birds_trainfile529,0.0,1.0,2141,a2v,154368,201.0,0,sylund_call,sylund_call,True,/path/to/data,24000,24000,114,a2v_1s_vote,single,200,majority_vote
nips4b_birds_trainfile529_2_3,nips4b_birds_trainfile529,2.0,3.0,2143,a2v,154368,201.0,0,sylund_call,sylund_call,True,/path/to/data,24000,24000,114,a2v_1s_vote,single,200,majority_vote
nips4b_birds_trainfile530_0_1,nips4b_birds_trainfile530,0.0,1.0,2145,a2v,154368,201.0,0,phofem_song,phofem_song,True,/path/to/data,24000,24000,6,a2v_1s_vote,single,200,majority_vote
nips4b_birds_trainfile530_1_2,nips4b_birds_trainfile530,1.0,2.0,2146,a2v,154368,201.0,0,lularb_song,lularb_song,True,/path/to/data,24000,24000,49,a2v_1s_vote,single,200,majority_vote
nips4b_birds_trainfile530_3_4,nips4b_birds_trainfile530,3.0,4.0,2148,a2v,154368,201.0,0,lularb_song,lularb_song,True,/path/to/data,24000,24000,62,a2v_1s_vote,single,200,majority_vote
nips4b_birds_trainfile533_4_5,nips4b_birds_trainfile533,4.0,5.0,2156,a2v,154368,201.0,0,turmer_call,turmer_call,True,/path/to/data,24000,24000,138,a2v_1s_vote,single,200,majority_vote
nips4b_birds_trainfile535_0_1,nips4b_birds_trainfile535,0.0,1.0,2159,a2v,154368,201.0,0,parate_call,parate_call,True,/path/to/data,24000,24000,20,a2v_1s_vote,single,200,majority_vote
nips4b_birds_trainfile535_1_2,nips4b_birds_trainfile535,1.0,2.0,2160,a2v,154368,201.0,0,prumod_song,prumod_song,True,/path/to/data,24000,24000,9,a2v_1s_vote,single,200,majority_vote
nips4b_birds_trainfile535_2_3,nips4b_birds_trainfile535,2.0,3.0,2161,a2v,154368,201.0,0,prumod_song,prumod_song,True,/path/to/data,24000,24000,20,a2v_1s_vote,single,200,majority_vote
nips4b_birds_trainfile535_3_4,nips4b_birds_trainfile535,3.0,4.0,2162,a2v,154368,201.0,0,erirub_call,erirub_call,True,/path/to/data,24000,24000,31,a2v_1s_vote,single,200,majority_vote
nips4b_birds_trainfile536_0_1,nips4b_birds_trainfile536,0.0,1.0,2164,a2v,154368,201.0,0,prumod_song,prumod_song,True,/path/to/data,24000,24000,129,a2v_1s_vote,single,200,majority_vote
nips4b_birds_trainfile536_1_2,nips4b_birds_trainfile536,1.0,2.0,2165,a2v,154368,201.0,0,parcae_call,parcae_call,True,/path/to/data,24000,24000,51,a2v_1s_vote,single,200,majority_vote
nips4b_birds_trainfile536_2_3,nips4b_birds_trainfile536,2.0,3.0,2166,a2v,154368,201.0,0,parcae_call,parcae_call,True,/path/to/data,24000,24000,52,a2v_1s_vote,single,200,majority_vote
nips4b_birds_trainfile536_3_4,nips4b_birds_trainfile536,3.0,4.0,2167,a2v,154368,201.0,0,parcae_call,parcae_call,True,/path/to/data,24000,24000,52,a2v_1s_vote,single,200,majority_vote
nips4b_birds_trainfile537_0_1,nips4b_birds_trainfile537,0.0,1.0,2169,a2v,154368,201.0,0,stuvul_call,stuvul_call,True,/path/to/data,24000,24000,161,a2v_1s_vote,single,200,majority_vote
nips4b_birds_trainfile537_2_3,nips4b_birds_trainfile537,2.0,3.0,2171,a2v,154368,201.0,0,stuvul_call,stuvul_call,True,/path/to/data,24000,24000,0,a2v_1s_vote,single,200,majority_vote
nips4b_birds_trainfile538_0_1,nips4b_birds_trainfile538,0.0,1.0,2173,a2v,154368,201.0,0,musstr_call,musstr_call,True,/path/to/data,24000,24000,9,a2v_1s_vote,single,200,majority_vote
nips4b_birds_trainfile538_4_5,nips4b_birds_trainfile538,4.0,5.0,2177,a2v,154368,201.0,0,musstr_call,musstr_call,True,/path/to/data,24000,24000,47,a2v_1s_vote,single,200,majority_vote
nips4b_birds_trainfile539_0_1,nips4b_birds_trainfile539,0.0,1.0,2178,a2v,154368,201.0,0,lularb_song,lularb_song,True,/path/to/data,24000,24000,158,a2v_1s_vote,single,200,majority_vote
nips4b_birds_trainfile539_1_2,nips4b_birds_trainfile539,1.0,2.0,2179,a2v,154368,201.0,0,lularb_song,lularb_song,True,/path/to/data,24000,24000,158,a2v_1s_vote,single,200,majority_vote
nips4b_birds_trainfile539_2_3,nips4b_birds_trainfile539,2.0,3.0,2180,a2v,154368,201.0,0,lularb_song,lularb_song,True,/path/to/data,24000,24000,158,a2v_1s_vote,single,200,majority_vote
nips4b_birds_trainfile540_1_2,nips4b_birds_trainfile540,1.0,2.0,2184,a2v,154368,201.0,0,aegcau_call,aegcau_call,True,/path/to/data,24000,24000,9,a2v_1s_vote,single,200,majority_vote
nips4b_birds_trainfile541_0_1,nips4b_birds_trainfile541,0.0,1.0,2185,a2v,154368,201.0,0,sylatr_song,sylatr_song,True,/path/to/data,24000,24000,87,a2v_1s_vote,single,200,majority_vote
nips4b_birds_trainfile542_0_1,nips4b_birds_trainfile542,0.0,1.0,2187,a2v,154368,201.0,0,fricoe_song,fricoe_song,True,/path/to/data,24000,24000,49,a2v_1s_vote,single,200,majority_vote
nips4b_birds_trainfile542_1_2,nips4b_birds_trainfile542,1.0,2.0,2188,a2v,154368,201.0,0,fricoe_song,fricoe_song,True,/path/to/data,24000,24000,180,a2v_1s_vote,single,200,majority_vote
nips4b_birds_trainfile542_2_3,nips4b_birds_trainfile542,2.0,3.0,2189,a2v,154368,201.0,0,lularb_song,lularb_song,True,/path/to/data,24000,24000,103,a2v_1s_vote,single,200,majority_vote
nips4b_birds_trainfile542_4_5,nips4b_birds_trainfile542,4.0,5.0,2191,a2v,154368,201.0,0,embcir_call,embcir_call,True,/path/to/data,24000,24000,10,a2v_1s_vote,single,200,majority_vote
nips4b_birds_trainfile543_2_3,nips4b_birds_trainfile543,2.0,3.0,2194,a2v,154368,201.0,0,plaaff_song,plaaff_song,True,/path/to/data,24000,24000,8,a2v_1s_vote,single,200,majority_vote
nips4b_birds_trainfile543_3_4,nips4b_birds_trainfile543,3.0,4.0,2195,a2v,154368,201.0,0,plaaff_song,plaaff_song,True,/path/to/data,24000,24000,96,a2v_1s_vote,single,200,majority_vote
nips4b_birds_trainfile543_4_5,nips4b_birds_trainfile543,4.0,5.0,2196,a2v,154368,201.0,0,plaaff_song,plaaff_song,True,/path/to/data,24000,24000,8,a2v_1s_vote,single,200,majority_vote
nips4b_birds_trainfile544_0_1,nips4b_birds_trainfile544,0.0,1.0,2197,a2v,154368,201.0,0,galthe_song,galthe_song,True,/path/to/data,24000,24000,111,a2v_1s_vote,single,200,majority_vote
nips4b_birds_trainfile545_0_1,nips4b_birds_trainfile545,0.0,1.0,2199,a2v,154368,201.0,0,aegcau_call,aegcau_call,True,/path/to/data,24000,24000,117,a2v_1s_vote,single,200,majority_vote
nips4b_birds_trainfile547_0_1,nips4b_birds_trainfile547,0.0,1.0,2202,a2v,154368,201.0,0,turmer_call,turmer_call,True,/path/to/data,24000,24000,18,a2v_1s_vote,single,200,majority_vote
nips4b_birds_trainfile548_1_2,nips4b_birds_trainfile548,1.0,2.0,2205,a2v,154368,201.0,0,carcar_song,carcar_song,True,/path/to/data,24000,24000,14,a2v_1s_vote,single,200,majority_vote
nips4b_birds_trainfile549_0_1,nips4b_birds_trainfile549,0.0,1.0,2206,a2v,154368,201.0,0,galcri_song,galcri_song,True,/path/to/data,24000,24000,51,a2v_1s_vote,single,200,majority_vote
nips4b_birds_trainfile549_1_2,nips4b_birds_trainfile549,1.0,2.0,2207,a2v,154368,201.0,0,galcri_song,galcri_song,True,/path/to/data,24000,24000,14,a2v_1s_vote,single,200,majority_vote
nips4b_birds_trainfile549_3_4,nips4b_birds_trainfile549,3.0,4.0,2209,a2v,154368,201.0,0,galcri_song,galcri_song,True,/path/to/data,24000,24000,84,a2v_1s_vote,single,200,majority_vote
nips4b_birds_trainfile549_4_5,nips4b_birds_trainfile549,4.0,5.0,2210,a2v,154368,201.0,0,galcri_song,galcri_song,True,/path/to/data,24000,24000,129,a2v_1s_vote,single,200,majority_vote
nips4b_birds_trainfile551_0_1,nips4b_birds_trainfile551,0.0,1.0,2216,a2v,154368,201.0,0,petpet_song,petpet_song,True,/path/to/data,24000,24000,48,a2v_1s_vote,single,200,majority_vote
nips4b_birds_trainfile551_1_2,nips4b_birds_trainfile551,1.0,2.0,2217,a2v,154368,201.0,0,petpet_song,petpet_song,True,/path/to/data,24000,24000,90,a2v_1s_vote,single,200,majority_vote
nips4b_birds_trainfile554_0_1,nips4b_birds_trainfile554,0.0,1.0,2228,a2v,154368,201.0,0,galthe_song,galthe_song,True,/path/to/data,24000,24000,68,a2v_1s_vote,single,200,majority_vote
nips4b_birds_trainfile555_1_2,nips4b_birds_trainfile555,1.0,2.0,2232,a2v,154368,201.0,0,pasdom_call,pasdom_call,True,/path/to/data,24000,24000,47,a2v_1s_vote,single,200,majority_vote
nips4b_birds_trainfile556_1_2,nips4b_birds_trainfile556,1.0,2.0,2234,a2v,154368,201.0,0,plasab_song,plasab_song,True,/path/to/data,24000,24000,8,a2v_1s_vote,single,200,majority_vote
nips4b_birds_trainfile557_0_1,nips4b_birds_trainfile557,0.0,1.0,2238,a2v,154368,201.0,0,sylund_call,sylund_call,True,/path/to/data,24000,24000,114,a2v_1s_vote,single,200,majority_vote
nips4b_birds_trainfile557_2_3,nips4b_birds_trainfile557,2.0,3.0,2240,a2v,154368,201.0,0,sylund_call,sylund_call,True,/path/to/data,24000,24000,68,a2v_1s_vote,single,200,majority_vote
nips4b_birds_trainfile558_0_1,nips4b_birds_trainfile558,0.0,1.0,2243,a2v,154368,201.0,0,galcri_song,galcri_song,True,/path/to/data,24000,24000,128,a2v_1s_vote,single,200,majority_vote
nips4b_birds_trainfile558_2_3,nips4b_birds_trainfile558,2.0,3.0,2245,a2v,154368,201.0,0,galcri_song,galcri_song,True,/path/to/data,24000,24000,47,a2v_1s_vote,single,200,majority_vote
nips4b_birds_trainfile558_4_5,nips4b_birds_trainfile558,4.0,5.0,2247,a2v,154368,201.0,0,embcir_song,embcir_song,True,/path/to/data,24000,24000,143,a2v_1s_vote,single,200,majority_vote
nips4b_birds_trainfile560_0_1,nips4b_birds_trainfile560,0.0,1.0,2250,a2v,154368,201.0,0,sylcan_call,sylcan_call,True,/path/to/data,24000,24000,166,a2v_1s_vote,single,200,majority_vote
nips4b_birds_trainfile560_1_2,nips4b_birds_trainfile560,1.0,2.0,2251,a2v,154368,201.0,0,sylcan_call,sylcan_call,True,/path/to/data,24000,24000,18,a2v_1s_vote,single,200,majority_vote
nips4b_birds_trainfile560_2_3,nips4b_birds_trainfile560,2.0,3.0,2252,a2v,154368,201.0,0,sylcan_call,sylcan_call,True,/path/to/data,24000,24000,180,a2v_1s_vote,single,200,majority_vote
nips4b_birds_trainfile561_0_1,nips4b_birds_trainfile561,0.0,1.0,2255,a2v,154368,201.0,0,sylatr_call,sylatr_call,True,/path/to/data,24000,24000,147,a2v_1s_vote,single,200,majority_vote
nips4b_birds_trainfile562_0_1,nips4b_birds_trainfile562,0.0,1.0,2256,a2v,154368,201.0,0,lularb_song,lularb_song,True,/path/to/data,24000,24000,72,a2v_1s_vote,single,200,majority_vote
nips4b_birds_trainfile562_1_2,nips4b_birds_trainfile562,1.0,2.0,2257,a2v,154368,201.0,0,lularb_song,lularb_song,True,/path/to/data,24000,24000,82,a2v_1s_vote,single,200,majority_vote
nips4b_birds_trainfile563_0_1,nips4b_birds_trainfile563,0.0,1.0,2261,a2v,154368,201.0,0,turmer_call,turmer_call,True,/path/to/data,24000,24000,153,a2v_1s_vote,single,200,majority_vote
nips4b_birds_trainfile563_1_2,nips4b_birds_trainfile563,1.0,2.0,2262,a2v,154368,201.0,0,ptehey_song,ptehey_song,True,/path/to/data,24000,24000,18,a2v_1s_vote,single,200,majority_vote
nips4b_birds_trainfile564_0_1,nips4b_birds_trainfile564,0.0,1.0,2263,a2v,154368,201.0,0,galthe_song,galthe_song,True,/path/to/data,24000,24000,182,a2v_1s_vote,single,200,majority_vote
nips4b_birds_trainfile564_1_2,nips4b_birds_trainfile564,1.0,2.0,2264,a2v,154368,201.0,0,galthe_song,galthe_song,True,/path/to/data,24000,24000,14,a2v_1s_vote,single,200,majority_vote
nips4b_birds_trainfile564_2_3,nips4b_birds_trainfile564,2.0,3.0,2265,a2v,154368,201.0,0,galthe_song,galthe_song,True,/path/to/data,24000,24000,15,a2v_1s_vote,single,200,majority_vote
nips4b_birds_trainfile564_3_4,nips4b_birds_trainfile564,3.0,4.0,2266,a2v,154368,201.0,0,galthe_song,galthe_song,True,/path/to/data,24000,24000,109,a2v_1s_vote,single,200,majority_vote
nips4b_birds_trainfile564_4_5,nips4b_birds_trainfile564,4.0,5.0,2267,a2v,154368,201.0,0,galthe_song,galthe_song,True,/path/to/data,24000,24000,114,a2v_1s_vote,single,200,majority_vote
nips4b_birds_trainfile565_0_1,nips4b_birds_trainfile565,0.0,1.0,2268,a2v,154368,201.0,0,tetpyg_song,tetpyg_song,True,/path/to/data,24000,24000,85,a2v_1s_vote,single,200,majority_vote
nips4b_birds_trainfile566_0_1,nips4b_birds_trainfile566,0.0,1.0,2269,a2v,154368,201.0,0,oriori_call,oriori_call,True,/path/to/data,24000,24000,198,a2v_1s_vote,single,200,majority_vote
nips4b_birds_trainfile570_4_5,nips4b_birds_trainfile570,4.0,5.0,2284,a2v,154368,201.0,0,denmaj_call,denmaj_call,True,/path/to/data,24000,24000,122,a2v_1s_vote,single,200,majority_vote
nips4b_birds_trainfile571_0_1,nips4b_birds_trainfile571,0.0,1.0,2285,a2v,154368,201.0,0,phofem_song,phofem_song,True,/path/to/data,24000,24000,18,a2v_1s_vote,single,200,majority_vote
nips4b_birds_trainfile573_0_1,nips4b_birds_trainfile573,0.0,1.0,2291,a2v,154368,201.0,0,turmer_song,turmer_song,True,/path/to/data,24000,24000,9,a2v_1s_vote,single,200,majority_vote
nips4b_birds_trainfile573_1_2,nips4b_birds_trainfile573,1.0,2.0,2292,a2v,154368,201.0,0,turmer_song,turmer_song,True,/path/to/data,24000,24000,72,a2v_1s_vote,single,200,majority_vote
nips4b_birds_trainfile573_3_4,nips4b_birds_trainfile573,3.0,4.0,2294,a2v,154368,201.0,0,cerbra_song,cerbra_song,True,/path/to/data,24000,24000,17,a2v_1s_vote,single,200,majority_vote
nips4b_birds_trainfile573_4_5,nips4b_birds_trainfile573,4.0,5.0,2295,a2v,154368,201.0,0,turmer_song,turmer_song,True,/path/to/data,24000,24000,198,a2v_1s_vote,single,200,majority_vote
nips4b_birds_trainfile576_0_1,nips4b_birds_trainfile576,0.0,1.0,2306,a2v,154368,201.0,0,aegcau_call,aegcau_call,True,/path/to/data,24000,24000,117,a2v_1s_vote,single,200,majority_vote
nips4b_birds_trainfile577_0_1,nips4b_birds_trainfile577,0.0,1.0,2308,a2v,154368,201.0,0,petpet_call,petpet_call,True,/path/to/data,24000,24000,68,a2v_1s_vote,single,200,majority_vote
nips4b_birds_trainfile577_1_2,nips4b_birds_trainfile577,1.0,2.0,2309,a2v,154368,201.0,0,sylcan_song,sylcan_song,True,/path/to/data,24000,24000,109,a2v_1s_vote,single,200,majority_vote
nips4b_birds_trainfile577_2_3,nips4b_birds_trainfile577,2.0,3.0,2310,a2v,154368,201.0,0,petpet_call,petpet_call,True,/path/to/data,24000,24000,31,a2v_1s_vote,single,200,majority_vote
nips4b_birds_trainfile577_3_4,nips4b_birds_trainfile577,3.0,4.0,2311,a2v,154368,201.0,0,petpet_call,petpet_call,True,/path/to/data,24000,24000,48,a2v_1s_vote,single,200,majority_vote
nips4b_birds_trainfile577_4_5,nips4b_birds_trainfile577,4.0,5.0,2312,a2v,154368,201.0,0,sylcan_song,sylcan_song,True,/path/to/data,24000,24000,14,a2v_1s_vote,single,200,majority_vote
nips4b_birds_trainfile579_3_4,nips4b_birds_trainfile579,3.0,4.0,2321,a2v,154368,201.0,0,serser_song,serser_song,True,/path/to/data,24000,24000,18,a2v_1s_vote,single,200,majority_vote
nips4b_birds_trainfile580_0_1,nips4b_birds_trainfile580,0.0,1.0,2323,a2v,154368,201.0,0,carcan_call,carcan_call,True,/path/to/data,24000,24000,1,a2v_1s_vote,single,200,majority_vote
nips4b_birds_trainfile580_1_2,nips4b_birds_trainfile580,1.0,2.0,2324,a2v,154368,201.0,0,carcan_call,carcan_call,True,/path/to/data,24000,24000,49,a2v_1s_vote,single,200,majority_vote
nips4b_birds_trainfile581_0_1,nips4b_birds_trainfile581,0.0,1.0,2326,a2v,154368,201.0,0,carcan_call,carcan_call,True,/path/to/data,24000,24000,56,a2v_1s_vote,single,200,majority_vote
nips4b_birds_trainfile581_1_2,nips4b_birds_trainfile581,1.0,2.0,2327,a2v,154368,201.0,0,carcan_call,carcan_call,True,/path/to/data,24000,24000,86,a2v_1s_vote,single,200,majority_vote
nips4b_birds_trainfile581_2_3,nips4b_birds_trainfile581,2.0,3.0,2328,a2v,154368,201.0,0,carcan_call,carcan_call,True,/path/to/data,24000,24000,108,a2v_1s_vote,single,200,majority_vote
nips4b_birds_trainfile583_0_1,nips4b_birds_trainfile583,0.0,1.0,2333,a2v,154368,201.0,0,alaarv_song,alaarv_song,True,/path/to/data,24000,24000,143,a2v_1s_vote,single,200,majority_vote
nips4b_birds_trainfile583_1_2,nips4b_birds_trainfile583,1.0,2.0,2334,a2v,154368,201.0,0,alaarv_song,alaarv_song,True,/path/to/data,24000,24000,169,a2v_1s_vote,single,200,majority_vote
nips4b_birds_trainfile583_3_4,nips4b_birds_trainfile583,3.0,4.0,2336,a2v,154368,201.0,0,alaarv_song,alaarv_song,True,/path/to/data,24000,24000,42,a2v_1s_vote,single,200,majority_vote
nips4b_birds_trainfile583_4_5,nips4b_birds_trainfile583,4.0,5.0,2337,a2v,154368,201.0,0,alaarv_song,alaarv_song,True,/path/to/data,24000,24000,160,a2v_1s_vote,single,200,majority_vote
nips4b_birds_trainfile584_0_1,nips4b_birds_trainfile584,0.0,1.0,2338,a2v,154368,201.0,0,galcri_call,galcri_call,True,/path/to/data,24000,24000,97,a2v_1s_vote,single,200,majority_vote
nips4b_birds_trainfile584_1_2,nips4b_birds_trainfile584,1.0,2.0,2339,a2v,154368,201.0,0,galcri_call,galcri_call,True,/path/to/data,24000,24000,3,a2v_1s_vote,single,200,majority_vote
nips4b_birds_trainfile584_2_3,nips4b_birds_trainfile584,2.0,3.0,2340,a2v,154368,201.0,0,galcri_call,galcri_call,True,/path/to/data,24000,24000,26,a2v_1s_vote,single,200,majority_vote
nips4b_birds_trainfile584_3_4,nips4b_birds_trainfile584,3.0,4.0,2341,a2v,154368,201.0,0,galcri_call,galcri_call,True,/path/to/data,24000,24000,193,a2v_1s_vote,single,200,majority_vote
nips4b_birds_trainfile585_0_1,nips4b_birds_trainfile585,0.0,1.0,2343,a2v,154368,201.0,0,sylund_call,sylund_call,True,/path/to/data,24000,24000,114,a2v_1s_vote,single,200,majority_vote
nips4b_birds_trainfile587_3_4,nips4b_birds_trainfile587,3.0,4.0,2351,a2v,154368,201.0,0,butbut_call,butbut_call,True,/path/to/data,24000,24000,186,a2v_1s_vote,single,200,majority_vote
nips4b_birds_trainfile587_4_5,nips4b_birds_trainfile587,4.0,5.0,2352,a2v,154368,201.0,0,regign_song,regign_song,True,/path/to/data,24000,24000,77,a2v_1s_vote,single,200,majority_vote
nips4b_birds_trainfile592_0_1,nips4b_birds_trainfile592,0.0,1.0,2370,a2v,154368,201.0,0,stuvul_call,stuvul_call,True,/path/to/data,24000,24000,0,a2v_1s_vote,single,200,majority_vote
nips4b_birds_trainfile593_3_4,nips4b_birds_trainfile593,3.0,4.0,2375,a2v,154368,201.0,0,trotro_song,trotro_song,True,/path/to/data,24000,24000,109,a2v_1s_vote,single,200,majority_vote
nips4b_birds_trainfile593_4_5,nips4b_birds_trainfile593,4.0,5.0,2376,a2v,154368,201.0,0,trotro_song,trotro_song,True,/path/to/data,24000,24000,143,a2v_1s_vote,single,200,majority_vote
nips4b_birds_trainfile596_0_1,nips4b_birds_trainfile596,0.0,1.0,2383,a2v,154368,201.0,0,turphi_call,turphi_call,True,/path/to/data,24000,24000,17,a2v_1s_vote,single,200,majority_vote
nips4b_birds_trainfile596_4_5,nips4b_birds_trainfile596,4.0,5.0,2387,a2v,154368,201.0,0,turphi_call,turphi_call,True,/path/to/data,24000,24000,68,a2v_1s_vote,single,200,majority_vote
nips4b_birds_trainfile597_0_1,nips4b_birds_trainfile597,0.0,1.0,2388,a2v,154368,201.0,0,strtur_song,strtur_song,True,/path/to/data,24000,24000,56,a2v_1s_vote,single,200,majority_vote
nips4b_birds_trainfile597_1_2,nips4b_birds_trainfile597,1.0,2.0,2389,a2v,154368,201.0,0,strtur_song,strtur_song,True,/path/to/data,24000,24000,166,a2v_1s_vote,single,200,majority_vote
nips4b_birds_trainfile597_2_3,nips4b_birds_trainfile597,2.0,3.0,2390,a2v,154368,201.0,0,strtur_song,strtur_song,True,/path/to/data,24000,24000,56,a2v_1s_vote,single,200,majority_vote
nips4b_birds_trainfile598_0_1,nips4b_birds_trainfile598,0.0,1.0,2393,a2v,154368,201.0,0,turmer_call,turmer_call,True,/path/to/data,24000,24000,129,a2v_1s_vote,single,200,majority_vote
nips4b_birds_trainfile599_0_1,nips4b_birds_trainfile599,0.0,1.0,2398,a2v,154368,201.0,0,lusmeg_call,lusmeg_call,True,/path/to/data,24000,24000,56,a2v_1s_vote,single,200,majority_vote
nips4b_birds_trainfile600_1_2,nips4b_birds_trainfile600,1.0,2.0,2401,a2v,154368,201.0,0,sylatr_song,sylatr_song,True,/path/to/data,24000,24000,1,a2v_1s_vote,single,200,majority_vote
nips4b_birds_trainfile600_2_3,nips4b_birds_trainfile600,2.0,3.0,2402,a2v,154368,201.0,0,sylatr_song,sylatr_song,True,/path/to/data,24000,24000,74,a2v_1s_vote,single,200,majority_vote
nips4b_birds_trainfile600_3_4,nips4b_birds_trainfile600,3.0,4.0,2403,a2v,154368,201.0,0,sylatr_song,sylatr_song,True,/path/to/data,24000,24000,68,a2v_1s_vote,single,200,majority_vote
nips4b_birds_trainfile601_0_1,nips4b_birds_trainfile601,0.0,1.0,2404,a2v,154368,201.0,0,galcri_song,galcri_song,True,/path/to/data,24000,24000,54,a2v_1s_vote,single,200,majority_vote
nips4b_birds_trainfile602_0_1,nips4b_birds_trainfile602,0.0,1.0,2405,a2v,154368,201.0,0,musstr_call,musstr_call,True,/path/to/data,24000,24000,9,a2v_1s_vote,single,200,majority_vote
nips4b_birds_trainfile603_0_1,nips4b_birds_trainfile603,0.0,1.0,2407,a2v,154368,201.0,0,galthe_song,galthe_song,True,/path/to/data,24000,24000,13,a2v_1s_vote,single,200,majority_vote
nips4b_birds_trainfile604_0_1,nips4b_birds_trainfile604,0.0,1.0,2410,a2v,154368,201.0,0,alaarv_song,alaarv_song,True,/path/to/data,24000,24000,134,a2v_1s_vote,single,200,majority_vote
nips4b_birds_trainfile604_1_2,nips4b_birds_trainfile604,1.0,2.0,2411,a2v,154368,201.0,0,alaarv_song,alaarv_song,True,/path/to/data,24000,24000,147,a2v_1s_vote,single,200,majority_vote
nips4b_birds_trainfile605_1_2,nips4b_birds_trainfile605,1.0,2.0,2413,a2v,154368,201.0,0,sylcan_call,sylcan_call,True,/path/to/data,24000,24000,17,a2v_1s_vote,single,200,majority_vote
nips4b_birds_trainfile605_3_4,nips4b_birds_trainfile605,3.0,4.0,2415,a2v,154368,201.0,0,sylcan_call,sylcan_call,True,/path/to/data,24000,24000,18,a2v_1s_vote,single,200,majority_vote
nips4b_birds_trainfile608_2_3,nips4b_birds_trainfile608,2.0,3.0,2422,a2v,154368,201.0,0,petpet_call,petpet_call,True,/path/to/data,24000,24000,90,a2v_1s_vote,single,200,majority_vote
nips4b_birds_trainfile608_3_4,nips4b_birds_trainfile608,3.0,4.0,2423,a2v,154368,201.0,0,petpet_call,petpet_call,True,/path/to/data,24000,24000,90,a2v_1s_vote,single,200,majority_vote
nips4b_birds_trainfile609_0_1,nips4b_birds_trainfile609,0.0,1.0,2425,a2v,154368,201.0,0,lopcri_call,lopcri_call,True,/path/to/data,24000,24000,134,a2v_1s_vote,single,200,majority_vote
nips4b_birds_trainfile611_3_4,nips4b_birds_trainfile611,3.0,4.0,2438,a2v,154368,201.0,0,tetpyg_song,tetpyg_song,True,/path/to/data,24000,24000,85,a2v_1s_vote,single,200,majority_vote
nips4b_birds_trainfile611_4_5,nips4b_birds_trainfile611,4.0,5.0,2439,a2v,154368,201.0,0,tetpyg_song,tetpyg_song,True,/path/to/data,24000,24000,85,a2v_1s_vote,single,200,majority_vote
nips4b_birds_trainfile612_1_2,nips4b_birds_trainfile612,1.0,2.0,2441,a2v,154368,201.0,0,sylcan_song,sylcan_song,True,/path/to/data,24000,24000,111,a2v_1s_vote,single,200,majority_vote
nips4b_birds_trainfile612_2_3,nips4b_birds_trainfile612,2.0,3.0,2442,a2v,154368,201.0,0,sylcan_song,sylcan_song,True,/path/to/data,24000,24000,130,a2v_1s_vote,single,200,majority_vote
nips4b_birds_trainfile612_3_4,nips4b_birds_trainfile612,3.0,4.0,2443,a2v,154368,201.0,0,sylcan_song,sylcan_song,True,/path/to/data,24000,24000,68,a2v_1s_vote,single,200,majority_vote
nips4b_birds_trainfile613_1_2,nips4b_birds_trainfile613,1.0,2.0,2446,a2v,154368,201.0,0,carcan_call,carcan_call,True,/path/to/data,24000,24000,1,a2v_1s_vote,single,200,majority_vote
nips4b_birds_trainfile614_3_4,nips4b_birds_trainfile614,3.0,4.0,2450,a2v,154368,201.0,0,sylmel_call,sylmel_call,True,/path/to/data,24000,24000,41,a2v_1s_vote,single,200,majority_vote
nips4b_birds_trainfile614_4_5,nips4b_birds_trainfile614,4.0,5.0,2451,a2v,154368,201.0,0,sylmel_call,sylmel_call,True,/path/to/data,24000,24000,103,a2v_1s_vote,single,200,majority_vote
nips4b_birds_trainfile615_1_2,nips4b_birds_trainfile615,1.0,2.0,2453,a2v,154368,201.0,0,colpal_song,colpal_song,True,/path/to/data,24000,24000,166,a2v_1s_vote,single,200,majority_vote
nips4b_birds_trainfile618_0_1,nips4b_birds_trainfile618,0.0,1.0,2467,a2v,154368,201.0,0,sylund_song,sylund_song,True,/path/to/data,24000,24000,90,a2v_1s_vote,single,200,majority_vote
nips4b_birds_trainfile618_1_2,nips4b_birds_trainfile618,1.0,2.0,2468,a2v,154368,201.0,0,sylund_song,sylund_song,True,/path/to/data,24000,24000,18,a2v_1s_vote,single,200,majority_vote
nips4b_birds_trainfile618_2_3,nips4b_birds_trainfile618,2.0,3.0,2469,a2v,154368,201.0,0,sylund_song,sylund_song,True,/path/to/data,24000,24000,82,a2v_1s_vote,single,200,majority_vote
nips4b_birds_trainfile619_0_1,nips4b_birds_trainfile619,0.0,1.0,2472,a2v,154368,201.0,0,oriori_call,oriori_call,True,/path/to/data,24000,24000,198,a2v_1s_vote,single,200,majority_vote
nips4b_birds_trainfile620_1_2,nips4b_birds_trainfile620,1.0,2.0,2475,a2v,154368,201.0,0,petpet_song,petpet_song,True,/path/to/data,24000,24000,68,a2v_1s_vote,single,200,majority_vote
nips4b_birds_trainfile621_0_1,nips4b_birds_trainfile621,0.0,1.0,2478,a2v,154368,201.0,0,picpic_call,picpic_call,True,/path/to/data,24000,24000,9,a2v_1s_vote,single,200,majority_vote
nips4b_birds_trainfile621_2_3,nips4b_birds_trainfile621,2.0,3.0,2480,a2v,154368,201.0,0,picpic_call,picpic_call,True,/path/to/data,24000,24000,108,a2v_1s_vote,single,200,majority_vote
nips4b_birds_trainfile621_3_4,nips4b_birds_trainfile621,3.0,4.0,2481,a2v,154368,201.0,0,picpic_call,picpic_call,True,/path/to/data,24000,24000,9,a2v_1s_vote,single,200,majority_vote
nips4b_birds_trainfile622_0_1,nips4b_birds_trainfile622,0.0,1.0,2482,a2v,154368,201.0,0,oriori_call,oriori_call,True,/path/to/data,24000,24000,198,a2v_1s_vote,single,200,majority_vote
nips4b_birds_trainfile623_3_4,nips4b_birds_trainfile623,3.0,4.0,2487,a2v,154368,201.0,0,ptehey_song,ptehey_song,True,/path/to/data,24000,24000,166,a2v_1s_vote,single,200,majority_vote
nips4b_birds_trainfile625_2_3,nips4b_birds_trainfile625,2.0,3.0,2493,a2v,154368,201.0,0,sylmel_call,sylmel_call,True,/path/to/data,24000,24000,161,a2v_1s_vote,single,200,majority_vote
nips4b_birds_trainfile625_3_4,nips4b_birds_trainfile625,3.0,4.0,2494,a2v,154368,201.0,0,sylmel_call,sylmel_call,True,/path/to/data,24000,24000,187,a2v_1s_vote,single,200,majority_vote
nips4b_birds_trainfile625_4_5,nips4b_birds_trainfile625,4.0,5.0,2495,a2v,154368,201.0,0,sylmel_call,sylmel_call,True,/path/to/data,24000,24000,161,a2v_1s_vote,single,200,majority_vote
nips4b_birds_trainfile626_4_5,nips4b_birds_trainfile626,4.0,5.0,2500,a2v,154368,201.0,0,parmaj_call,parmaj_call,True,/path/to/data,24000,24000,130,a2v_1s_vote,single,200,majority_vote
nips4b_birds_trainfile628_0_1,nips4b_birds_trainfile628,0.0,1.0,2506,a2v,154368,201.0,0,trotro_song,trotro_song,True,/path/to/data,24000,24000,42,a2v_1s_vote,single,200,majority_vote
nips4b_birds_trainfile628_1_2,nips4b_birds_trainfile628,1.0,2.0,2507,a2v,154368,201.0,0,trotro_song,trotro_song,True,/path/to/data,24000,24000,143,a2v_1s_vote,single,200,majority_vote
nips4b_birds_trainfile629_0_1,nips4b_birds_trainfile629,0.0,1.0,2511,a2v,154368,201.0,0,lusmeg_call,lusmeg_call,True,/path/to/data,24000,24000,114,a2v_1s_vote,single,200,majority_vote
nips4b_birds_trainfile630_1_2,nips4b_birds_trainfile630,1.0,2.0,2514,a2v,154368,201.0,0,petpet_call,petpet_call,True,/path/to/data,24000,24000,20,a2v_1s_vote,single,200,majority_vote
nips4b_birds_trainfile630_2_3,nips4b_birds_trainfile630,2.0,3.0,2515,a2v,154368,201.0,0,petpet_call,petpet_call,True,/path/to/data,24000,24000,51,a2v_1s_vote,single,200,majority_vote
nips4b_birds_trainfile630_3_4,nips4b_birds_trainfile630,3.0,4.0,2516,a2v,154368,201.0,0,petpet_call,petpet_call,True,/path/to/data,24000,24000,10,a2v_1s_vote,single,200,majority_vote
nips4b_birds_trainfile630_4_5,nips4b_birds_trainfile630,4.0,5.0,2517,a2v,154368,201.0,0,petpet_call,petpet_call,True,/path/to/data,24000,24000,90,a2v_1s_vote,single,200,majority_vote
nips4b_birds_trainfile631_0_1,nips4b_birds_trainfile631,0.0,1.0,2518,a2v,154368,201.0,0,butbut_call,butbut_call,True,/path/to/data,24000,24000,51,a2v_1s_vote,single,200,majority_vote
nips4b_birds_trainfile631_1_2,nips4b_birds_trainfile631,1.0,2.0,2519,a2v,154368,201.0,0,butbut_call,butbut_call,True,/path/to/data,24000,24000,198,a2v_1s_vote,single,200,majority_vote
nips4b_birds_trainfile631_3_4,nips4b_birds_trainfile631,3.0,4.0,2521,a2v,154368,201.0,0,hirrus_call,hirrus_call,True,/path/to/data,24000,24000,65,a2v_1s_vote,single,200,majority_vote
nips4b_birds_trainfile631_4_5,nips4b_birds_trainfile631,4.0,5.0,2522,a2v,154368,201.0,0,hirrus_call,hirrus_call,True,/path/to/data,24000,24000,82,a2v_1s_vote,single,200,majority_vote
nips4b_birds_trainfile633_0_1,nips4b_birds_trainfile633,0.0,1.0,2525,a2v,154368,201.0,0,phycol_call,phycol_call,True,/path/to/data,24000,24000,1,a2v_1s_vote,single,200,majority_vote
nips4b_birds_trainfile633_1_2,nips4b_birds_trainfile633,1.0,2.0,2526,a2v,154368,201.0,0,parate_song,parate_song,True,/path/to/data,24000,24000,47,a2v_1s_vote,single,200,majority_vote
nips4b_birds_trainfile633_2_3,nips4b_birds_trainfile633,2.0,3.0,2527,a2v,154368,201.0,0,parate_song,parate_song,True,/path/to/data,24000,24000,1,a2v_1s_vote,single,200,majority_vote
nips4b_birds_trainfile634_0_1,nips4b_birds_trainfile634,0.0,1.0,2530,a2v,154368,201.0,0,carcan_song,carcan_song,True,/path/to/data,24000,24000,20,a2v_1s_vote,single,200,majority_vote
nips4b_birds_trainfile635_1_2,nips4b_birds_trainfile635,1.0,2.0,2536,a2v,154368,201.0,0,plasab_song,plasab_song,True,/path/to/data,24000,24000,43,a2v_1s_vote,single,200,majority_vote
nips4b_birds_trainfile635_2_3,nips4b_birds_trainfile635,2.0,3.0,2537,a2v,154368,201.0,0,plasab_song,plasab_song,True,/path/to/data,24000,24000,43,a2v_1s_vote,single,200,majority_vote
nips4b_birds_trainfile635_3_4,nips4b_birds_trainfile635,3.0,4.0,2538,a2v,154368,201.0,0,plasab_song,plasab_song,True,/path/to/data,24000,24000,43,a2v_1s_vote,single,200,majority_vote
nips4b_birds_trainfile636_0_1,nips4b_birds_trainfile636,0.0,1.0,2540,a2v,154368,201.0,0,sylund_song,sylund_song,True,/path/to/data,24000,24000,182,a2v_1s_vote,single,200,majority_vote
nips4b_birds_trainfile636_1_2,nips4b_birds_trainfile636,1.0,2.0,2541,a2v,154368,201.0,0,sylund_song,sylund_song,True,/path/to/data,24000,24000,31,a2v_1s_vote,single,200,majority_vote
nips4b_birds_trainfile637_2_3,nips4b_birds_trainfile637,2.0,3.0,2547,a2v,154368,201.0,0,sylmel_song,sylmel_song,True,/path/to/data,24000,24000,166,a2v_1s_vote,single,200,majority_vote
nips4b_birds_trainfile637_3_4,nips4b_birds_trainfile637,3.0,4.0,2548,a2v,154368,201.0,0,sylmel_song,sylmel_song,True,/path/to/data,24000,24000,41,a2v_1s_vote,single,200,majority_vote
nips4b_birds_trainfile637_4_5,nips4b_birds_trainfile637,4.0,5.0,2549,a2v,154368,201.0,0,sylmel_song,sylmel_song,True,/path/to/data,24000,24000,1,a2v_1s_vote,single,200,majority_vote
nips4b_birds_trainfile638_0_1,nips4b_birds_trainfile638,0.0,1.0,2550,a2v,154368,201.0,0,galthe_song,galthe_song,True,/path/to/data,24000,24000,180,a2v_1s_vote,single,200,majority_vote
nips4b_birds_trainfile638_1_2,nips4b_birds_trainfile638,1.0,2.0,2551,a2v,154368,201.0,0,galthe_song,galthe_song,True,/path/to/data,24000,24000,20,a2v_1s_vote,single,200,majority_vote
nips4b_birds_trainfile638_2_3,nips4b_birds_trainfile638,2.0,3.0,2552,a2v,154368,201.0,0,galthe_song,galthe_song,True,/path/to/data,24000,24000,68,a2v_1s_vote,single,200,majority_vote
nips4b_birds_trainfile640_0_1,nips4b_birds_trainfile640,0.0,1.0,2556,a2v,154368,201.0,0,fricoe_call,fricoe_call,True,/path/to/data,24000,24000,74,a2v_1s_vote,single,200,majority_vote
nips4b_birds_trainfile640_1_2,nips4b_birds_trainfile640,1.0,2.0,2557,a2v,154368,201.0,0,fricoe_call,fricoe_call,True,/path/to/data,24000,24000,108,a2v_1s_vote,single,200,majority_vote
nips4b_birds_trainfile642_0_1,nips4b_birds_trainfile642,0.0,1.0,2563,a2v,154368,201.0,0,petpet_song,petpet_song,True,/path/to/data,24000,24000,114,a2v_1s_vote,single,200,majority_vote
nips4b_birds_trainfile642_1_2,nips4b_birds_trainfile642,1.0,2.0,2564,a2v,154368,201.0,0,sylcan_call,sylcan_call,True,/path/to/data,24000,24000,86,a2v_1s_vote,single,200,majority_vote
nips4b_birds_trainfile642_2_3,nips4b_birds_trainfile642,2.0,3.0,2565,a2v,154368,201.0,0,sylcan_call,sylcan_call,True,/path/to/data,24000,24000,86,a2v_1s_vote,single,200,majority_vote
nips4b_birds_trainfile642_4_5,nips4b_birds_trainfile642,4.0,5.0,2567,a2v,154368,201.0,0,petpet_song,petpet_song,True,/path/to/data,24000,24000,108,a2v_1s_vote,single,200,majority_vote
nips4b_birds_trainfile644_0_1,nips4b_birds_trainfile644,0.0,1.0,2569,a2v,154368,201.0,0,alaarv_song,alaarv_song,True,/path/to/data,24000,24000,124,a2v_1s_vote,single,200,majority_vote
nips4b_birds_trainfile644_1_2,nips4b_birds_trainfile644,1.0,2.0,2570,a2v,154368,201.0,0,alaarv_song,alaarv_song,True,/path/to/data,24000,24000,160,a2v_1s_vote,single,200,majority_vote
nips4b_birds_trainfile644_2_3,nips4b_birds_trainfile644,2.0,3.0,2571,a2v,154368,201.0,0,alaarv_song,alaarv_song,True,/path/to/data,24000,24000,18,a2v_1s_vote,single,200,majority_vote
nips4b_birds_trainfile645_1_2,nips4b_birds_trainfile645,1.0,2.0,2575,a2v,154368,201.0,0,galcri_call,galcri_call,True,/path/to/data,24000,24000,49,a2v_1s_vote,single,200,majority_vote
nips4b_birds_trainfile646_0_1,nips4b_birds_trainfile646,0.0,1.0,2579,a2v,154368,201.0,0,sylund_call,sylund_call,True,/path/to/data,24000,24000,114,a2v_1s_vote,single,200,majority_vote
nips4b_birds_trainfile647_0_1,nips4b_birds_trainfile647,0.0,1.0,2581,a2v,154368,201.0,0,sylund_song,sylund_song,True,/path/to/data,24000,24000,18,a2v_1s_vote,single,200,majority_vote
nips4b_birds_trainfile647_1_2,nips4b_birds_trainfile647,1.0,2.0,2582,a2v,154368,201.0,0,sylund_song,sylund_song,True,/path/to/data,24000,24000,14,a2v_1s_vote,single,200,majority_vote
nips4b_birds_trainfile647_2_3,nips4b_birds_trainfile647,2.0,3.0,2583,a2v,154368,201.0,0,sylund_song,sylund_song,True,/path/to/data,24000,24000,10,a2v_1s_vote,single,200,majority_vote
nips4b_birds_trainfile648_1_2,nips4b_birds_trainfile648,1.0,2.0,2587,a2v,154368,201.0,0,petpet_song,petpet_song,True,/path/to/data,24000,24000,90,a2v_1s_vote,single,200,majority_vote
nips4b_birds_trainfile648_2_3,nips4b_birds_trainfile648,2.0,3.0,2588,a2v,154368,201.0,0,petpet_song,petpet_song,True,/path/to/data,24000,24000,90,a2v_1s_vote,single,200,majority_vote
nips4b_birds_trainfile648_4_5,nips4b_birds_trainfile648,4.0,5.0,2590,a2v,154368,201.0,0,petpet_song,petpet_song,True,/path/to/data,24000,24000,90,a2v_1s_vote,single,200,majority_vote
nips4b_birds_trainfile649_0_1,nips4b_birds_trainfile649,0.0,1.0,2591,a2v,154368,201.0,0,cetcet_song,cetcet_song,True,/path/to/data,24000,24000,18,a2v_1s_vote,single,200,majority_vote
nips4b_birds_trainfile649_1_2,nips4b_birds_trainfile649,1.0,2.0,2592,a2v,154368,201.0,0,cetcet_song,cetcet_song,True,/path/to/data,24000,24000,114,a2v_1s_vote,single,200,majority_vote
nips4b_birds_trainfile651_1_2,nips4b_birds_trainfile651,1.0,2.0,2600,a2v,154368,201.0,0,lularb_song,lularb_song,True,/path/to/data,24000,24000,20,a2v_1s_vote,single,200,majority_vote
nips4b_birds_trainfile651_3_4,nips4b_birds_trainfile651,3.0,4.0,2602,a2v,154368,201.0,0,lularb_song,lularb_song,True,/path/to/data,24000,24000,134,a2v_1s_vote,single,200,majority_vote
nips4b_birds_trainfile651_4_5,nips4b_birds_trainfile651,4.0,5.0,2603,a2v,154368,201.0,0,lularb_song,lularb_song,True,/path/to/data,24000,24000,134,a2v_1s_vote,single,200,majority_vote
nips4b_birds_trainfile652_0_1,nips4b_birds_trainfile652,0.0,1.0,2604,a2v,154368,201.0,0,sylcan_call,sylcan_call,True,/path/to/data,24000,24000,122,a2v_1s_vote,single,200,majority_vote
nips4b_birds_trainfile652_1_2,nips4b_birds_trainfile652,1.0,2.0,2605,a2v,154368,201.0,0,sylcan_call,sylcan_call,True,/path/to/data,24000,24000,86,a2v_1s_vote,single,200,majority_vote
nips4b_birds_trainfile652_3_4,nips4b_birds_trainfile652,3.0,4.0,2607,a2v,154368,201.0,0,sylcan_call,sylcan_call,True,/path/to/data,24000,24000,80,a2v_1s_vote,single,200,majority_vote
nips4b_birds_trainfile652_4_5,nips4b_birds_trainfile652,4.0,5.0,2608,a2v,154368,201.0,0,sylcan_call,sylcan_call,True,/path/to/data,24000,24000,122,a2v_1s_vote,single,200,majority_vote
nips4b_birds_trainfile653_0_1,nips4b_birds_trainfile653,0.0,1.0,2609,a2v,154368,201.0,0,phycol_call,phycol_call,True,/path/to/data,24000,24000,1,a2v_1s_vote,single,200,majority_vote
nips4b_birds_trainfile653_2_3,nips4b_birds_trainfile653,2.0,3.0,2611,a2v,154368,201.0,0,turphi_song,turphi_song,True,/path/to/data,24000,24000,72,a2v_1s_vote,single,200,majority_vote
nips4b_birds_trainfile653_3_4,nips4b_birds_trainfile653,3.0,4.0,2612,a2v,154368,201.0,0,turphi_song,turphi_song,True,/path/to/data,24000,24000,152,a2v_1s_vote,single,200,majority_vote
nips4b_birds_trainfile654_1_2,nips4b_birds_trainfile654,1.0,2.0,2615,a2v,154368,201.0,0,petpet_song,petpet_song,True,/path/to/data,24000,24000,90,a2v_1s_vote,single,200,majority_vote
nips4b_birds_trainfile654_2_3,nips4b_birds_trainfile654,2.0,3.0,2616,a2v,154368,201.0,0,petpet_song,petpet_song,True,/path/to/data,24000,24000,90,a2v_1s_vote,single,200,majority_vote
nips4b_birds_trainfile654_3_4,nips4b_birds_trainfile654,3.0,4.0,2617,a2v,154368,201.0,0,sylcan_song,sylcan_song,True,/path/to/data,24000,24000,15,a2v_1s_vote,single,200,majority_vote
nips4b_birds_trainfile654_4_5,nips4b_birds_trainfile654,4.0,5.0,2618,a2v,154368,201.0,0,sylcan_song,sylcan_song,True,/path/to/data,24000,24000,124,a2v_1s_vote,single,200,majority_vote
nips4b_birds_trainfile655_1_2,nips4b_birds_trainfile655,1.0,2.0,2620,a2v,154368,201.0,0,carcar_call,carcar_call,True,/path/to/data,24000,24000,6,a2v_1s_vote,single,200,majority_vote
nips4b_birds_trainfile656_0_1,nips4b_birds_trainfile656,0.0,1.0,2624,a2v,154368,201.0,0,carcar_song,carcar_song,True,/path/to/data,24000,24000,103,a2v_1s_vote,single,200,majority_vote
nips4b_birds_trainfile656_1_2,nips4b_birds_trainfile656,1.0,2.0,2625,a2v,154368,201.0,0,carcar_song,carcar_song,True,/path/to/data,24000,24000,109,a2v_1s_vote,single,200,majority_vote
nips4b_birds_trainfile656_2_3,nips4b_birds_trainfile656,2.0,3.0,2626,a2v,154368,201.0,0,carcar_song,carcar_song,True,/path/to/data,24000,24000,70,a2v_1s_vote,single,200,majority_vote
nips4b_birds_trainfile656_3_4,nips4b_birds_trainfile656,3.0,4.0,2627,a2v,154368,201.0,0,carcar_song,carcar_song,True,/path/to/data,24000,24000,180,a2v_1s_vote,single,200,majority_vote
nips4b_birds_trainfile656_4_5,nips4b_birds_trainfile656,4.0,5.0,2628,a2v,154368,201.0,0,carcar_song,carcar_song,True,/path/to/data,24000,24000,56,a2v_1s_vote,single,200,majority_vote
nips4b_birds_trainfile657_0_1,nips4b_birds_trainfile657,0.0,1.0,2629,a2v,154368,201.0,0,oriori_call,oriori_call,True,/path/to/data,24000,24000,72,a2v_1s_vote,single,200,majority_vote
nips4b_birds_trainfile657_3_4,nips4b_birds_trainfile657,3.0,4.0,2632,a2v,154368,201.0,0,oriori_call,oriori_call,True,/path/to/data,24000,24000,17,a2v_1s_vote,single,200,majority_vote
nips4b_birds_trainfile658_0_1,nips4b_birds_trainfile658,0.0,1.0,2634,a2v,154368,201.0,0,sylcan_song,sylcan_song,True,/path/to/data,24000,24000,132,a2v_1s_vote,single,200,majority_vote
nips4b_birds_trainfile658_1_2,nips4b_birds_trainfile658,1.0,2.0,2635,a2v,154368,201.0,0,sylcan_song,sylcan_song,True,/path/to/data,24000,24000,18,a2v_1s_vote,single,200,majority_vote
nips4b_birds_trainfile658_3_4,nips4b_birds_trainfile658,3.0,4.0,2637,a2v,154368,201.0,0,sylcan_song,sylcan_song,True,/path/to/data,24000,24000,68,a2v_1s_vote,single,200,majority_vote
nips4b_birds_trainfile658_4_5,nips4b_birds_trainfile658,4.0,5.0,2638,a2v,154368,201.0,0,sylcan_song,sylcan_song,True,/path/to/data,24000,24000,10,a2v_1s_vote,single,200,majority_vote
nips4b_birds_trainfile659_1_2,nips4b_birds_trainfile659,1.0,2.0,2640,a2v,154368,201.0,0,petpet_call,petpet_call,True,/path/to/data,24000,24000,184,a2v_1s_vote,single,200,majority_vote
nips4b_birds_trainfile659_2_3,nips4b_birds_trainfile659,2.0,3.0,2641,a2v,154368,201.0,0,petpet_call,petpet_call,True,/path/to/data,24000,24000,18,a2v_1s_vote,single,200,majority_vote
nips4b_birds_trainfile659_3_4,nips4b_birds_trainfile659,3.0,4.0,2642,a2v,154368,201.0,0,petpet_call,petpet_call,True,/path/to/data,24000,24000,111,a2v_1s_vote,single,200,majority_vote
nips4b_birds_trainfile659_4_5,nips4b_birds_trainfile659,4.0,5.0,2643,a2v,154368,201.0,0,petpet_call,petpet_call,True,/path/to/data,24000,24000,90,a2v_1s_vote,single,200,majority_vote
nips4b_birds_trainfile660_0_1,nips4b_birds_trainfile660,0.0,1.0,2644,a2v,154368,201.0,0,trotro_song,trotro_song,True,/path/to/data,24000,24000,139,a2v_1s_vote,single,200,majority_vote
nips4b_birds_trainfile660_1_2,nips4b_birds_trainfile660,1.0,2.0,2645,a2v,154368,201.0,0,trotro_song,trotro_song,True,/path/to/data,24000,24000,145,a2v_1s_vote,single,200,majority_vote
nips4b_birds_trainfile660_2_3,nips4b_birds_trainfile660,2.0,3.0,2646,a2v,154368,201.0,0,trotro_song,trotro_song,True,/path/to/data,24000,24000,153,a2v_1s_vote,single,200,majority_vote
nips4b_birds_trainfile662_0_1,nips4b_birds_trainfile662,0.0,1.0,2650,a2v,154368,201.0,0,galcri_song,galcri_song,True,/path/to/data,24000,24000,15,a2v_1s_vote,single,200,majority_vote
nips4b_birds_trainfile662_1_2,nips4b_birds_trainfile662,1.0,2.0,2651,a2v,154368,201.0,0,alaarv_song,alaarv_song,True,/path/to/data,24000,24000,111,a2v_1s_vote,single,200,majority_vote
nips4b_birds_trainfile662_2_3,nips4b_birds_trainfile662,2.0,3.0,2652,a2v,154368,201.0,0,alaarv_song,alaarv_song,True,/path/to/data,24000,24000,130,a2v_1s_vote,single,200,majority_vote
nips4b_birds_trainfile664_0_1,nips4b_birds_trainfile664,0.0,1.0,2655,a2v,154368,201.0,0,sylund_song,sylund_song,True,/path/to/data,24000,24000,41,a2v_1s_vote,single,200,majority_vote
nips4b_birds_trainfile664_1_2,nips4b_birds_trainfile664,1.0,2.0,2656,a2v,154368,201.0,0,sylund_song,sylund_song,True,/path/to/data,24000,24000,20,a2v_1s_vote,single,200,majority_vote
nips4b_birds_trainfile664_2_3,nips4b_birds_trainfile664,2.0,3.0,2657,a2v,154368,201.0,0,sylund_song,sylund_song,True,/path/to/data,24000,24000,7,a2v_1s_vote,single,200,majority_vote
nips4b_birds_trainfile665_3_4,nips4b_birds_trainfile665,3.0,4.0,2663,a2v,154368,201.0,0,poepal_song,poepal_song,True,/path/to/data,24000,24000,29,a2v_1s_vote,single,200,majority_vote
nips4b_birds_trainfile667_0_1,nips4b_birds_trainfile667,0.0,1.0,2667,a2v,154368,201.0,0,cetcet_song,cetcet_song,True,/path/to/data,24000,24000,50,a2v_1s_vote,single,200,majority_vote
nips4b_birds_trainfile667_1_2,nips4b_birds_trainfile667,1.0,2.0,2668,a2v,154368,201.0,0,cetcet_song,cetcet_song,True,/path/to/data,24000,24000,40,a2v_1s_vote,single,200,majority_vote
nips4b_birds_trainfile667_2_3,nips4b_birds_trainfile667,2.0,3.0,2669,a2v,154368,201.0,0,lusmeg_song,lusmeg_song,True,/path/to/data,24000,24000,20,a2v_1s_vote,single,200,majority_vote
nips4b_birds_trainfile668_0_1,nips4b_birds_trainfile668,0.0,1.0,2671,a2v,154368,201.0,0,aegcau_call,aegcau_call,True,/path/to/data,24000,24000,108,a2v_1s_vote,single,200,majority_vote
nips4b_birds_trainfile671_0_1,nips4b_birds_trainfile671,0.0,1.0,2683,a2v,154368,201.0,0,sylund_song,sylund_song,True,/path/to/data,24000,24000,152,a2v_1s_vote,single,200,majority_vote
nips4b_birds_trainfile671_1_2,nips4b_birds_trainfile671,1.0,2.0,2684,a2v,154368,201.0,0,sylund_song,sylund_song,True,/path/to/data,24000,24000,18,a2v_1s_vote,single,200,majority_vote
nips4b_birds_trainfile672_2_3,nips4b_birds_trainfile672,2.0,3.0,2690,a2v,154368,201.0,0,pyrpyr_call,pyrpyr_call,True,/path/to/data,24000,24000,198,a2v_1s_vote,single,200,majority_vote
nips4b_birds_trainfile672_4_5,nips4b_birds_trainfile672,4.0,5.0,2692,a2v,154368,201.0,0,pyrpyr_call,pyrpyr_call,True,/path/to/data,24000,24000,6,a2v_1s_vote,single,200,majority_vote
nips4b_birds_trainfile673_0_1,nips4b_birds_trainfile673,0.0,1.0,2693,a2v,154368,201.0,0,lularb_song,lularb_song,True,/path/to/data,24000,24000,129,a2v_1s_vote,single,200,majority_vote
nips4b_birds_trainfile674_0_1,nips4b_birds_trainfile674,0.0,1.0,2697,a2v,154368,201.0,0,embcir_call,embcir_call,True,/path/to/data,24000,24000,120,a2v_1s_vote,single,200,majority_vote
nips4b_birds_trainfile674_1_2,nips4b_birds_trainfile674,1.0,2.0,2698,a2v,154368,201.0,0,embcir_call,embcir_call,True,/path/to/data,24000,24000,120,a2v_1s_vote,single,200,majority_vote
nips4b_birds_trainfile674_4_5,nips4b_birds_trainfile674,4.0,5.0,2701,a2v,154368,201.0,0,embcir_call,embcir_call,True,/path/to/data,24000,24000,183,a2v_1s_vote,single,200,majority_vote
nips4b_birds_trainfile675_4_5,nips4b_birds_trainfile675,4.0,5.0,2706,a2v,154368,201.0,0,anttri_song,anttri_song,True,/path/to/data,24000,24000,54,a2v_1s_vote,single,200,majority_vote
nips4b_birds_trainfile676_3_4,nips4b_birds_trainfile676,3.0,4.0,2710,a2v,154368,201.0,0,butbut_call,butbut_call,True,/path/to/data,24000,24000,186,a2v_1s_vote,single,200,majority_vote
nips4b_birds_trainfile677_1_2,nips4b_birds_trainfile677,1.0,2.0,2713,a2v,154368,201.0,0,pasdom_call,pasdom_call,True,/path/to/data,24000,24000,17,a2v_1s_vote,single,200,majority_vote
nips4b_birds_trainfile677_4_5,nips4b_birds_trainfile677,4.0,5.0,2716,a2v,154368,201.0,0,pasdom_call,pasdom_call,True,/path/to/data,24000,24000,42,a2v_1s_vote,single,200,majority_vote
nips4b_birds_trainfile678_0_1,nips4b_birds_trainfile678,0.0,1.0,2717,a2v,154368,201.0,0,parmaj_song,parmaj_song,True,/path/to/data,24000,24000,1,a2v_1s_vote,single,200,majority_vote
nips4b_birds_trainfile678_1_2,nips4b_birds_trainfile678,1.0,2.0,2718,a2v,154368,201.0,0,parate_song,parate_song,True,/path/to/data,24000,24000,13,a2v_1s_vote,single,200,majority_vote
nips4b_birds_trainfile678_3_4,nips4b_birds_trainfile678,3.0,4.0,2720,a2v,154368,201.0,0,phycol_song,phycol_song,True,/path/to/data,24000,24000,135,a2v_1s_vote,single,200,majority_vote
nips4b_birds_trainfile679_1_2,nips4b_birds_trainfile679,1.0,2.0,2723,a2v,154368,201.0,0,chlchl_call,chlchl_call,True,/path/to/data,24000,24000,87,a2v_1s_vote,single,200,majority_vote
nips4b_birds_trainfile681_0_1,nips4b_birds_trainfile681,0.0,1.0,2726,a2v,154368,201.0,0,turmer_song,turmer_song,True,/path/to/data,24000,24000,72,a2v_1s_vote,single,200,majority_vote
nips4b_birds_trainfile681_1_2,nips4b_birds_trainfile681,1.0,2.0,2727,a2v,154368,201.0,0,turmer_song,turmer_song,True,/path/to/data,24000,24000,186,a2v_1s_vote,single,200,majority_vote
nips4b_birds_trainfile682_0_1,nips4b_birds_trainfile682,0.0,1.0,2731,a2v,154368,201.0,0,sylund_song,sylund_song,True,/path/to/data,24000,24000,14,a2v_1s_vote,single,200,majority_vote
nips4b_birds_trainfile682_1_2,nips4b_birds_trainfile682,1.0,2.0,2732,a2v,154368,201.0,0,sylund_song,sylund_song,True,/path/to/data,24000,24000,10,a2v_1s_vote,single,200,majority_vote
nips4b_birds_trainfile682_3_4,nips4b_birds_trainfile682,3.0,4.0,2734,a2v,154368,201.0,0,sylund_song,sylund_song,True,/path/to/data,24000,24000,184,a2v_1s_vote,single,200,majority_vote
nips4b_birds_trainfile682_4_5,nips4b_birds_trainfile682,4.0,5.0,2735,a2v,154368,201.0,0,sylund_song,sylund_song,True,/path/to/data,24000,24000,14,a2v_1s_vote,single,200,majority_vote
nips4b_birds_trainfile683_0_1,nips4b_birds_trainfile683,0.0,1.0,2736,a2v,154368,201.0,0,phycol_song,phycol_song,True,/path/to/data,24000,24000,107,a2v_1s_vote,single,200,majority_vote
nips4b_birds_trainfile683_1_2,nips4b_birds_trainfile683,1.0,2.0,2737,a2v,154368,201.0,0,phycol_song,phycol_song,True,/path/to/data,24000,24000,50,a2v_1s_vote,single,200,majority_vote
nips4b_birds_trainfile683_3_4,nips4b_birds_trainfile683,3.0,4.0,2739,a2v,154368,201.0,0,anttri_song,anttri_song,True,/path/to/data,24000,24000,9,a2v_1s_vote,single,200,majority_vote
nips4b_birds_trainfile684_0_1,nips4b_birds_trainfile684,0.0,1.0,2741,a2v,154368,201.0,0,parcae_call,parcae_call,True,/path/to/data,24000,24000,9,a2v_1s_vote,single,200,majority_vote
nips4b_birds_trainfile684_2_3,nips4b_birds_trainfile684,2.0,3.0,2743,a2v,154368,201.0,0,parcae_call,parcae_call,True,/path/to/data,24000,24000,68,a2v_1s_vote,single,200,majority_vote
nips4b_birds_trainfile685_0_1,nips4b_birds_trainfile685,0.0,1.0,2744,a2v,154368,201.0,0,lusmeg_song,lusmeg_song,True,/path/to/data,24000,24000,15,a2v_1s_vote,single,200,majority_vote
nips4b_birds_trainfile686_2_3,nips4b_birds_trainfile686,2.0,3.0,2750,a2v,154368,201.0,0,serser_song,serser_song,True,/path/to/data,24000,24000,18,a2v_1s_vote,single,200,majority_vote
nips4b_birds_trainfile687_0_1,nips4b_birds_trainfile687,0.0,1.0,2753,a2v,154368,201.0,0,poepal_call,poepal_call,True,/path/to/data,24000,24000,114,a2v_1s_vote,single,200,majority_vote
nips4b_birds_trainfile687_1_2,nips4b_birds_trainfile687,1.0,2.0,2754,a2v,154368,201.0,0,poepal_call,poepal_call,True,/path/to/data,24000,24000,17,a2v_1s_vote,single,200,majority_vote
nips4b_birds_trainfile687_4_5,nips4b_birds_trainfile687,4.0,5.0,2757,a2v,154368,201.0,0,poepal_call,poepal_call,True,/path/to/data,24000,24000,48,a2v_1s_vote,single,200,majority_vote
nips4b_birds_trainfile002_0_3,nips4b_birds_trainfile002,0.0,3.0,2,a2v,461568,601.0,0,sylmel_song,sylmel_song,True,/path/to/data,72000,24000,18,a2v_3s_vote,single,190,majority_vote
nips4b_birds_trainfile008_0_3,nips4b_birds_trainfile008,0.0,3.0,12,a2v,461568,601.0,0,galthe_call,galthe_call,True,/path/to/data,72000,24000,60,a2v_3s_vote,single,190,majority_vote
nips4b_birds_trainfile008_2_5,nips4b_birds_trainfile008,2.0,5.0,13,a2v,461568,601.0,0,galthe_call,galthe_call,True,/path/to/data,72000,24000,118,a2v_3s_vote,single,190,majority_vote
nips4b_birds_trainfile013_0_3,nips4b_birds_trainfile013,0.0,3.0,18,a2v,461568,601.0,0,sylund_song,sylund_song,True,/path/to/data,72000,24000,112,a2v_3s_vote,single,190,majority_vote
nips4b_birds_trainfile013_2_5,nips4b_birds_trainfile013,2.0,5.0,19,a2v,461568,601.0,0,sylund_song,sylund_song,True,/path/to/data,72000,24000,49,a2v_3s_vote,single,190,majority_vote
nips4b_birds_trainfile016_0_3,nips4b_birds_trainfile016,0.0,3.0,22,a2v,461568,601.0,0,cetcet_song,cetcet_song,True,/path/to/data,72000,24000,41,a2v_3s_vote,single,190,majority_vote
nips4b_birds_trainfile016_2_5,nips4b_birds_trainfile016,2.0,5.0,23,a2v,461568,601.0,0,cetcet_song,cetcet_song,True,/path/to/data,72000,24000,122,a2v_3s_vote,single,190,majority_vote
nips4b_birds_trainfile021_0_3,nips4b_birds_trainfile021,0.0,3.0,26,a2v,461568,601.0,0,fricoe_song,fricoe_song,True,/path/to/data,72000,24000,60,a2v_3s_vote,single,190,majority_vote
nips4b_birds_trainfile023_0_3,nips4b_birds_trainfile023,0.0,3.0,28,a2v,461568,601.0,0,galthe_call,galthe_call,True,/path/to/data,72000,24000,182,a2v_3s_vote,single,190,majority_vote
nips4b_birds_trainfile023_2_5,nips4b_birds_trainfile023,2.0,5.0,29,a2v,461568,601.0,0,galthe_call,galthe_call,True,/path/to/data,72000,24000,178,a2v_3s_vote,single,190,majority_vote
nips4b_birds_trainfile024_0_3,nips4b_birds_trainfile024,0.0,3.0,30,a2v,461568,601.0,0,sylmel_song,sylmel_song,True,/path/to/data,72000,24000,49,a2v_3s_vote,single,190,majority_vote
nips4b_birds_trainfile024_2_5,nips4b_birds_trainfile024,2.0,5.0,31,a2v,461568,601.0,0,sylmel_call,sylmel_call,True,/path/to/data,72000,24000,179,a2v_3s_vote,single,190,majority_vote
nips4b_birds_trainfile027_2_5,nips4b_birds_trainfile027,2.0,5.0,33,a2v,461568,601.0,0,cetcet_song,cetcet_song,True,/path/to/data,72000,24000,17,a2v_3s_vote,single,190,majority_vote
nips4b_birds_trainfile029_0_3,nips4b_birds_trainfile029,0.0,3.0,34,a2v,461568,601.0,0,sylmel_call,sylmel_call,True,/path/to/data,72000,24000,137,a2v_3s_vote,single,190,majority_vote
nips4b_birds_trainfile033_0_3,nips4b_birds_trainfile033,0.0,3.0,40,a2v,461568,601.0,0,galthe_song,galthe_song,True,/path/to/data,72000,24000,179,a2v_3s_vote,single,190,majority_vote
nips4b_birds_trainfile033_2_5,nips4b_birds_trainfile033,2.0,5.0,41,a2v,461568,601.0,0,galthe_song,galthe_song,True,/path/to/data,72000,24000,58,a2v_3s_vote,single,190,majority_vote
nips4b_birds_trainfile034_0_3,nips4b_birds_trainfile034,0.0,3.0,42,a2v,461568,601.0,0,sylcan_song,sylcan_song,True,/path/to/data,72000,24000,61,a2v_3s_vote,single,190,majority_vote
nips4b_birds_trainfile034_2_5,nips4b_birds_trainfile034,2.0,5.0,43,a2v,461568,601.0,0,petpet_song,petpet_song,True,/path/to/data,72000,24000,189,a2v_3s_vote,single,190,majority_vote
nips4b_birds_trainfile035_0_3,nips4b_birds_trainfile035,0.0,3.0,44,a2v,461568,601.0,0,regign_song,regign_song,True,/path/to/data,72000,24000,25,a2v_3s_vote,single,190,majority_vote
nips4b_birds_trainfile035_2_5,nips4b_birds_trainfile035,2.0,5.0,45,a2v,461568,601.0,0,regign_song,regign_song,True,/path/to/data,72000,24000,140,a2v_3s_vote,single,190,majority_vote
nips4b_birds_trainfile037_0_3,nips4b_birds_trainfile037,0.0,3.0,48,a2v,461568,601.0,0,sylund_call,sylund_call,True,/path/to/data,72000,24000,68,a2v_3s_vote,single,190,majority_vote
nips4b_birds_trainfile037_2_5,nips4b_birds_trainfile037,2.0,5.0,49,a2v,461568,601.0,0,sylund_call,sylund_call,True,/path/to/data,72000,24000,68,a2v_3s_vote,single,190,majority_vote
nips4b_birds_trainfile041_2_5,nips4b_birds_trainfile041,2.0,5.0,55,a2v,461568,601.0,0,phycol_call,phycol_call,True,/path/to/data,72000,24000,87,a2v_3s_vote,single,190,majority_vote
nips4b_birds_trainfile046_0_3,nips4b_birds_trainfile046,0.0,3.0,62,a2v,461568,601.0,0,sylatr_call,sylatr_call,True,/path/to/data,72000,24000,137,a2v_3s_vote,single,190,majority_vote
nips4b_birds_trainfile046_2_5,nips4b_birds_trainfile046,2.0,5.0,63,a2v,461568,601.0,0,sylatr_call,sylatr_call,True,/path/to/data,72000,24000,137,a2v_3s_vote,single,190,majority_vote
nips4b_birds_trainfile047_2_5,nips4b_birds_trainfile047,2.0,5.0,65,a2v,461568,601.0,0,erirub_song,erirub_song,True,/path/to/data,72000,24000,127,a2v_3s_vote,single,190,majority_vote
nips4b_birds_trainfile048_0_3,nips4b_birds_trainfile048,0.0,3.0,66,a2v,461568,601.0,0,carcan_song,carcan_song,True,/path/to/data,72000,24000,66,a2v_3s_vote,single,190,majority_vote
nips4b_birds_trainfile048_2_5,nips4b_birds_trainfile048,2.0,5.0,67,a2v,461568,601.0,0,carcan_song,carcan_song,True,/path/to/data,72000,24000,98,a2v_3s_vote,single,190,majority_vote
nips4b_birds_trainfile049_2_5,nips4b_birds_trainfile049,2.0,5.0,69,a2v,461568,601.0,0,pasdom_call,pasdom_call,True,/path/to/data,72000,24000,168,a2v_3s_vote,single,190,majority_vote
nips4b_birds_trainfile050_0_3,nips4b_birds_trainfile050,0.0,3.0,70,a2v,461568,601.0,0,sylund_call,sylund_call,True,/path/to/data,72000,24000,68,a2v_3s_vote,single,190,majority_vote
nips4b_birds_trainfile050_2_5,nips4b_birds_trainfile050,2.0,5.0,71,a2v,461568,601.0,0,sylund_call,sylund_call,True,/path/to/data,72000,24000,72,a2v_3s_vote,single,190,majority_vote
nips4b_birds_trainfile051_2_5,nips4b_birds_trainfile051,2.0,5.0,73,a2v,461568,601.0,0,lusmeg_call,lusmeg_call,True,/path/to/data,72000,24000,68,a2v_3s_vote,single,190,majority_vote
nips4b_birds_trainfile062_0_3,nips4b_birds_trainfile062,0.0,3.0,82,a2v,461568,601.0,0,siteur_song,siteur_song,True,/path/to/data,72000,24000,95,a2v_3s_vote,single,190,majority_vote
nips4b_birds_trainfile062_2_5,nips4b_birds_trainfile062,2.0,5.0,83,a2v,461568,601.0,0,regign_song,regign_song,True,/path/to/data,72000,24000,132,a2v_3s_vote,single,190,majority_vote
nips4b_birds_trainfile063_0_3,nips4b_birds_trainfile063,0.0,3.0,84,a2v,461568,601.0,0,sylcan_song,sylcan_song,True,/path/to/data,72000,24000,19,a2v_3s_vote,single,190,majority_vote
nips4b_birds_trainfile063_2_5,nips4b_birds_trainfile063,2.0,5.0,85,a2v,461568,601.0,0,sylcan_song,sylcan_song,True,/path/to/data,72000,24000,112,a2v_3s_vote,single,190,majority_vote
nips4b_birds_trainfile068_0_3,nips4b_birds_trainfile068,0.0,3.0,90,a2v,461568,601.0,0,carcan_song,carcan_song,True,/path/to/data,72000,24000,55,a2v_3s_vote,single,190,majority_vote
nips4b_birds_trainfile068_2_5,nips4b_birds_trainfile068,2.0,5.0,91,a2v,461568,601.0,0,carcan_song,carcan_song,True,/path/to/data,72000,24000,178,a2v_3s_vote,single,190,majority_vote
nips4b_birds_trainfile070_0_3,nips4b_birds_trainfile070,0.0,3.0,94,a2v,461568,601.0,0,galcri_call,galcri_call,True,/path/to/data,72000,24000,119,a2v_3s_vote,single,190,majority_vote
nips4b_birds_trainfile070_2_5,nips4b_birds_trainfile070,2.0,5.0,95,a2v,461568,601.0,0,galcri_call,galcri_call,True,/path/to/data,72000,24000,35,a2v_3s_vote,single,190,majority_vote
nips4b_birds_trainfile073_2_5,nips4b_birds_trainfile073,2.0,5.0,99,a2v,461568,601.0,0,petpet_call,petpet_call,True,/path/to/data,72000,24000,108,a2v_3s_vote,single,190,majority_vote
nips4b_birds_trainfile075_0_3,nips4b_birds_trainfile075,0.0,3.0,100,a2v,461568,601.0,0,lopcri_call,lopcri_call,True,/path/to/data,72000,24000,87,a2v_3s_vote,single,190,majority_vote
nips4b_birds_trainfile077_2_5,nips4b_birds_trainfile077,2.0,5.0,105,a2v,461568,601.0,0,pyrpyr_call,pyrpyr_call,True,/path/to/data,72000,24000,19,a2v_3s_vote,single,190,majority_vote
nips4b_birds_trainfile082_2_5,nips4b_birds_trainfile082,2.0,5.0,113,a2v,461568,601.0,0,parcae_call,parcae_call,True,/path/to/data,72000,24000,55,a2v_3s_vote,single,190,majority_vote
nips4b_birds_trainfile096_0_3,nips4b_birds_trainfile096,0.0,3.0,124,a2v,461568,601.0,0,denmaj_drum,denmaj_drum,True,/path/to/data,72000,24000,181,a2v_3s_vote,single,190,majority_vote
nips4b_birds_trainfile098_0_3,nips4b_birds_trainfile098,0.0,3.0,126,a2v,461568,601.0,0,petpet_call,petpet_call,True,/path/to/data,72000,24000,132,a2v_3s_vote,single,190,majority_vote
nips4b_birds_trainfile100_0_3,nips4b_birds_trainfile100,0.0,3.0,128,a2v,461568,601.0,0,embcir_call,embcir_call,True,/path/to/data,72000,24000,158,a2v_3s_vote,single,190,majority_vote
nips4b_birds_trainfile100_2_5,nips4b_birds_trainfile100,2.0,5.0,129,a2v,461568,601.0,0,embcir_call,embcir_call,True,/path/to/data,72000,24000,158,a2v_3s_vote,single,190,majority_vote
nips4b_birds_trainfile104_2_5,nips4b_birds_trainfile104,2.0,5.0,135,a2v,461568,601.0,0,erirub_call,erirub_call,True,/path/to/data,72000,24000,158,a2v_3s_vote,single,190,majority_vote
nips4b_birds_trainfile107_0_3,nips4b_birds_trainfile107,0.0,3.0,138,a2v,461568,601.0,0,turphi_call,turphi_call,True,/path/to/data,72000,24000,36,a2v_3s_vote,single,190,majority_vote
nips4b_birds_trainfile108_0_3,nips4b_birds_trainfile108,0.0,3.0,140,a2v,461568,601.0,0,sylcan_call,sylcan_call,True,/path/to/data,72000,24000,38,a2v_3s_vote,single,190,majority_vote
nips4b_birds_trainfile108_2_5,nips4b_birds_trainfile108,2.0,5.0,141,a2v,461568,601.0,0,sylcan_call,sylcan_call,True,/path/to/data,72000,24000,38,a2v_3s_vote,single,190,majority_vote
nips4b_birds_trainfile110_2_5,nips4b_birds_trainfile110,2.0,5.0,143,a2v,461568,601.0,0,jyntor_song,jyntor_song,True,/path/to/data,72000,24000,75,a2v_3s_vote,single,190,majority_vote
nips4b_birds_trainfile113_0_3,nips4b_birds_trainfile113,0.0,3.0,144,a2v,461568,601.0,0,oriori_song,oriori_song,True,/path/to/data,72000,24000,100,a2v_3s_vote,single,190,majority_vote
nips4b_birds_trainfile113_2_5,nips4b_birds_trainfile113,2.0,5.0,145,a2v,461568,601.0,0,oriori_song,oriori_song,True,/path/to/data,72000,24000,100,a2v_3s_vote,single,190,majority_vote
nips4b_birds_trainfile120_2_5,nips4b_birds_trainfile120,2.0,5.0,153,a2v,461568,601.0,0,sylund_song,sylund_song,True,/path/to/data,72000,24000,68,a2v_3s_vote,single,190,majority_vote
nips4b_birds_trainfile125_0_3,nips4b_birds_trainfile125,0.0,3.0,156,a2v,461568,601.0,0,oriori_song,oriori_song,True,/path/to/data,72000,24000,55,a2v_3s_vote,single,190,majority_vote
nips4b_birds_trainfile125_2_5,nips4b_birds_trainfile125,2.0,5.0,157,a2v,461568,601.0,0,oriori_song,oriori_song,True,/path/to/data,72000,24000,20,a2v_3s_vote,single,190,majority_vote
nips4b_birds_trainfile127_0_3,nips4b_birds_trainfile127,0.0,3.0,158,a2v,461568,601.0,0,carcan_song,carcan_song,True,/path/to/data,72000,24000,20,a2v_3s_vote,single,190,majority_vote
nips4b_birds_trainfile127_2_5,nips4b_birds_trainfile127,2.0,5.0,159,a2v,461568,601.0,0,carcan_song,carcan_song,True,/path/to/data,72000,24000,173,a2v_3s_vote,single,190,majority_vote
nips4b_birds_trainfile130_0_3,nips4b_birds_trainfile130,0.0,3.0,160,a2v,461568,601.0,0,carcan_song,carcan_song,True,/path/to/data,72000,24000,68,a2v_3s_vote,single,190,majority_vote
nips4b_birds_trainfile138_2_5,nips4b_birds_trainfile138,2.0,5.0,171,a2v,461568,601.0,0,serser_song,serser_song,True,/path/to/data,72000,24000,20,a2v_3s_vote,single,190,majority_vote
nips4b_birds_trainfile139_0_3,nips4b_birds_trainfile139,0.0,3.0,172,a2v,461568,601.0,0,musstr_call,musstr_call,True,/path/to/data,72000,24000,55,a2v_3s_vote,single,190,majority_vote
nips4b_birds_trainfile139_2_5,nips4b_birds_trainfile139,2.0,5.0,173,a2v,461568,601.0,0,musstr_call,musstr_call,True,/path/to/data,72000,24000,30,a2v_3s_vote,single,190,majority_vote
nips4b_birds_trainfile144_0_3,nips4b_birds_trainfile144,0.0,3.0,176,a2v,461568,601.0,0,pyrpyr_call,pyrpyr_call,True,/path/to/data,72000,24000,109,a2v_3s_vote,single,190,majority_vote
nips4b_birds_trainfile145_2_5,nips4b_birds_trainfile145,2.0,5.0,179,a2v,461568,601.0,0,petpet_song,petpet_song,True,/path/to/data,72000,24000,18,a2v_3s_vote,single,190,majority_vote
nips4b_birds_trainfile148_2_5,nips4b_birds_trainfile148,2.0,5.0,183,a2v,461568,601.0,0,lusmeg_song,lusmeg_song,True,/path/to/data,72000,24000,118,a2v_3s_vote,single,190,majority_vote
nips4b_birds_trainfile151_0_3,nips4b_birds_trainfile151,0.0,3.0,188,a2v,461568,601.0,0,sylmel_call,sylmel_call,True,/path/to/data,72000,24000,42,a2v_3s_vote,single,190,majority_vote
nips4b_birds_trainfile151_2_5,nips4b_birds_trainfile151,2.0,5.0,189,a2v,461568,601.0,0,sylmel_call,sylmel_call,True,/path/to/data,72000,24000,48,a2v_3s_vote,single,190,majority_vote
nips4b_birds_trainfile154_2_5,nips4b_birds_trainfile154,2.0,5.0,195,a2v,461568,601.0,0,serser_song,serser_song,True,/path/to/data,72000,24000,20,a2v_3s_vote,single,190,majority_vote
nips4b_birds_trainfile155_2_5,nips4b_birds_trainfile155,2.0,5.0,197,a2v,461568,601.0,0,cetcet_song,cetcet_song,True,/path/to/data,72000,24000,122,a2v_3s_vote,single,190,majority_vote
nips4b_birds_trainfile156_0_3,nips4b_birds_trainfile156,0.0,3.0,198,a2v,461568,601.0,0,lopcri_call,lopcri_call,True,/path/to/data,72000,24000,118,a2v_3s_vote,single,190,majority_vote
nips4b_birds_trainfile156_2_5,nips4b_birds_trainfile156,2.0,5.0,199,a2v,461568,601.0,0,lopcri_call,lopcri_call,True,/path/to/data,72000,24000,46,a2v_3s_vote,single,190,majority_vote
nips4b_birds_trainfile157_0_3,nips4b_birds_trainfile157,0.0,3.0,200,a2v,461568,601.0,0,sylund_song,sylund_song,True,/path/to/data,72000,24000,3,a2v_3s_vote,single,190,majority_vote
nips4b_birds_trainfile157_2_5,nips4b_birds_trainfile157,2.0,5.0,201,a2v,461568,601.0,0,sylund_song,sylund_song,True,/path/to/data,72000,24000,135,a2v_3s_vote,single,190,majority_vote
nips4b_birds_trainfile158_0_3,nips4b_birds_trainfile158,0.0,3.0,202,a2v,461568,601.0,0,galcri_call,galcri_call,True,/path/to/data,72000,24000,171,a2v_3s_vote,single,190,majority_vote
nips4b_birds_trainfile160_0_3,nips4b_birds_trainfile160,0.0,3.0,204,a2v,461568,601.0,0,alaarv_song,alaarv_song,True,/path/to/data,72000,24000,167,a2v_3s_vote,single,190,majority_vote
nips4b_birds_trainfile162_0_3,nips4b_birds_trainfile162,0.0,3.0,206,a2v,461568,601.0,0,galcri_song,galcri_song,True,/path/to/data,72000,24000,31,a2v_3s_vote,single,190,majority_vote
nips4b_birds_trainfile162_2_5,nips4b_birds_trainfile162,2.0,5.0,207,a2v,461568,601.0,0,galcri_song,galcri_song,True,/path/to/data,72000,24000,31,a2v_3s_vote,single,190,majority_vote
nips4b_birds_trainfile165_0_3,nips4b_birds_trainfile165,0.0,3.0,210,a2v,461568,601.0,0,sylcan_call,sylcan_call,True,/path/to/data,72000,24000,103,a2v_3s_vote,single,190,majority_vote
nips4b_birds_trainfile165_2_5,nips4b_birds_trainfile165,2.0,5.0,211,a2v,461568,601.0,0,sylcan_call,sylcan_call,True,/path/to/data,72000,24000,103,a2v_3s_vote,single,190,majority_vote
nips4b_birds_trainfile166_0_3,nips4b_birds_trainfile166,0.0,3.0,212,a2v,461568,601.0,0,embcir_song,embcir_song,True,/path/to/data,72000,24000,102,a2v_3s_vote,single,190,majority_vote
nips4b_birds_trainfile168_0_3,nips4b_birds_trainfile168,0.0,3.0,216,a2v,461568,601.0,0,strtur_song,strtur_song,True,/path/to/data,72000,24000,142,a2v_3s_vote,single,190,majority_vote
nips4b_birds_trainfile168_2_5,nips4b_birds_trainfile168,2.0,5.0,217,a2v,461568,601.0,0,strtur_song,strtur_song,True,/path/to/data,72000,24000,148,a2v_3s_vote,single,190,majority_vote
nips4b_birds_trainfile172_2_5,nips4b_birds_trainfile172,2.0,5.0,223,a2v,461568,601.0,0,turphi_call,turphi_call,True,/path/to/data,72000,24000,159,a2v_3s_vote,single,190,majority_vote
nips4b_birds_trainfile174_0_3,nips4b_birds_trainfile174,0.0,3.0,224,a2v,461568,601.0,0,sylmel_call,sylmel_call,True,/path/to/data,72000,24000,38,a2v_3s_vote,single,190,majority_vote
nips4b_birds_trainfile174_2_5,nips4b_birds_trainfile174,2.0,5.0,225,a2v,461568,601.0,0,sylmel_call,sylmel_call,True,/path/to/data,72000,24000,168,a2v_3s_vote,single,190,majority_vote
nips4b_birds_trainfile176_0_3,nips4b_birds_trainfile176,0.0,3.0,226,a2v,461568,601.0,0,turphi_song,turphi_song,True,/path/to/data,72000,24000,87,a2v_3s_vote,single,190,majority_vote
nips4b_birds_trainfile176_2_5,nips4b_birds_trainfile176,2.0,5.0,227,a2v,461568,601.0,0,turphi_song,turphi_song,True,/path/to/data,72000,24000,55,a2v_3s_vote,single,190,majority_vote
nips4b_birds_trainfile180_0_3,nips4b_birds_trainfile180,0.0,3.0,232,a2v,461568,601.0,0,lusmeg_call,lusmeg_call,True,/path/to/data,72000,24000,161,a2v_3s_vote,single,190,majority_vote
nips4b_birds_trainfile185_0_3,nips4b_birds_trainfile185,0.0,3.0,242,a2v,461568,601.0,0,carcan_call,carcan_call,True,/path/to/data,72000,24000,137,a2v_3s_vote,single,190,majority_vote
nips4b_birds_trainfile188_0_3,nips4b_birds_trainfile188,0.0,3.0,244,a2v,461568,601.0,0,cetcet_song,cetcet_song,True,/path/to/data,72000,24000,17,a2v_3s_vote,single,190,majority_vote
nips4b_birds_trainfile188_2_5,nips4b_birds_trainfile188,2.0,5.0,245,a2v,461568,601.0,0,cetcet_song,cetcet_song,True,/path/to/data,72000,24000,87,a2v_3s_vote,single,190,majority_vote
nips4b_birds_trainfile190_0_3,nips4b_birds_trainfile190,0.0,3.0,246,a2v,461568,601.0,0,turphi_song,turphi_song,True,/path/to/data,72000,24000,87,a2v_3s_vote,single,190,majority_vote
nips4b_birds_trainfile190_2_5,nips4b_birds_trainfile190,2.0,5.0,247,a2v,461568,601.0,0,turphi_song,turphi_song,True,/path/to/data,72000,24000,167,a2v_3s_vote,single,190,majority_vote
nips4b_birds_trainfile191_0_3,nips4b_birds_trainfile191,0.0,3.0,248,a2v,461568,601.0,0,sylmel_call,sylmel_call,True,/path/to/data,72000,24000,170,a2v_3s_vote,single,190,majority_vote
nips4b_birds_trainfile200_0_3,nips4b_birds_trainfile200,0.0,3.0,256,a2v,461568,601.0,0,sylmel_song,sylmel_song,True,/path/to/data,72000,24000,135,a2v_3s_vote,single,190,majority_vote
nips4b_birds_trainfile200_2_5,nips4b_birds_trainfile200,2.0,5.0,257,a2v,461568,601.0,0,sylmel_song,sylmel_song,True,/path/to/data,72000,24000,32,a2v_3s_vote,single,190,majority_vote
nips4b_birds_trainfile201_0_3,nips4b_birds_trainfile201,0.0,3.0,258,a2v,461568,601.0,0,lusmeg_song,lusmeg_song,True,/path/to/data,72000,24000,123,a2v_3s_vote,single,190,majority_vote
nips4b_birds_trainfile201_2_5,nips4b_birds_trainfile201,2.0,5.0,259,a2v,461568,601.0,0,cetcet_song,cetcet_song,True,/path/to/data,72000,24000,122,a2v_3s_vote,single,190,majority_vote
nips4b_birds_trainfile202_0_3,nips4b_birds_trainfile202,0.0,3.0,260,a2v,461568,601.0,0,sylund_song,sylund_song,True,/path/to/data,72000,24000,49,a2v_3s_vote,single,190,majority_vote
nips4b_birds_trainfile202_2_5,nips4b_birds_trainfile202,2.0,5.0,261,a2v,461568,601.0,0,sylund_song,sylund_song,True,/path/to/data,72000,24000,72,a2v_3s_vote,single,190,majority_vote
nips4b_birds_trainfile204_0_3,nips4b_birds_trainfile204,0.0,3.0,262,a2v,461568,601.0,0,galthe_call,galthe_call,True,/path/to/data,72000,24000,60,a2v_3s_vote,single,190,majority_vote
nips4b_birds_trainfile205_0_3,nips4b_birds_trainfile205,0.0,3.0,264,a2v,461568,601.0,0,carcan_song,carcan_song,True,/path/to/data,72000,24000,68,a2v_3s_vote,single,190,majority_vote
nips4b_birds_trainfile207_2_5,nips4b_birds_trainfile207,2.0,5.0,269,a2v,461568,601.0,0,lusmeg_song,lusmeg_song,True,/path/to/data,72000,24000,10,a2v_3s_vote,single,190,majority_vote
nips4b_birds_trainfile208_0_3,nips4b_birds_trainfile208,0.0,3.0,270,a2v,461568,601.0,0,sylcan_call,sylcan_call,True,/path/to/data,72000,24000,38,a2v_3s_vote,single,190,majority_vote
nips4b_birds_trainfile208_2_5,nips4b_birds_trainfile208,2.0,5.0,271,a2v,461568,601.0,0,sylcan_call,sylcan_call,True,/path/to/data,72000,24000,38,a2v_3s_vote,single,190,majority_vote
nips4b_birds_trainfile213_0_3,nips4b_birds_trainfile213,0.0,3.0,276,a2v,461568,601.0,0,lusmeg_call,lusmeg_call,True,/path/to/data,72000,24000,118,a2v_3s_vote,single,190,majority_vote
nips4b_birds_trainfile213_2_5,nips4b_birds_trainfile213,2.0,5.0,277,a2v,461568,601.0,0,lusmeg_call,lusmeg_call,True,/path/to/data,72000,24000,60,a2v_3s_vote,single,190,majority_vote
nips4b_birds_trainfile221_0_3,nips4b_birds_trainfile221,0.0,3.0,282,a2v,461568,601.0,0,parcae_song,parcae_song,True,/path/to/data,72000,24000,30,a2v_3s_vote,single,190,majority_vote
nips4b_birds_trainfile221_2_5,nips4b_birds_trainfile221,2.0,5.0,283,a2v,461568,601.0,0,parcae_song,parcae_song,True,/path/to/data,72000,24000,55,a2v_3s_vote,single,190,majority_vote
nips4b_birds_trainfile222_2_5,nips4b_birds_trainfile222,2.0,5.0,285,a2v,461568,601.0,0,petpet_call,petpet_call,True,/path/to/data,72000,24000,58,a2v_3s_vote,single,190,majority_vote
nips4b_birds_trainfile226_2_5,nips4b_birds_trainfile226,2.0,5.0,289,a2v,461568,601.0,0,parcae_call,parcae_call,True,/path/to/data,72000,24000,1,a2v_3s_vote,single,190,majority_vote
nips4b_birds_trainfile228_2_5,nips4b_birds_trainfile228,2.0,5.0,291,a2v,461568,601.0,0,sylund_song,sylund_song,True,/path/to/data,72000,24000,130,a2v_3s_vote,single,190,majority_vote
nips4b_birds_trainfile231_0_3,nips4b_birds_trainfile231,0.0,3.0,292,a2v,461568,601.0,0,oriori_call,oriori_call,True,/path/to/data,72000,24000,109,a2v_3s_vote,single,190,majority_vote
nips4b_birds_trainfile231_2_5,nips4b_birds_trainfile231,2.0,5.0,293,a2v,461568,601.0,0,oriori_call,oriori_call,True,/path/to/data,72000,24000,100,a2v_3s_vote,single,190,majority_vote
nips4b_birds_trainfile236_0_3,nips4b_birds_trainfile236,0.0,3.0,300,a2v,461568,601.0,0,strtur_song,strtur_song,True,/path/to/data,72000,24000,148,a2v_3s_vote,single,190,majority_vote
nips4b_birds_trainfile236_2_5,nips4b_birds_trainfile236,2.0,5.0,301,a2v,461568,601.0,0,strtur_song,strtur_song,True,/path/to/data,72000,24000,76,a2v_3s_vote,single,190,majority_vote
nips4b_birds_trainfile240_0_3,nips4b_birds_trainfile240,0.0,3.0,304,a2v,461568,601.0,0,parcae_call,parcae_call,True,/path/to/data,72000,24000,13,a2v_3s_vote,single,190,majority_vote
nips4b_birds_trainfile243_0_3,nips4b_birds_trainfile243,0.0,3.0,308,a2v,461568,601.0,0,parate_song,parate_song,True,/path/to/data,72000,24000,52,a2v_3s_vote,single,190,majority_vote
nips4b_birds_trainfile249_2_5,nips4b_birds_trainfile249,2.0,5.0,315,a2v,461568,601.0,0,petpet_song,petpet_song,True,/path/to/data,72000,24000,132,a2v_3s_vote,single,190,majority_vote
nips4b_birds_trainfile250_0_3,nips4b_birds_trainfile250,0.0,3.0,316,a2v,461568,601.0,0,denmaj_call,denmaj_call,True,/path/to/data,72000,24000,16,a2v_3s_vote,single,190,majority_vote
nips4b_birds_trainfile250_2_5,nips4b_birds_trainfile250,2.0,5.0,317,a2v,461568,601.0,0,erirub_song,erirub_song,True,/path/to/data,72000,24000,84,a2v_3s_vote,single,190,majority_vote
nips4b_birds_trainfile251_0_3,nips4b_birds_trainfile251,0.0,3.0,318,a2v,461568,601.0,0,sylund_song,sylund_song,True,/path/to/data,72000,24000,49,a2v_3s_vote,single,190,majority_vote
nips4b_birds_trainfile256_0_3,nips4b_birds_trainfile256,0.0,3.0,324,a2v,461568,601.0,0,stuvul_call,stuvul_call,True,/path/to/data,72000,24000,184,a2v_3s_vote,single,190,majority_vote
nips4b_birds_trainfile256_2_5,nips4b_birds_trainfile256,2.0,5.0,325,a2v,461568,601.0,0,stuvul_call,stuvul_call,True,/path/to/data,72000,24000,165,a2v_3s_vote,single,190,majority_vote
nips4b_birds_trainfile259_0_3,nips4b_birds_trainfile259,0.0,3.0,326,a2v,461568,601.0,0,galthe_call,galthe_call,True,/path/to/data,72000,24000,58,a2v_3s_vote,single,190,majority_vote
nips4b_birds_trainfile263_0_3,nips4b_birds_trainfile263,0.0,3.0,332,a2v,461568,601.0,0,lusmeg_call,lusmeg_call,True,/path/to/data,72000,24000,163,a2v_3s_vote,single,190,majority_vote
nips4b_birds_trainfile263_2_5,nips4b_birds_trainfile263,2.0,5.0,333,a2v,461568,601.0,0,lusmeg_call,lusmeg_call,True,/path/to/data,72000,24000,20,a2v_3s_vote,single,190,majority_vote
nips4b_birds_trainfile264_0_3,nips4b_birds_trainfile264,0.0,3.0,334,a2v,461568,601.0,0,turphi_call,turphi_call,True,/path/to/data,72000,24000,60,a2v_3s_vote,single,190,majority_vote
nips4b_birds_trainfile265_0_3,nips4b_birds_trainfile265,0.0,3.0,336,a2v,461568,601.0,0,parcae_call,parcae_call,True,/path/to/data,72000,24000,38,a2v_3s_vote,single,190,majority_vote
nips4b_birds_trainfile276_0_3,nips4b_birds_trainfile276,0.0,3.0,348,a2v,461568,601.0,0,aegcau_call,aegcau_call,True,/path/to/data,72000,24000,13,a2v_3s_vote,single,190,majority_vote
nips4b_birds_trainfile276_2_5,nips4b_birds_trainfile276,2.0,5.0,349,a2v,461568,601.0,0,aegcau_call,aegcau_call,True,/path/to/data,72000,24000,13,a2v_3s_vote,single,190,majority_vote
nips4b_birds_trainfile284_2_5,nips4b_birds_trainfile284,2.0,5.0,359,a2v,461568,601.0,0,galthe_song,galthe_song,True,/path/to/data,72000,24000,173,a2v_3s_vote,single,190,majority_vote
nips4b_birds_trainfile287_0_3,nips4b_birds_trainfile287,0.0,3.0,362,a2v,461568,601.0,0,petpet_call,petpet_call,True,/path/to/data,72000,24000,18,a2v_3s_vote,single,190,majority_vote
nips4b_birds_trainfile292_0_3,nips4b_birds_trainfile292,0.0,3.0,368,a2v,461568,601.0,0,sylmel_song,sylmel_song,True,/path/to/data,72000,24000,32,a2v_3s_vote,single,190,majority_vote
nips4b_birds_trainfile292_2_5,nips4b_birds_trainfile292,2.0,5.0,369,a2v,461568,601.0,0,sylmel_song,sylmel_song,True,/path/to/data,72000,24000,19,a2v_3s_vote,single,190,majority_vote
nips4b_birds_trainfile295_0_3,nips4b_birds_trainfile295,0.0,3.0,372,a2v,461568,601.0,0,plaaff_song,plaaff_song,True,/path/to/data,72000,24000,71,a2v_3s_vote,single,190,majority_vote
nips4b_birds_trainfile295_2_5,nips4b_birds_trainfile295,2.0,5.0,373,a2v,461568,601.0,0,plaaff_song,plaaff_song,True,/path/to/data,72000,24000,26,a2v_3s_vote,single,190,majority_vote
nips4b_birds_trainfile296_0_3,nips4b_birds_trainfile296,0.0,3.0,374,a2v,461568,601.0,0,sylund_call,sylund_call,True,/path/to/data,72000,24000,19,a2v_3s_vote,single,190,majority_vote
nips4b_birds_trainfile296_2_5,nips4b_birds_trainfile296,2.0,5.0,375,a2v,461568,601.0,0,sylund_call,sylund_call,True,/path/to/data,72000,24000,68,a2v_3s_vote,single,190,majority_vote
nips4b_birds_trainfile298_0_3,nips4b_birds_trainfile298,0.0,3.0,378,a2v,461568,601.0,0,plaaff_song,plaaff_song,True,/path/to/data,72000,24000,63,a2v_3s_vote,single,190,majority_vote
nips4b_birds_trainfile298_2_5,nips4b_birds_trainfile298,2.0,5.0,379,a2v,461568,601.0,0,plaaff_song,plaaff_song,True,/path/to/data,72000,24000,63,a2v_3s_vote,single,190,majority_vote
nips4b_birds_trainfile299_0_3,nips4b_birds_trainfile299,0.0,3.0,380,a2v,461568,601.0,0,carcan_song,carcan_song,True,/path/to/data,72000,24000,135,a2v_3s_vote,single,190,majority_vote
nips4b_birds_trainfile300_0_3,nips4b_birds_trainfile300,0.0,3.0,382,a2v,461568,601.0,0,loxcur_call,loxcur_call,True,/path/to/data,72000,24000,168,a2v_3s_vote,single,190,majority_vote
nips4b_birds_trainfile308_0_3,nips4b_birds_trainfile308,0.0,3.0,392,a2v,461568,601.0,0,plasab_song,plasab_song,True,/path/to/data,72000,24000,4,a2v_3s_vote,single,190,majority_vote
nips4b_birds_trainfile308_2_5,nips4b_birds_trainfile308,2.0,5.0,393,a2v,461568,601.0,0,plasab_song,plasab_song,True,/path/to/data,72000,24000,71,a2v_3s_vote,single,190,majority_vote
nips4b_birds_trainfile312_0_3,nips4b_birds_trainfile312,0.0,3.0,394,a2v,461568,601.0,0,alaarv_song,alaarv_song,True,/path/to/data,72000,24000,19,a2v_3s_vote,single,190,majority_vote
nips4b_birds_trainfile312_2_5,nips4b_birds_trainfile312,2.0,5.0,395,a2v,461568,601.0,0,alaarv_song,alaarv_song,True,/path/to/data,72000,24000,19,a2v_3s_vote,single,190,majority_vote
nips4b_birds_trainfile314_0_3,nips4b_birds_trainfile314,0.0,3.0,396,a2v,461568,601.0,0,musstr_call,musstr_call,True,/path/to/data,72000,24000,7,a2v_3s_vote,single,190,majority_vote
nips4b_birds_trainfile314_2_5,nips4b_birds_trainfile314,2.0,5.0,397,a2v,461568,601.0,0,musstr_call,musstr_call,True,/path/to/data,72000,24000,46,a2v_3s_vote,single,190,majority_vote
nips4b_birds_trainfile318_0_3,nips4b_birds_trainfile318,0.0,3.0,402,a2v,461568,601.0,0,cetcet_song,cetcet_song,True,/path/to/data,72000,24000,41,a2v_3s_vote,single,190,majority_vote
nips4b_birds_trainfile334_0_3,nips4b_birds_trainfile334,0.0,3.0,418,a2v,461568,601.0,0,strtur_song,strtur_song,True,/path/to/data,72000,24000,148,a2v_3s_vote,single,190,majority_vote
nips4b_birds_trainfile334_2_5,nips4b_birds_trainfile334,2.0,5.0,419,a2v,461568,601.0,0,strtur_song,strtur_song,True,/path/to/data,72000,24000,134,a2v_3s_vote,single,190,majority_vote
nips4b_birds_trainfile342_0_3,nips4b_birds_trainfile342,0.0,3.0,426,a2v,461568,601.0,0,lularb_song,lularb_song,True,/path/to/data,72000,24000,167,a2v_3s_vote,single,190,majority_vote
nips4b_birds_trainfile342_2_5,nips4b_birds_trainfile342,2.0,5.0,427,a2v,461568,601.0,0,lularb_song,lularb_song,True,/path/to/data,72000,24000,16,a2v_3s_vote,single,190,majority_vote
nips4b_birds_trainfile345_0_3,nips4b_birds_trainfile345,0.0,3.0,428,a2v,461568,601.0,0,embcir_call,embcir_call,True,/path/to/data,72000,24000,140,a2v_3s_vote,single,190,majority_vote
nips4b_birds_trainfile345_2_5,nips4b_birds_trainfile345,2.0,5.0,429,a2v,461568,601.0,0,embcir_call,embcir_call,True,/path/to/data,72000,24000,116,a2v_3s_vote,single,190,majority_vote
nips4b_birds_trainfile346_0_3,nips4b_birds_trainfile346,0.0,3.0,430,a2v,461568,601.0,0,sylcan_call,sylcan_call,True,/path/to/data,72000,24000,112,a2v_3s_vote,single,190,majority_vote
nips4b_birds_trainfile346_2_5,nips4b_birds_trainfile346,2.0,5.0,431,a2v,461568,601.0,0,sylcan_call,sylcan_call,True,/path/to/data,72000,24000,38,a2v_3s_vote,single,190,majority_vote
nips4b_birds_trainfile350_0_3,nips4b_birds_trainfile350,0.0,3.0,434,a2v,461568,601.0,0,carcan_song,carcan_song,True,/path/to/data,72000,24000,72,a2v_3s_vote,single,190,majority_vote
nips4b_birds_trainfile356_0_3,nips4b_birds_trainfile356,0.0,3.0,436,a2v,461568,601.0,0,trotro_song,trotro_song,True,/path/to/data,72000,24000,144,a2v_3s_vote,single,190,majority_vote
nips4b_birds_trainfile362_0_3,nips4b_birds_trainfile362,0.0,3.0,442,a2v,461568,601.0,0,carcan_call,carcan_call,True,/path/to/data,72000,24000,167,a2v_3s_vote,single,190,majority_vote
nips4b_birds_trainfile362_2_5,nips4b_birds_trainfile362,2.0,5.0,443,a2v,461568,601.0,0,carcan_call,carcan_call,True,/path/to/data,72000,24000,173,a2v_3s_vote,single,190,majority_vote
nips4b_birds_trainfile363_0_3,nips4b_birds_trainfile363,0.0,3.0,444,a2v,461568,601.0,0,strdec_song,strdec_song,True,/path/to/data,72000,24000,85,a2v_3s_vote,single,190,majority_vote
nips4b_birds_trainfile363_2_5,nips4b_birds_trainfile363,2.0,5.0,445,a2v,461568,601.0,0,strdec_song,strdec_song,True,/path/to/data,72000,24000,126,a2v_3s_vote,single,190,majority_vote
nips4b_birds_trainfile367_0_3,nips4b_birds_trainfile367,0.0,3.0,450,a2v,461568,601.0,0,cerbra_song,cerbra_song,True,/path/to/data,72000,24000,112,a2v_3s_vote,single,190,majority_vote
nips4b_birds_trainfile372_0_3,nips4b_birds_trainfile372,0.0,3.0,456,a2v,461568,601.0,0,carcan_call,carcan_call,True,/path/to/data,72000,24000,167,a2v_3s_vote,single,190,majority_vote
nips4b_birds_trainfile372_2_5,nips4b_birds_trainfile372,2.0,5.0,457,a2v,461568,601.0,0,carcan_call,carcan_call,True,/path/to/data,72000,24000,186,a2v_3s_vote,single,190,majority_vote
nips4b_birds_trainfile373_0_3,nips4b_birds_trainfile373,0.0,3.0,458,a2v,461568,601.0,0,fricoe_song,fricoe_song,True,/path/to/data,72000,24000,19,a2v_3s_vote,single,190,majority_vote
nips4b_birds_trainfile378_0_3,nips4b_birds_trainfile378,0.0,3.0,468,a2v,461568,601.0,0,poepal_song,poepal_song,True,/path/to/data,72000,24000,110,a2v_3s_vote,single,190,majority_vote
nips4b_birds_trainfile378_2_5,nips4b_birds_trainfile378,2.0,5.0,469,a2v,461568,601.0,0,poepal_song,poepal_song,True,/path/to/data,72000,24000,110,a2v_3s_vote,single,190,majority_vote
nips4b_birds_trainfile379_0_3,nips4b_birds_trainfile379,0.0,3.0,470,a2v,461568,601.0,0,sylmel_song,sylmel_song,True,/path/to/data,72000,24000,81,a2v_3s_vote,single,190,majority_vote
nips4b_birds_trainfile379_2_5,nips4b_birds_trainfile379,2.0,5.0,471,a2v,461568,601.0,0,sylmel_song,sylmel_song,True,/path/to/data,72000,24000,118,a2v_3s_vote,single,190,majority_vote
nips4b_birds_trainfile382_0_3,nips4b_birds_trainfile382,0.0,3.0,474,a2v,461568,601.0,0,stuvul_call,stuvul_call,True,/path/to/data,72000,24000,1,a2v_3s_vote,single,190,majority_vote
nips4b_birds_trainfile385_0_3,nips4b_birds_trainfile385,0.0,3.0,480,a2v,461568,601.0,0,cetcet_song,cetcet_song,True,/path/to/data,72000,24000,41,a2v_3s_vote,single,190,majority_vote
nips4b_birds_trainfile386_0_3,nips4b_birds_trainfile386,0.0,3.0,482,a2v,461568,601.0,0,sylmel_call,sylmel_call,True,/path/to/data,72000,24000,137,a2v_3s_vote,single,190,majority_vote
nips4b_birds_trainfile386_2_5,nips4b_birds_trainfile386,2.0,5.0,483,a2v,461568,601.0,0,sylmel_call,sylmel_call,True,/path/to/data,72000,24000,137,a2v_3s_vote,single,190,majority_vote
nips4b_birds_trainfile387_0_3,nips4b_birds_trainfile387,0.0,3.0,484,a2v,461568,601.0,0,turphi_call,turphi_call,True,/path/to/data,72000,24000,111,a2v_3s_vote,single,190,majority_vote
nips4b_birds_trainfile387_2_5,nips4b_birds_trainfile387,2.0,5.0,485,a2v,461568,601.0,0,turphi_call,turphi_call,True,/path/to/data,72000,24000,72,a2v_3s_vote,single,190,majority_vote
nips4b_birds_trainfile388_2_5,nips4b_birds_trainfile388,2.0,5.0,487,a2v,461568,601.0,0,poepal_song,poepal_song,True,/path/to/data,72000,24000,23,a2v_3s_vote,single,190,majority_vote
nips4b_birds_trainfile393_0_3,nips4b_birds_trainfile393,0.0,3.0,492,a2v,461568,601.0,0,sylmel_call,sylmel_call,True,/path/to/data,72000,24000,14,a2v_3s_vote,single,190,majority_vote
nips4b_birds_trainfile393_2_5,nips4b_birds_trainfile393,2.0,5.0,493,a2v,461568,601.0,0,sylmel_call,sylmel_call,True,/path/to/data,72000,24000,18,a2v_3s_vote,single,190,majority_vote
nips4b_birds_trainfile401_0_3,nips4b_birds_trainfile401,0.0,3.0,500,a2v,461568,601.0,0,petpet_call,petpet_call,True,/path/to/data,72000,24000,132,a2v_3s_vote,single,190,majority_vote
nips4b_birds_trainfile401_2_5,nips4b_birds_trainfile401,2.0,5.0,501,a2v,461568,601.0,0,petpet_call,petpet_call,True,/path/to/data,72000,24000,132,a2v_3s_vote,single,190,majority_vote
nips4b_birds_trainfile403_0_3,nips4b_birds_trainfile403,0.0,3.0,504,a2v,461568,601.0,0,tetpyg_song,tetpyg_song,True,/path/to/data,72000,24000,40,a2v_3s_vote,single,190,majority_vote
nips4b_birds_trainfile403_2_5,nips4b_birds_trainfile403,2.0,5.0,505,a2v,461568,601.0,0,tetpyg_song,tetpyg_song,True,/path/to/data,72000,24000,40,a2v_3s_vote,single,190,majority_vote
nips4b_birds_trainfile406_0_3,nips4b_birds_trainfile406,0.0,3.0,506,a2v,461568,601.0,0,cetcet_song,cetcet_song,True,/path/to/data,72000,24000,41,a2v_3s_vote,single,190,majority_vote
nips4b_birds_trainfile411_2_5,nips4b_birds_trainfile411,2.0,5.0,511,a2v,461568,601.0,0,strtur_song,strtur_song,True,/path/to/data,72000,24000,8,a2v_3s_vote,single,190,majority_vote
nips4b_birds_trainfile413_0_3,nips4b_birds_trainfile413,0.0,3.0,514,a2v,461568,601.0,0,galcri_call,galcri_call,True,/path/to/data,72000,24000,119,a2v_3s_vote,single,190,majority_vote
nips4b_birds_trainfile413_2_5,nips4b_birds_trainfile413,2.0,5.0,515,a2v,461568,601.0,0,galcri_call,galcri_call,True,/path/to/data,72000,24000,119,a2v_3s_vote,single,190,majority_vote
nips4b_birds_trainfile414_0_3,nips4b_birds_trainfile414,0.0,3.0,516,a2v,461568,601.0,0,turphi_song,turphi_song,True,/path/to/data,72000,24000,10,a2v_3s_vote,single,190,majority_vote
nips4b_birds_trainfile414_2_5,nips4b_birds_trainfile414,2.0,5.0,517,a2v,461568,601.0,0,turphi_song,turphi_song,True,/path/to/data,72000,24000,109,a2v_3s_vote,single,190,majority_vote
nips4b_birds_trainfile416_0_3,nips4b_birds_trainfile416,0.0,3.0,518,a2v,461568,601.0,0,sylatr_call,sylatr_call,True,/path/to/data,72000,24000,137,a2v_3s_vote,single,190,majority_vote
nips4b_birds_trainfile416_2_5,nips4b_birds_trainfile416,2.0,5.0,519,a2v,461568,601.0,0,sylatr_call,sylatr_call,True,/path/to/data,72000,24000,27,a2v_3s_vote,single,190,majority_vote
nips4b_birds_trainfile418_0_3,nips4b_birds_trainfile418,0.0,3.0,522,a2v,461568,601.0,0,lopcri_call,lopcri_call,True,/path/to/data,72000,24000,46,a2v_3s_vote,single,190,majority_vote
nips4b_birds_trainfile419_0_3,nips4b_birds_trainfile419,0.0,3.0,524,a2v,461568,601.0,0,sylcan_call,sylcan_call,True,/path/to/data,72000,24000,103,a2v_3s_vote,single,190,majority_vote
nips4b_birds_trainfile419_2_5,nips4b_birds_trainfile419,2.0,5.0,525,a2v,461568,601.0,0,sylcan_call,sylcan_call,True,/path/to/data,72000,24000,103,a2v_3s_vote,single,190,majority_vote
nips4b_birds_trainfile429_2_5,nips4b_birds_trainfile429,2.0,5.0,533,a2v,461568,601.0,0,serser_call,serser_call,True,/path/to/data,72000,24000,64,a2v_3s_vote,single,190,majority_vote
nips4b_birds_trainfile430_0_3,nips4b_birds_trainfile430,0.0,3.0,534,a2v,461568,601.0,0,jyntor_song,jyntor_song,True,/path/to/data,72000,24000,60,a2v_3s_vote,single,190,majority_vote
nips4b_birds_trainfile435_2_5,nips4b_birds_trainfile435,2.0,5.0,541,a2v,461568,601.0,0,sylcan_call,sylcan_call,True,/path/to/data,72000,24000,112,a2v_3s_vote,single,190,majority_vote
nips4b_birds_trainfile438_0_3,nips4b_birds_trainfile438,0.0,3.0,544,a2v,461568,601.0,0,regign_song,regign_song,True,/path/to/data,72000,24000,175,a2v_3s_vote,single,190,majority_vote
nips4b_birds_trainfile438_2_5,nips4b_birds_trainfile438,2.0,5.0,545,a2v,461568,601.0,0,regign_song,regign_song,True,/path/to/data,72000,24000,128,a2v_3s_vote,single,190,majority_vote
nips4b_birds_trainfile444_0_3,nips4b_birds_trainfile444,0.0,3.0,554,a2v,461568,601.0,0,sylcan_call,sylcan_call,True,/path/to/data,72000,24000,103,a2v_3s_vote,single,190,majority_vote
nips4b_birds_trainfile444_2_5,nips4b_birds_trainfile444,2.0,5.0,555,a2v,461568,601.0,0,sylcan_call,sylcan_call,True,/path/to/data,72000,24000,38,a2v_3s_vote,single,190,majority_vote
nips4b_birds_trainfile445_0_3,nips4b_birds_trainfile445,0.0,3.0,556,a2v,461568,601.0,0,fricoe_call,fricoe_call,True,/path/to/data,72000,24000,16,a2v_3s_vote,single,190,majority_vote
nips4b_birds_trainfile448_2_5,nips4b_birds_trainfile448,2.0,5.0,561,a2v,461568,601.0,0,carcan_song,carcan_song,True,/path/to/data,72000,24000,118,a2v_3s_vote,single,190,majority_vote
nips4b_birds_trainfile451_0_3,nips4b_birds_trainfile451,0.0,3.0,564,a2v,461568,601.0,0,sylatr_call,sylatr_call,True,/path/to/data,72000,24000,137,a2v_3s_vote,single,190,majority_vote
nips4b_birds_trainfile451_2_5,nips4b_birds_trainfile451,2.0,5.0,565,a2v,461568,601.0,0,sylatr_call,sylatr_call,True,/path/to/data,72000,24000,137,a2v_3s_vote,single,190,majority_vote
nips4b_birds_trainfile455_0_3,nips4b_birds_trainfile455,0.0,3.0,572,a2v,461568,601.0,0,sylund_call,sylund_call,True,/path/to/data,72000,24000,55,a2v_3s_vote,single,190,majority_vote
nips4b_birds_trainfile455_2_5,nips4b_birds_trainfile455,2.0,5.0,573,a2v,461568,601.0,0,sylund_call,sylund_call,True,/path/to/data,72000,24000,87,a2v_3s_vote,single,190,majority_vote
nips4b_birds_trainfile459_2_5,nips4b_birds_trainfile459,2.0,5.0,575,a2v,461568,601.0,0,parate_song,parate_song,True,/path/to/data,72000,24000,105,a2v_3s_vote,single,190,majority_vote
nips4b_birds_trainfile461_0_3,nips4b_birds_trainfile461,0.0,3.0,576,a2v,461568,601.0,0,turmer_song,turmer_song,True,/path/to/data,72000,24000,23,a2v_3s_vote,single,190,majority_vote
nips4b_birds_trainfile462_0_3,nips4b_birds_trainfile462,0.0,3.0,578,a2v,461568,601.0,0,lusmeg_song,lusmeg_song,True,/path/to/data,72000,24000,1,a2v_3s_vote,single,190,majority_vote
nips4b_birds_trainfile462_2_5,nips4b_birds_trainfile462,2.0,5.0,579,a2v,461568,601.0,0,cetcet_song,cetcet_song,True,/path/to/data,72000,24000,122,a2v_3s_vote,single,190,majority_vote
nips4b_birds_trainfile464_2_5,nips4b_birds_trainfile464,2.0,5.0,581,a2v,461568,601.0,0,embcir_call,embcir_call,True,/path/to/data,72000,24000,58,a2v_3s_vote,single,190,majority_vote
nips4b_birds_trainfile466_0_3,nips4b_birds_trainfile466,0.0,3.0,584,a2v,461568,601.0,0,turmer_song,turmer_song,True,/path/to/data,72000,24000,118,a2v_3s_vote,single,190,majority_vote
nips4b_birds_trainfile469_0_3,nips4b_birds_trainfile469,0.0,3.0,588,a2v,461568,601.0,0,plaaff_song,plaaff_song,True,/path/to/data,72000,24000,27,a2v_3s_vote,single,190,majority_vote
nips4b_birds_trainfile473_0_3,nips4b_birds_trainfile473,0.0,3.0,590,a2v,461568,601.0,0,sylatr_call,sylatr_call,True,/path/to/data,72000,24000,38,a2v_3s_vote,single,190,majority_vote
nips4b_birds_trainfile473_2_5,nips4b_birds_trainfile473,2.0,5.0,591,a2v,461568,601.0,0,parcae_call,parcae_call,True,/path/to/data,72000,24000,158,a2v_3s_vote,single,190,majority_vote
nips4b_birds_trainfile474_0_3,nips4b_birds_trainfile474,0.0,3.0,592,a2v,461568,601.0,0,galthe_song,galthe_song,True,/path/to/data,72000,24000,187,a2v_3s_vote,single,190,majority_vote
nips4b_birds_trainfile474_2_5,nips4b_birds_trainfile474,2.0,5.0,593,a2v,461568,601.0,0,galthe_song,galthe_song,True,/path/to/data,72000,24000,179,a2v_3s_vote,single,190,majority_vote
nips4b_birds_trainfile481_2_5,nips4b_birds_trainfile481,2.0,5.0,601,a2v,461568,601.0,0,lopcri_call,lopcri_call,True,/path/to/data,72000,24000,87,a2v_3s_vote,single,190,majority_vote
nips4b_birds_trainfile488_0_3,nips4b_birds_trainfile488,0.0,3.0,608,a2v,461568,601.0,0,sylund_song,sylund_song,True,/path/to/data,72000,24000,83,a2v_3s_vote,single,190,majority_vote
nips4b_birds_trainfile488_2_5,nips4b_birds_trainfile488,2.0,5.0,609,a2v,461568,601.0,0,sylund_song,sylund_song,True,/path/to/data,72000,24000,49,a2v_3s_vote,single,190,majority_vote
nips4b_birds_trainfile493_0_3,nips4b_birds_trainfile493,0.0,3.0,616,a2v,461568,601.0,0,sylund_song,sylund_song,True,/path/to/data,72000,24000,49,a2v_3s_vote,single,190,majority_vote
nips4b_birds_trainfile495_0_3,nips4b_birds_trainfile495,0.0,3.0,618,a2v,461568,601.0,0,carcan_song,carcan_song,True,/path/to/data,72000,24000,104,a2v_3s_vote,single,190,majority_vote
nips4b_birds_trainfile495_2_5,nips4b_birds_trainfile495,2.0,5.0,619,a2v,461568,601.0,0,carcan_song,carcan_song,True,/path/to/data,72000,24000,118,a2v_3s_vote,single,190,majority_vote
nips4b_birds_trainfile496_0_3,nips4b_birds_trainfile496,0.0,3.0,620,a2v,461568,601.0,0,sylcan_song,sylcan_song,True,/path/to/data,72000,24000,117,a2v_3s_vote,single,190,majority_vote
nips4b_birds_trainfile496_2_5,nips4b_birds_trainfile496,2.0,5.0,621,a2v,461568,601.0,0,sylcan_song,sylcan_song,True,/path/to/data,72000,24000,117,a2v_3s_vote,single,190,majority_vote
nips4b_birds_trainfile497_0_3,nips4b_birds_trainfile497,0.0,3.0,622,a2v,461568,601.0,0,galthe_song,galthe_song,True,/path/to/data,72000,24000,118,a2v_3s_vote,single,190,majority_vote
nips4b_birds_trainfile497_2_5,nips4b_birds_trainfile497,2.0,5.0,623,a2v,461568,601.0,0,galthe_song,galthe_song,True,/path/to/data,72000,24000,118,a2v_3s_vote,single,190,majority_vote
nips4b_birds_trainfile507_0_3,nips4b_birds_trainfile507,0.0,3.0,642,a2v,461568,601.0,0,chlchl_call,chlchl_call,True,/path/to/data,72000,24000,87,a2v_3s_vote,single,190,majority_vote
nips4b_birds_trainfile507_2_5,nips4b_birds_trainfile507,2.0,5.0,643,a2v,461568,601.0,0,chlchl_call,chlchl_call,True,/path/to/data,72000,24000,163,a2v_3s_vote,single,190,majority_vote
nips4b_birds_trainfile510_0_3,nips4b_birds_trainfile510,0.0,3.0,646,a2v,461568,601.0,0,turphi_call,turphi_call,True,/path/to/data,72000,24000,118,a2v_3s_vote,single,190,majority_vote
nips4b_birds_trainfile510_2_5,nips4b_birds_trainfile510,2.0,5.0,647,a2v,461568,601.0,0,turphi_call,turphi_call,True,/path/to/data,72000,24000,103,a2v_3s_vote,single,190,majority_vote
nips4b_birds_trainfile517_0_3,nips4b_birds_trainfile517,0.0,3.0,652,a2v,461568,601.0,0,sylcan_call,sylcan_call,True,/path/to/data,72000,24000,103,a2v_3s_vote,single,190,majority_vote
nips4b_birds_trainfile517_2_5,nips4b_birds_trainfile517,2.0,5.0,653,a2v,461568,601.0,0,sylcan_call,sylcan_call,True,/path/to/data,72000,24000,103,a2v_3s_vote,single,190,majority_vote
nips4b_birds_trainfile519_0_3,nips4b_birds_trainfile519,0.0,3.0,654,a2v,461568,601.0,0,carcan_song,carcan_song,True,/path/to/data,72000,24000,173,a2v_3s_vote,single,190,majority_vote
nips4b_birds_trainfile521_0_3,nips4b_birds_trainfile521,0.0,3.0,656,a2v,461568,601.0,0,carcan_song,carcan_song,True,/path/to/data,72000,24000,68,a2v_3s_vote,single,190,majority_vote
nips4b_birds_trainfile522_0_3,nips4b_birds_trainfile522,0.0,3.0,658,a2v,461568,601.0,0,plaaff_song,plaaff_song,True,/path/to/data,72000,24000,71,a2v_3s_vote,single,190,majority_vote
nips4b_birds_trainfile522_2_5,nips4b_birds_trainfile522,2.0,5.0,659,a2v,461568,601.0,0,plaaff_song,plaaff_song,True,/path/to/data,72000,24000,71,a2v_3s_vote,single,190,majority_vote
nips4b_birds_trainfile523_0_3,nips4b_birds_trainfile523,0.0,3.0,660,a2v,461568,601.0,0,sylmel_call,sylmel_call,True,/path/to/data,72000,24000,173,a2v_3s_vote,single,190,majority_vote
nips4b_birds_trainfile525_2_5,nips4b_birds_trainfile525,2.0,5.0,663,a2v,461568,601.0,0,phycol_call,phycol_call,True,/path/to/data,72000,24000,95,a2v_3s_vote,single,190,majority_vote
nips4b_birds_trainfile527_0_3,nips4b_birds_trainfile527,0.0,3.0,666,a2v,461568,601.0,0,sylcan_call,sylcan_call,True,/path/to/data,72000,24000,14,a2v_3s_vote,single,190,majority_vote
nips4b_birds_trainfile527_2_5,nips4b_birds_trainfile527,2.0,5.0,667,a2v,461568,601.0,0,sylcan_call,sylcan_call,True,/path/to/data,72000,24000,38,a2v_3s_vote,single,190,majority_vote
nips4b_birds_trainfile536_2_5,nips4b_birds_trainfile536,2.0,5.0,673,a2v,461568,601.0,0,parcae_call,parcae_call,True,/path/to/data,72000,24000,116,a2v_3s_vote,single,190,majority_vote
nips4b_birds_trainfile538_0_3,nips4b_birds_trainfile538,0.0,3.0,674,a2v,461568,601.0,0,musstr_call,musstr_call,True,/path/to/data,72000,24000,116,a2v_3s_vote,single,190,majority_vote
nips4b_birds_trainfile538_2_5,nips4b_birds_trainfile538,2.0,5.0,675,a2v,461568,601.0,0,musstr_call,musstr_call,True,/path/to/data,72000,24000,168,a2v_3s_vote,single,190,majority_vote
nips4b_birds_trainfile539_0_3,nips4b_birds_trainfile539,0.0,3.0,676,a2v,461568,601.0,0,lularb_song,lularb_song,True,/path/to/data,72000,24000,143,a2v_3s_vote,single,190,majority_vote
nips4b_birds_trainfile543_0_3,nips4b_birds_trainfile543,0.0,3.0,680,a2v,461568,601.0,0,plaaff_song,plaaff_song,True,/path/to/data,72000,24000,35,a2v_3s_vote,single,190,majority_vote
nips4b_birds_trainfile543_2_5,nips4b_birds_trainfile543,2.0,5.0,681,a2v,461568,601.0,0,plaaff_song,plaaff_song,True,/path/to/data,72000,24000,71,a2v_3s_vote,single,190,majority_vote
nips4b_birds_trainfile549_0_3,nips4b_birds_trainfile549,0.0,3.0,682,a2v,461568,601.0,0,galcri_song,galcri_song,True,/path/to/data,72000,24000,178,a2v_3s_vote,single,190,majority_vote
nips4b_birds_trainfile549_2_5,nips4b_birds_trainfile549,2.0,5.0,683,a2v,461568,601.0,0,galcri_song,galcri_song,True,/path/to/data,72000,24000,153,a2v_3s_vote,single,190,majority_vote
nips4b_birds_trainfile557_0_3,nips4b_birds_trainfile557,0.0,3.0,692,a2v,461568,601.0,0,sylund_call,sylund_call,True,/path/to/data,72000,24000,87,a2v_3s_vote,single,190,majority_vote
nips4b_birds_trainfile557_2_5,nips4b_birds_trainfile557,2.0,5.0,693,a2v,461568,601.0,0,sylund_call,sylund_call,True,/path/to/data,72000,24000,68,a2v_3s_vote,single,190,majority_vote
nips4b_birds_trainfile558_0_3,nips4b_birds_trainfile558,0.0,3.0,694,a2v,461568,601.0,0,galcri_song,galcri_song,True,/path/to/data,72000,24000,118,a2v_3s_vote,single,190,majority_vote
nips4b_birds_trainfile560_0_3,nips4b_birds_trainfile560,0.0,3.0,696,a2v,461568,601.0,0,sylcan_call,sylcan_call,True,/path/to/data,72000,24000,168,a2v_3s_vote,single,190,majority_vote
nips4b_birds_trainfile560_2_5,nips4b_birds_trainfile560,2.0,5.0,697,a2v,461568,601.0,0,sylcan_call,sylcan_call,True,/path/to/data,72000,24000,42,a2v_3s_vote,single,190,majority_vote
nips4b_birds_trainfile562_0_3,nips4b_birds_trainfile562,0.0,3.0,698,a2v,461568,601.0,0,lularb_song,lularb_song,True,/path/to/data,72000,24000,167,a2v_3s_vote,single,190,majority_vote
nips4b_birds_trainfile564_0_3,nips4b_birds_trainfile564,0.0,3.0,700,a2v,461568,601.0,0,galthe_song,galthe_song,True,/path/to/data,72000,24000,58,a2v_3s_vote,single,190,majority_vote
nips4b_birds_trainfile564_2_5,nips4b_birds_trainfile564,2.0,5.0,701,a2v,461568,601.0,0,galthe_song,galthe_song,True,/path/to/data,72000,24000,135,a2v_3s_vote,single,190,majority_vote
nips4b_birds_trainfile584_0_3,nips4b_birds_trainfile584,0.0,3.0,720,a2v,461568,601.0,0,galcri_call,galcri_call,True,/path/to/data,72000,24000,119,a2v_3s_vote,single,190,majority_vote
nips4b_birds_trainfile584_2_5,nips4b_birds_trainfile584,2.0,5.0,721,a2v,461568,601.0,0,galcri_call,galcri_call,True,/path/to/data,72000,24000,119,a2v_3s_vote,single,190,majority_vote
nips4b_birds_trainfile596_0_3,nips4b_birds_trainfile596,0.0,3.0,734,a2v,461568,601.0,0,turphi_call,turphi_call,True,/path/to/data,72000,24000,55,a2v_3s_vote,single,190,majority_vote
nips4b_birds_trainfile596_2_5,nips4b_birds_trainfile596,2.0,5.0,735,a2v,461568,601.0,0,turphi_call,turphi_call,True,/path/to/data,72000,24000,20,a2v_3s_vote,single,190,majority_vote
nips4b_birds_trainfile597_0_3,nips4b_birds_trainfile597,0.0,3.0,736,a2v,461568,601.0,0,strtur_song,strtur_song,True,/path/to/data,72000,24000,8,a2v_3s_vote,single,190,majority_vote
nips4b_birds_trainfile597_2_5,nips4b_birds_trainfile597,2.0,5.0,737,a2v,461568,601.0,0,strtur_song,strtur_song,True,/path/to/data,72000,24000,42,a2v_3s_vote,single,190,majority_vote
nips4b_birds_trainfile608_0_3,nips4b_birds_trainfile608,0.0,3.0,740,a2v,461568,601.0,0,petpet_call,petpet_call,True,/path/to/data,72000,24000,132,a2v_3s_vote,single,190,majority_vote
nips4b_birds_trainfile608_2_5,nips4b_birds_trainfile608,2.0,5.0,741,a2v,461568,601.0,0,petpet_call,petpet_call,True,/path/to/data,72000,24000,32,a2v_3s_vote,single,190,majority_vote
nips4b_birds_trainfile612_0_3,nips4b_birds_trainfile612,0.0,3.0,748,a2v,461568,601.0,0,sylcan_song,sylcan_song,True,/path/to/data,72000,24000,189,a2v_3s_vote,single,190,majority_vote
nips4b_birds_trainfile614_2_5,nips4b_birds_trainfile614,2.0,5.0,751,a2v,461568,601.0,0,sylmel_call,sylmel_call,True,/path/to/data,72000,24000,48,a2v_3s_vote,single,190,majority_vote
nips4b_birds_trainfile618_0_3,nips4b_birds_trainfile618,0.0,3.0,758,a2v,461568,601.0,0,sylund_song,sylund_song,True,/path/to/data,72000,24000,112,a2v_3s_vote,single,190,majority_vote
nips4b_birds_trainfile618_2_5,nips4b_birds_trainfile618,2.0,5.0,759,a2v,461568,601.0,0,sylund_song,sylund_song,True,/path/to/data,72000,24000,16,a2v_3s_vote,single,190,majority_vote
nips4b_birds_trainfile625_2_5,nips4b_birds_trainfile625,2.0,5.0,761,a2v,461568,601.0,0,sylmel_call,sylmel_call,True,/path/to/data,72000,24000,48,a2v_3s_vote,single,190,majority_vote
nips4b_birds_trainfile630_0_3,nips4b_birds_trainfile630,0.0,3.0,768,a2v,461568,601.0,0,petpet_call,petpet_call,True,/path/to/data,72000,24000,18,a2v_3s_vote,single,190,majority_vote
nips4b_birds_trainfile630_2_5,nips4b_birds_trainfile630,2.0,5.0,769,a2v,461568,601.0,0,petpet_call,petpet_call,True,/path/to/data,72000,24000,173,a2v_3s_vote,single,190,majority_vote
nips4b_birds_trainfile631_0_3,nips4b_birds_trainfile631,0.0,3.0,770,a2v,461568,601.0,0,butbut_call,butbut_call,True,/path/to/data,72000,24000,100,a2v_3s_vote,single,190,majority_vote
nips4b_birds_trainfile631_2_5,nips4b_birds_trainfile631,2.0,5.0,771,a2v,461568,601.0,0,hirrus_call,hirrus_call,True,/path/to/data,72000,24000,173,a2v_3s_vote,single,190,majority_vote
nips4b_birds_trainfile633_2_5,nips4b_birds_trainfile633,2.0,5.0,773,a2v,461568,601.0,0,parate_song,parate_song,True,/path/to/data,72000,24000,95,a2v_3s_vote,single,190,majority_vote
nips4b_birds_trainfile634_0_3,nips4b_birds_trainfile634,0.0,3.0,774,a2v,461568,601.0,0,carcan_song,carcan_song,True,/path/to/data,72000,24000,58,a2v_3s_vote,single,190,majority_vote
nips4b_birds_trainfile636_0_3,nips4b_birds_trainfile636,0.0,3.0,778,a2v,461568,601.0,0,sylund_song,sylund_song,True,/path/to/data,72000,24000,182,a2v_3s_vote,single,190,majority_vote
nips4b_birds_trainfile637_0_3,nips4b_birds_trainfile637,0.0,3.0,780,a2v,461568,601.0,0,sylmel_song,sylmel_song,True,/path/to/data,72000,24000,135,a2v_3s_vote,single,190,majority_vote
nips4b_birds_trainfile637_2_5,nips4b_birds_trainfile637,2.0,5.0,781,a2v,461568,601.0,0,sylmel_song,sylmel_song,True,/path/to/data,72000,24000,20,a2v_3s_vote,single,190,majority_vote
nips4b_birds_trainfile638_0_3,nips4b_birds_trainfile638,0.0,3.0,782,a2v,461568,601.0,0,galthe_song,galthe_song,True,/path/to/data,72000,24000,10,a2v_3s_vote,single,190,majority_vote
nips4b_birds_trainfile638_2_5,nips4b_birds_trainfile638,2.0,5.0,783,a2v,461568,601.0,0,galthe_song,galthe_song,True,/path/to/data,72000,24000,55,a2v_3s_vote,single,190,majority_vote
nips4b_birds_trainfile644_0_3,nips4b_birds_trainfile644,0.0,3.0,788,a2v,461568,601.0,0,alaarv_song,alaarv_song,True,/path/to/data,72000,24000,149,a2v_3s_vote,single,190,majority_vote
nips4b_birds_trainfile644_2_5,nips4b_birds_trainfile644,2.0,5.0,789,a2v,461568,601.0,0,alaarv_song,alaarv_song,True,/path/to/data,72000,24000,60,a2v_3s_vote,single,190,majority_vote
nips4b_birds_trainfile645_0_3,nips4b_birds_trainfile645,0.0,3.0,790,a2v,461568,601.0,0,galcri_call,galcri_call,True,/path/to/data,72000,24000,171,a2v_3s_vote,single,190,majority_vote
nips4b_birds_trainfile647_0_3,nips4b_birds_trainfile647,0.0,3.0,792,a2v,461568,601.0,0,sylund_song,sylund_song,True,/path/to/data,72000,24000,112,a2v_3s_vote,single,190,majority_vote
nips4b_birds_trainfile647_2_5,nips4b_birds_trainfile647,2.0,5.0,793,a2v,461568,601.0,0,sylund_song,sylund_song,True,/path/to/data,72000,24000,55,a2v_3s_vote,single,190,majority_vote
nips4b_birds_trainfile648_2_5,nips4b_birds_trainfile648,2.0,5.0,795,a2v,461568,601.0,0,petpet_song,petpet_song,True,/path/to/data,72000,24000,18,a2v_3s_vote,single,190,majority_vote
nips4b_birds_trainfile652_0_3,nips4b_birds_trainfile652,0.0,3.0,800,a2v,461568,601.0,0,sylcan_call,sylcan_call,True,/path/to/data,72000,24000,38,a2v_3s_vote,single,190,majority_vote
nips4b_birds_trainfile652_2_5,nips4b_birds_trainfile652,2.0,5.0,801,a2v,461568,601.0,0,sylcan_call,sylcan_call,True,/path/to/data,72000,24000,38,a2v_3s_vote,single,190,majority_vote
nips4b_birds_trainfile653_2_5,nips4b_birds_trainfile653,2.0,5.0,803,a2v,461568,601.0,0,turphi_song,turphi_song,True,/path/to/data,72000,24000,19,a2v_3s_vote,single,190,majority_vote
nips4b_birds_trainfile656_0_3,nips4b_birds_trainfile656,0.0,3.0,808,a2v,461568,601.0,0,carcar_song,carcar_song,True,/path/to/data,72000,24000,61,a2v_3s_vote,single,190,majority_vote
nips4b_birds_trainfile656_2_5,nips4b_birds_trainfile656,2.0,5.0,809,a2v,461568,601.0,0,carcar_song,carcar_song,True,/path/to/data,72000,24000,19,a2v_3s_vote,single,190,majority_vote
nips4b_birds_trainfile657_0_3,nips4b_birds_trainfile657,0.0,3.0,810,a2v,461568,601.0,0,oriori_call,oriori_call,True,/path/to/data,72000,24000,109,a2v_3s_vote,single,190,majority_vote
nips4b_birds_trainfile657_2_5,nips4b_birds_trainfile657,2.0,5.0,811,a2v,461568,601.0,0,oriori_call,oriori_call,True,/path/to/data,72000,24000,109,a2v_3s_vote,single,190,majority_vote
nips4b_birds_trainfile659_0_3,nips4b_birds_trainfile659,0.0,3.0,814,a2v,461568,601.0,0,petpet_call,petpet_call,True,/path/to/data,72000,24000,132,a2v_3s_vote,single,190,majority_vote
nips4b_birds_trainfile659_2_5,nips4b_birds_trainfile659,2.0,5.0,815,a2v,461568,601.0,0,petpet_call,petpet_call,True,/path/to/data,72000,24000,72,a2v_3s_vote,single,190,majority_vote
nips4b_birds_trainfile660_0_3,nips4b_birds_trainfile660,0.0,3.0,816,a2v,461568,601.0,0,trotro_song,trotro_song,True,/path/to/data,72000,24000,64,a2v_3s_vote,single,190,majority_vote
nips4b_birds_trainfile664_0_3,nips4b_birds_trainfile664,0.0,3.0,818,a2v,461568,601.0,0,sylund_song,sylund_song,True,/path/to/data,72000,24000,112,a2v_3s_vote,single,190,majority_vote
nips4b_birds_trainfile664_2_5,nips4b_birds_trainfile664,2.0,5.0,819,a2v,461568,601.0,0,sylund_song,sylund_song,True,/path/to/data,72000,24000,16,a2v_3s_vote,single,190,majority_vote
nips4b_birds_trainfile668_0_3,nips4b_birds_trainfile668,0.0,3.0,822,a2v,461568,601.0,0,aegcau_call,aegcau_call,True,/path/to/data,72000,24000,13,a2v_3s_vote,single,190,majority_vote
nips4b_birds_trainfile671_0_3,nips4b_birds_trainfile671,0.0,3.0,826,a2v,461568,601.0,0,sylund_song,sylund_song,True,/path/to/data,72000,24000,3,a2v_3s_vote,single,190,majority_vote
nips4b_birds_trainfile672_0_3,nips4b_birds_trainfile672,0.0,3.0,828,a2v,461568,601.0,0,pyrpyr_call,pyrpyr_call,True,/path/to/data,72000,24000,109,a2v_3s_vote,single,190,majority_vote
nips4b_birds_trainfile672_2_5,nips4b_birds_trainfile672,2.0,5.0,829,a2v,461568,601.0,0,pyrpyr_call,pyrpyr_call,True,/path/to/data,72000,24000,109,a2v_3s_vote,single,190,majority_vote
nips4b_birds_trainfile682_0_3,nips4b_birds_trainfile682,0.0,3.0,842,a2v,461568,601.0,0,sylund_song,sylund_song,True,/path/to/data,72000,24000,49,a2v_3s_vote,single,190,majority_vote
nips4b_birds_trainfile682_2_5,nips4b_birds_trainfile682,2.0,5.0,843,a2v,461568,601.0,0,sylund_song,sylund_song,True,/path/to/data,72000,24000,49,a2v_3s_vote,single,190,majority_vote
nips4b_birds_trainfile002_0_5,nips4b_birds_trainfile002,0.0,5.0,1,a2v,768768,1001.0,0,sylmel_song,sylmel_song,True,/path/to/data,120000,24000,90,a2v_5s_vote,single,200,majority_vote
nips4b_birds_trainfile008_0_5,nips4b_birds_trainfile008,0.0,5.0,6,a2v,768768,1001.0,0,galthe_call,galthe_call,True,/path/to/data,120000,24000,1,a2v_5s_vote,single,200,majority_vote
nips4b_birds_trainfile013_0_5,nips4b_birds_trainfile013,0.0,5.0,9,a2v,768768,1001.0,0,sylund_song,sylund_song,True,/path/to/data,120000,24000,69,a2v_5s_vote,single,200,majority_vote
nips4b_birds_trainfile016_0_5,nips4b_birds_trainfile016,0.0,5.0,11,a2v,768768,1001.0,0,cetcet_song,cetcet_song,True,/path/to/data,120000,24000,44,a2v_5s_vote,single,200,majority_vote
nips4b_birds_trainfile021_0_5,nips4b_birds_trainfile021,0.0,5.0,13,a2v,768768,1001.0,0,fricoe_song,fricoe_song,True,/path/to/data,120000,24000,107,a2v_5s_vote,single,200,majority_vote
nips4b_birds_trainfile023_0_5,nips4b_birds_trainfile023,0.0,5.0,14,a2v,768768,1001.0,0,galthe_call,galthe_call,True,/path/to/data,120000,24000,55,a2v_5s_vote,single,200,majority_vote
nips4b_birds_trainfile029_0_5,nips4b_birds_trainfile029,0.0,5.0,17,a2v,768768,1001.0,0,sylmel_call,sylmel_call,True,/path/to/data,120000,24000,157,a2v_5s_vote,single,200,majority_vote
nips4b_birds_trainfile033_0_5,nips4b_birds_trainfile033,0.0,5.0,20,a2v,768768,1001.0,0,galthe_song,galthe_song,True,/path/to/data,120000,24000,23,a2v_5s_vote,single,200,majority_vote
nips4b_birds_trainfile035_0_5,nips4b_birds_trainfile035,0.0,5.0,22,a2v,768768,1001.0,0,regign_song,regign_song,True,/path/to/data,120000,24000,68,a2v_5s_vote,single,200,majority_vote
nips4b_birds_trainfile037_0_5,nips4b_birds_trainfile037,0.0,5.0,24,a2v,768768,1001.0,0,sylund_call,sylund_call,True,/path/to/data,120000,24000,69,a2v_5s_vote,single,200,majority_vote
nips4b_birds_trainfile041_0_5,nips4b_birds_trainfile041,0.0,5.0,27,a2v,768768,1001.0,0,phycol_call,phycol_call,True,/path/to/data,120000,24000,24,a2v_5s_vote,single,200,majority_vote
nips4b_birds_trainfile046_0_5,nips4b_birds_trainfile046,0.0,5.0,31,a2v,768768,1001.0,0,sylatr_call,sylatr_call,True,/path/to/data,120000,24000,130,a2v_5s_vote,single,200,majority_vote
nips4b_birds_trainfile048_0_5,nips4b_birds_trainfile048,0.0,5.0,33,a2v,768768,1001.0,0,carcan_song,carcan_song,True,/path/to/data,120000,24000,197,a2v_5s_vote,single,200,majority_vote
nips4b_birds_trainfile050_0_5,nips4b_birds_trainfile050,0.0,5.0,35,a2v,768768,1001.0,0,sylund_call,sylund_call,True,/path/to/data,120000,24000,40,a2v_5s_vote,single,200,majority_vote
nips4b_birds_trainfile051_0_5,nips4b_birds_trainfile051,0.0,5.0,36,a2v,768768,1001.0,0,lusmeg_call,lusmeg_call,True,/path/to/data,120000,24000,69,a2v_5s_vote,single,200,majority_vote
nips4b_birds_trainfile063_0_5,nips4b_birds_trainfile063,0.0,5.0,42,a2v,768768,1001.0,0,sylcan_song,sylcan_song,True,/path/to/data,120000,24000,14,a2v_5s_vote,single,200,majority_vote
nips4b_birds_trainfile068_0_5,nips4b_birds_trainfile068,0.0,5.0,45,a2v,768768,1001.0,0,carcan_song,carcan_song,True,/path/to/data,120000,24000,52,a2v_5s_vote,single,200,majority_vote
nips4b_birds_trainfile070_0_5,nips4b_birds_trainfile070,0.0,5.0,47,a2v,768768,1001.0,0,galcri_call,galcri_call,True,/path/to/data,120000,24000,13,a2v_5s_vote,single,200,majority_vote
nips4b_birds_trainfile100_0_5,nips4b_birds_trainfile100,0.0,5.0,64,a2v,768768,1001.0,0,embcir_call,embcir_call,True,/path/to/data,120000,24000,119,a2v_5s_vote,single,200,majority_vote
nips4b_birds_trainfile107_0_5,nips4b_birds_trainfile107,0.0,5.0,69,a2v,768768,1001.0,0,turphi_call,turphi_call,True,/path/to/data,120000,24000,136,a2v_5s_vote,single,200,majority_vote
nips4b_birds_trainfile108_0_5,nips4b_birds_trainfile108,0.0,5.0,70,a2v,768768,1001.0,0,sylcan_call,sylcan_call,True,/path/to/data,120000,24000,43,a2v_5s_vote,single,200,majority_vote
nips4b_birds_trainfile113_0_5,nips4b_birds_trainfile113,0.0,5.0,72,a2v,768768,1001.0,0,oriori_song,oriori_song,True,/path/to/data,120000,24000,4,a2v_5s_vote,single,200,majority_vote
nips4b_birds_trainfile120_0_5,nips4b_birds_trainfile120,0.0,5.0,76,a2v,768768,1001.0,0,sylund_song,sylund_song,True,/path/to/data,120000,24000,40,a2v_5s_vote,single,200,majority_vote
nips4b_birds_trainfile125_0_5,nips4b_birds_trainfile125,0.0,5.0,78,a2v,768768,1001.0,0,oriori_song,oriori_song,True,/path/to/data,120000,24000,37,a2v_5s_vote,single,200,majority_vote
nips4b_birds_trainfile127_0_5,nips4b_birds_trainfile127,0.0,5.0,79,a2v,768768,1001.0,0,carcan_song,carcan_song,True,/path/to/data,120000,24000,1,a2v_5s_vote,single,200,majority_vote
nips4b_birds_trainfile130_0_5,nips4b_birds_trainfile130,0.0,5.0,80,a2v,768768,1001.0,0,carcan_song,carcan_song,True,/path/to/data,120000,24000,153,a2v_5s_vote,single,200,majority_vote
nips4b_birds_trainfile139_0_5,nips4b_birds_trainfile139,0.0,5.0,86,a2v,768768,1001.0,0,musstr_call,musstr_call,True,/path/to/data,120000,24000,192,a2v_5s_vote,single,200,majority_vote
nips4b_birds_trainfile151_0_5,nips4b_birds_trainfile151,0.0,5.0,94,a2v,768768,1001.0,0,sylmel_call,sylmel_call,True,/path/to/data,120000,24000,62,a2v_5s_vote,single,200,majority_vote
nips4b_birds_trainfile156_0_5,nips4b_birds_trainfile156,0.0,5.0,99,a2v,768768,1001.0,0,lopcri_call,lopcri_call,True,/path/to/data,120000,24000,112,a2v_5s_vote,single,200,majority_vote
nips4b_birds_trainfile157_0_5,nips4b_birds_trainfile157,0.0,5.0,100,a2v,768768,1001.0,0,sylund_song,sylund_song,True,/path/to/data,120000,24000,39,a2v_5s_vote,single,200,majority_vote
nips4b_birds_trainfile158_0_5,nips4b_birds_trainfile158,0.0,5.0,101,a2v,768768,1001.0,0,galcri_call,galcri_call,True,/path/to/data,120000,24000,51,a2v_5s_vote,single,200,majority_vote
nips4b_birds_trainfile162_0_5,nips4b_birds_trainfile162,0.0,5.0,103,a2v,768768,1001.0,0,galcri_song,galcri_song,True,/path/to/data,120000,24000,51,a2v_5s_vote,single,200,majority_vote
nips4b_birds_trainfile165_0_5,nips4b_birds_trainfile165,0.0,5.0,105,a2v,768768,1001.0,0,sylcan_call,sylcan_call,True,/path/to/data,120000,24000,43,a2v_5s_vote,single,200,majority_vote
nips4b_birds_trainfile166_0_5,nips4b_birds_trainfile166,0.0,5.0,106,a2v,768768,1001.0,0,embcir_song,embcir_song,True,/path/to/data,120000,24000,191,a2v_5s_vote,single,200,majority_vote
nips4b_birds_trainfile168_0_5,nips4b_birds_trainfile168,0.0,5.0,108,a2v,768768,1001.0,0,strtur_song,strtur_song,True,/path/to/data,120000,24000,82,a2v_5s_vote,single,200,majority_vote
nips4b_birds_trainfile172_0_5,nips4b_birds_trainfile172,0.0,5.0,111,a2v,768768,1001.0,0,turphi_call,turphi_call,True,/path/to/data,120000,24000,14,a2v_5s_vote,single,200,majority_vote
nips4b_birds_trainfile174_0_5,nips4b_birds_trainfile174,0.0,5.0,112,a2v,768768,1001.0,0,sylmel_call,sylmel_call,True,/path/to/data,120000,24000,32,a2v_5s_vote,single,200,majority_vote
nips4b_birds_trainfile176_0_5,nips4b_birds_trainfile176,0.0,5.0,113,a2v,768768,1001.0,0,turphi_song,turphi_song,True,/path/to/data,120000,24000,193,a2v_5s_vote,single,200,majority_vote
nips4b_birds_trainfile185_0_5,nips4b_birds_trainfile185,0.0,5.0,121,a2v,768768,1001.0,0,carcan_call,carcan_call,True,/path/to/data,120000,24000,63,a2v_5s_vote,single,200,majority_vote
nips4b_birds_trainfile188_0_5,nips4b_birds_trainfile188,0.0,5.0,122,a2v,768768,1001.0,0,cetcet_song,cetcet_song,True,/path/to/data,120000,24000,42,a2v_5s_vote,single,200,majority_vote
nips4b_birds_trainfile190_0_5,nips4b_birds_trainfile190,0.0,5.0,123,a2v,768768,1001.0,0,turphi_song,turphi_song,True,/path/to/data,120000,24000,70,a2v_5s_vote,single,200,majority_vote
nips4b_birds_trainfile191_0_5,nips4b_birds_trainfile191,0.0,5.0,124,a2v,768768,1001.0,0,sylmel_call,sylmel_call,True,/path/to/data,120000,24000,45,a2v_5s_vote,single,200,majority_vote
nips4b_birds_trainfile200_0_5,nips4b_birds_trainfile200,0.0,5.0,128,a2v,768768,1001.0,0,sylmel_song,sylmel_song,True,/path/to/data,120000,24000,62,a2v_5s_vote,single,200,majority_vote
nips4b_birds_trainfile202_0_5,nips4b_birds_trainfile202,0.0,5.0,130,a2v,768768,1001.0,0,sylund_song,sylund_song,True,/path/to/data,120000,24000,20,a2v_5s_vote,single,200,majority_vote
nips4b_birds_trainfile204_0_5,nips4b_birds_trainfile204,0.0,5.0,131,a2v,768768,1001.0,0,galthe_call,galthe_call,True,/path/to/data,120000,24000,55,a2v_5s_vote,single,200,majority_vote
nips4b_birds_trainfile205_0_5,nips4b_birds_trainfile205,0.0,5.0,132,a2v,768768,1001.0,0,carcan_song,carcan_song,True,/path/to/data,120000,24000,40,a2v_5s_vote,single,200,majority_vote
nips4b_birds_trainfile207_0_5,nips4b_birds_trainfile207,0.0,5.0,134,a2v,768768,1001.0,0,lusmeg_song,lusmeg_song,True,/path/to/data,120000,24000,4,a2v_5s_vote,single,200,majority_vote
nips4b_birds_trainfile208_0_5,nips4b_birds_trainfile208,0.0,5.0,135,a2v,768768,1001.0,0,sylcan_call,sylcan_call,True,/path/to/data,120000,24000,43,a2v_5s_vote,single,200,majority_vote
nips4b_birds_trainfile213_0_5,nips4b_birds_trainfile213,0.0,5.0,138,a2v,768768,1001.0,0,lusmeg_call,lusmeg_call,True,/path/to/data,120000,24000,1,a2v_5s_vote,single,200,majority_vote
nips4b_birds_trainfile221_0_5,nips4b_birds_trainfile221,0.0,5.0,141,a2v,768768,1001.0,0,parcae_song,parcae_song,True,/path/to/data,120000,24000,40,a2v_5s_vote,single,200,majority_vote
nips4b_birds_trainfile228_0_5,nips4b_birds_trainfile228,0.0,5.0,145,a2v,768768,1001.0,0,sylund_song,sylund_song,True,/path/to/data,120000,24000,62,a2v_5s_vote,single,200,majority_vote
nips4b_birds_trainfile231_0_5,nips4b_birds_trainfile231,0.0,5.0,146,a2v,768768,1001.0,0,oriori_call,oriori_call,True,/path/to/data,120000,24000,4,a2v_5s_vote,single,200,majority_vote
nips4b_birds_trainfile236_0_5,nips4b_birds_trainfile236,0.0,5.0,150,a2v,768768,1001.0,0,strtur_song,strtur_song,True,/path/to/data,120000,24000,19,a2v_5s_vote,single,200,majority_vote
nips4b_birds_trainfile240_0_5,nips4b_birds_trainfile240,0.0,5.0,152,a2v,768768,1001.0,0,parcae_call,parcae_call,True,/path/to/data,120000,24000,76,a2v_5s_vote,single,200,majority_vote
nips4b_birds_trainfile251_0_5,nips4b_birds_trainfile251,0.0,5.0,159,a2v,768768,1001.0,0,sylund_song,sylund_song,True,/path/to/data,120000,24000,52,a2v_5s_vote,single,200,majority_vote
nips4b_birds_trainfile256_0_5,nips4b_birds_trainfile256,0.0,5.0,162,a2v,768768,1001.0,0,stuvul_call,stuvul_call,True,/path/to/data,120000,24000,5,a2v_5s_vote,single,200,majority_vote
nips4b_birds_trainfile259_0_5,nips4b_birds_trainfile259,0.0,5.0,163,a2v,768768,1001.0,0,galthe_call,galthe_call,True,/path/to/data,120000,24000,55,a2v_5s_vote,single,200,majority_vote
nips4b_birds_trainfile263_0_5,nips4b_birds_trainfile263,0.0,5.0,166,a2v,768768,1001.0,0,lusmeg_call,lusmeg_call,True,/path/to/data,120000,24000,14,a2v_5s_vote,single,200,majority_vote
nips4b_birds_trainfile264_0_5,nips4b_birds_trainfile264,0.0,5.0,167,a2v,768768,1001.0,0,turphi_call,turphi_call,True,/path/to/data,120000,24000,1,a2v_5s_vote,single,200,majority_vote
nips4b_birds_trainfile276_0_5,nips4b_birds_trainfile276,0.0,5.0,174,a2v,768768,1001.0,0,aegcau_call,aegcau_call,True,/path/to/data,120000,24000,77,a2v_5s_vote,single,200,majority_vote
nips4b_birds_trainfile292_0_5,nips4b_birds_trainfile292,0.0,5.0,184,a2v,768768,1001.0,0,sylmel_song,sylmel_song,True,/path/to/data,120000,24000,66,a2v_5s_vote,single,200,majority_vote
nips4b_birds_trainfile295_0_5,nips4b_birds_trainfile295,0.0,5.0,186,a2v,768768,1001.0,0,plaaff_song,plaaff_song,True,/path/to/data,120000,24000,63,a2v_5s_vote,single,200,majority_vote
nips4b_birds_trainfile296_0_5,nips4b_birds_trainfile296,0.0,5.0,187,a2v,768768,1001.0,0,sylund_call,sylund_call,True,/path/to/data,120000,24000,69,a2v_5s_vote,single,200,majority_vote
nips4b_birds_trainfile298_0_5,nips4b_birds_trainfile298,0.0,5.0,189,a2v,768768,1001.0,0,plaaff_song,plaaff_song,True,/path/to/data,120000,24000,142,a2v_5s_vote,single,200,majority_vote
nips4b_birds_trainfile299_0_5,nips4b_birds_trainfile299,0.0,5.0,190,a2v,768768,1001.0,0,carcan_song,carcan_song,True,/path/to/data,120000,24000,133,a2v_5s_vote,single,200,majority_vote
nips4b_birds_trainfile308_0_5,nips4b_birds_trainfile308,0.0,5.0,196,a2v,768768,1001.0,0,plasab_song,plasab_song,True,/path/to/data,120000,24000,2,a2v_5s_vote,single,200,majority_vote
nips4b_birds_trainfile312_0_5,nips4b_birds_trainfile312,0.0,5.0,197,a2v,768768,1001.0,0,alaarv_song,alaarv_song,True,/path/to/data,120000,24000,110,a2v_5s_vote,single,200,majority_vote
nips4b_birds_trainfile314_0_5,nips4b_birds_trainfile314,0.0,5.0,198,a2v,768768,1001.0,0,musstr_call,musstr_call,True,/path/to/data,120000,24000,192,a2v_5s_vote,single,200,majority_vote
nips4b_birds_trainfile334_0_5,nips4b_birds_trainfile334,0.0,5.0,209,a2v,768768,1001.0,0,strtur_song,strtur_song,True,/path/to/data,120000,24000,19,a2v_5s_vote,single,200,majority_vote
nips4b_birds_trainfile342_0_5,nips4b_birds_trainfile342,0.0,5.0,213,a2v,768768,1001.0,0,lularb_song,lularb_song,True,/path/to/data,120000,24000,9,a2v_5s_vote,single,200,majority_vote
nips4b_birds_trainfile345_0_5,nips4b_birds_trainfile345,0.0,5.0,214,a2v,768768,1001.0,0,embcir_call,embcir_call,True,/path/to/data,120000,24000,76,a2v_5s_vote,single,200,majority_vote
nips4b_birds_trainfile346_0_5,nips4b_birds_trainfile346,0.0,5.0,215,a2v,768768,1001.0,0,sylcan_call,sylcan_call,True,/path/to/data,120000,24000,43,a2v_5s_vote,single,200,majority_vote
nips4b_birds_trainfile350_0_5,nips4b_birds_trainfile350,0.0,5.0,217,a2v,768768,1001.0,0,carcan_song,carcan_song,True,/path/to/data,120000,24000,133,a2v_5s_vote,single,200,majority_vote
nips4b_birds_trainfile362_0_5,nips4b_birds_trainfile362,0.0,5.0,221,a2v,768768,1001.0,0,carcan_call,carcan_call,True,/path/to/data,120000,24000,39,a2v_5s_vote,single,200,majority_vote
nips4b_birds_trainfile363_0_5,nips4b_birds_trainfile363,0.0,5.0,222,a2v,768768,1001.0,0,strdec_song,strdec_song,True,/path/to/data,120000,24000,117,a2v_5s_vote,single,200,majority_vote
nips4b_birds_trainfile372_0_5,nips4b_birds_trainfile372,0.0,5.0,228,a2v,768768,1001.0,0,carcan_call,carcan_call,True,/path/to/data,120000,24000,66,a2v_5s_vote,single,200,majority_vote
nips4b_birds_trainfile373_0_5,nips4b_birds_trainfile373,0.0,5.0,229,a2v,768768,1001.0,0,fricoe_song,fricoe_song,True,/path/to/data,120000,24000,89,a2v_5s_vote,single,200,majority_vote
nips4b_birds_trainfile378_0_5,nips4b_birds_trainfile378,0.0,5.0,234,a2v,768768,1001.0,0,poepal_song,poepal_song,True,/path/to/data,120000,24000,90,a2v_5s_vote,single,200,majority_vote
nips4b_birds_trainfile379_0_5,nips4b_birds_trainfile379,0.0,5.0,235,a2v,768768,1001.0,0,sylmel_song,sylmel_song,True,/path/to/data,120000,24000,6,a2v_5s_vote,single,200,majority_vote
nips4b_birds_trainfile386_0_5,nips4b_birds_trainfile386,0.0,5.0,241,a2v,768768,1001.0,0,sylmel_call,sylmel_call,True,/path/to/data,120000,24000,157,a2v_5s_vote,single,200,majority_vote
nips4b_birds_trainfile387_0_5,nips4b_birds_trainfile387,0.0,5.0,242,a2v,768768,1001.0,0,turphi_call,turphi_call,True,/path/to/data,120000,24000,1,a2v_5s_vote,single,200,majority_vote
nips4b_birds_trainfile393_0_5,nips4b_birds_trainfile393,0.0,5.0,246,a2v,768768,1001.0,0,sylmel_call,sylmel_call,True,/path/to/data,120000,24000,14,a2v_5s_vote,single,200,majority_vote
nips4b_birds_trainfile401_0_5,nips4b_birds_trainfile401,0.0,5.0,250,a2v,768768,1001.0,0,petpet_call,petpet_call,True,/path/to/data,120000,24000,90,a2v_5s_vote,single,200,majority_vote
nips4b_birds_trainfile403_0_5,nips4b_birds_trainfile403,0.0,5.0,252,a2v,768768,1001.0,0,tetpyg_song,tetpyg_song,True,/path/to/data,120000,24000,105,a2v_5s_vote,single,200,majority_vote
nips4b_birds_trainfile413_0_5,nips4b_birds_trainfile413,0.0,5.0,257,a2v,768768,1001.0,0,galcri_call,galcri_call,True,/path/to/data,120000,24000,13,a2v_5s_vote,single,200,majority_vote
nips4b_birds_trainfile414_0_5,nips4b_birds_trainfile414,0.0,5.0,258,a2v,768768,1001.0,0,turphi_song,turphi_song,True,/path/to/data,120000,24000,24,a2v_5s_vote,single,200,majority_vote
nips4b_birds_trainfile416_0_5,nips4b_birds_trainfile416,0.0,5.0,259,a2v,768768,1001.0,0,sylatr_call,sylatr_call,True,/path/to/data,120000,24000,157,a2v_5s_vote,single,200,majority_vote
nips4b_birds_trainfile418_0_5,nips4b_birds_trainfile418,0.0,5.0,261,a2v,768768,1001.0,0,lopcri_call,lopcri_call,True,/path/to/data,120000,24000,92,a2v_5s_vote,single,200,majority_vote
nips4b_birds_trainfile419_0_5,nips4b_birds_trainfile419,0.0,5.0,262,a2v,768768,1001.0,0,sylcan_call,sylcan_call,True,/path/to/data,120000,24000,175,a2v_5s_vote,single,200,majority_vote
nips4b_birds_trainfile435_0_5,nips4b_birds_trainfile435,0.0,5.0,270,a2v,768768,1001.0,0,sylcan_call,sylcan_call,True,/path/to/data,120000,24000,121,a2v_5s_vote,single,200,majority_vote
nips4b_birds_trainfile438_0_5,nips4b_birds_trainfile438,0.0,5.0,272,a2v,768768,1001.0,0,regign_song,regign_song,True,/path/to/data,120000,24000,177,a2v_5s_vote,single,200,majority_vote
nips4b_birds_trainfile444_0_5,nips4b_birds_trainfile444,0.0,5.0,277,a2v,768768,1001.0,0,sylcan_call,sylcan_call,True,/path/to/data,120000,24000,43,a2v_5s_vote,single,200,majority_vote
nips4b_birds_trainfile445_0_5,nips4b_birds_trainfile445,0.0,5.0,278,a2v,768768,1001.0,0,fricoe_call,fricoe_call,True,/path/to/data,120000,24000,21,a2v_5s_vote,single,200,majority_vote
nips4b_birds_trainfile448_0_5,nips4b_birds_trainfile448,0.0,5.0,280,a2v,768768,1001.0,0,carcan_song,carcan_song,True,/path/to/data,120000,24000,3,a2v_5s_vote,single,200,majority_vote
nips4b_birds_trainfile451_0_5,nips4b_birds_trainfile451,0.0,5.0,282,a2v,768768,1001.0,0,sylatr_call,sylatr_call,True,/path/to/data,120000,24000,157,a2v_5s_vote,single,200,majority_vote
nips4b_birds_trainfile455_0_5,nips4b_birds_trainfile455,0.0,5.0,286,a2v,768768,1001.0,0,sylund_call,sylund_call,True,/path/to/data,120000,24000,69,a2v_5s_vote,single,200,majority_vote
nips4b_birds_trainfile474_0_5,nips4b_birds_trainfile474,0.0,5.0,296,a2v,768768,1001.0,0,galthe_song,galthe_song,True,/path/to/data,120000,24000,86,a2v_5s_vote,single,200,majority_vote
nips4b_birds_trainfile488_0_5,nips4b_birds_trainfile488,0.0,5.0,304,a2v,768768,1001.0,0,sylund_song,sylund_song,True,/path/to/data,120000,24000,121,a2v_5s_vote,single,200,majority_vote
nips4b_birds_trainfile493_0_5,nips4b_birds_trainfile493,0.0,5.0,308,a2v,768768,1001.0,0,sylund_song,sylund_song,True,/path/to/data,120000,24000,129,a2v_5s_vote,single,200,majority_vote
nips4b_birds_trainfile495_0_5,nips4b_birds_trainfile495,0.0,5.0,309,a2v,768768,1001.0,0,carcan_song,carcan_song,True,/path/to/data,120000,24000,40,a2v_5s_vote,single,200,majority_vote
nips4b_birds_trainfile496_0_5,nips4b_birds_trainfile496,0.0,5.0,310,a2v,768768,1001.0,0,sylcan_song,sylcan_song,True,/path/to/data,120000,24000,133,a2v_5s_vote,single,200,majority_vote
nips4b_birds_trainfile497_0_5,nips4b_birds_trainfile497,0.0,5.0,311,a2v,768768,1001.0,0,galthe_song,galthe_song,True,/path/to/data,120000,24000,26,a2v_5s_vote,single,200,majority_vote
nips4b_birds_trainfile507_0_5,nips4b_birds_trainfile507,0.0,5.0,321,a2v,768768,1001.0,0,chlchl_call,chlchl_call,True,/path/to/data,120000,24000,100,a2v_5s_vote,single,200,majority_vote
nips4b_birds_trainfile510_0_5,nips4b_birds_trainfile510,0.0,5.0,323,a2v,768768,1001.0,0,turphi_call,turphi_call,True,/path/to/data,120000,24000,14,a2v_5s_vote,single,200,majority_vote
nips4b_birds_trainfile517_0_5,nips4b_birds_trainfile517,0.0,5.0,326,a2v,768768,1001.0,0,sylcan_call,sylcan_call,True,/path/to/data,120000,24000,134,a2v_5s_vote,single,200,majority_vote
nips4b_birds_trainfile519_0_5,nips4b_birds_trainfile519,0.0,5.0,327,a2v,768768,1001.0,0,carcan_song,carcan_song,True,/path/to/data,120000,24000,107,a2v_5s_vote,single,200,majority_vote
nips4b_birds_trainfile521_0_5,nips4b_birds_trainfile521,0.0,5.0,328,a2v,768768,1001.0,0,carcan_song,carcan_song,True,/path/to/data,120000,24000,40,a2v_5s_vote,single,200,majority_vote
nips4b_birds_trainfile522_0_5,nips4b_birds_trainfile522,0.0,5.0,329,a2v,768768,1001.0,0,plaaff_song,plaaff_song,True,/path/to/data,120000,24000,141,a2v_5s_vote,single,200,majority_vote
nips4b_birds_trainfile523_0_5,nips4b_birds_trainfile523,0.0,5.0,330,a2v,768768,1001.0,0,sylmel_call,sylmel_call,True,/path/to/data,120000,24000,23,a2v_5s_vote,single,200,majority_vote
nips4b_birds_trainfile525_0_5,nips4b_birds_trainfile525,0.0,5.0,331,a2v,768768,1001.0,0,phycol_call,phycol_call,True,/path/to/data,120000,24000,100,a2v_5s_vote,single,200,majority_vote
nips4b_birds_trainfile527_0_5,nips4b_birds_trainfile527,0.0,5.0,333,a2v,768768,1001.0,0,sylcan_call,sylcan_call,True,/path/to/data,120000,24000,32,a2v_5s_vote,single,200,majority_vote
nips4b_birds_trainfile538_0_5,nips4b_birds_trainfile538,0.0,5.0,337,a2v,768768,1001.0,0,musstr_call,musstr_call,True,/path/to/data,120000,24000,75,a2v_5s_vote,single,200,majority_vote
nips4b_birds_trainfile543_0_5,nips4b_birds_trainfile543,0.0,5.0,340,a2v,768768,1001.0,0,plaaff_song,plaaff_song,True,/path/to/data,120000,24000,141,a2v_5s_vote,single,200,majority_vote
nips4b_birds_trainfile549_0_5,nips4b_birds_trainfile549,0.0,5.0,341,a2v,768768,1001.0,0,galcri_song,galcri_song,True,/path/to/data,120000,24000,150,a2v_5s_vote,single,200,majority_vote
nips4b_birds_trainfile557_0_5,nips4b_birds_trainfile557,0.0,5.0,346,a2v,768768,1001.0,0,sylund_call,sylund_call,True,/path/to/data,120000,24000,69,a2v_5s_vote,single,200,majority_vote
nips4b_birds_trainfile560_0_5,nips4b_birds_trainfile560,0.0,5.0,348,a2v,768768,1001.0,0,sylcan_call,sylcan_call,True,/path/to/data,120000,24000,23,a2v_5s_vote,single,200,majority_vote
nips4b_birds_trainfile562_0_5,nips4b_birds_trainfile562,0.0,5.0,349,a2v,768768,1001.0,0,lularb_song,lularb_song,True,/path/to/data,120000,24000,57,a2v_5s_vote,single,200,majority_vote
nips4b_birds_trainfile564_0_5,nips4b_birds_trainfile564,0.0,5.0,350,a2v,768768,1001.0,0,galthe_song,galthe_song,True,/path/to/data,120000,24000,52,a2v_5s_vote,single,200,majority_vote
nips4b_birds_trainfile584_0_5,nips4b_birds_trainfile584,0.0,5.0,360,a2v,768768,1001.0,0,galcri_call,galcri_call,True,/path/to/data,120000,24000,13,a2v_5s_vote,single,200,majority_vote
nips4b_birds_trainfile596_0_5,nips4b_birds_trainfile596,0.0,5.0,367,a2v,768768,1001.0,0,turphi_call,turphi_call,True,/path/to/data,120000,24000,14,a2v_5s_vote,single,200,majority_vote
nips4b_birds_trainfile597_0_5,nips4b_birds_trainfile597,0.0,5.0,368,a2v,768768,1001.0,0,strtur_song,strtur_song,True,/path/to/data,120000,24000,19,a2v_5s_vote,single,200,majority_vote
nips4b_birds_trainfile608_0_5,nips4b_birds_trainfile608,0.0,5.0,370,a2v,768768,1001.0,0,petpet_call,petpet_call,True,/path/to/data,120000,24000,52,a2v_5s_vote,single,200,majority_vote
nips4b_birds_trainfile614_0_5,nips4b_birds_trainfile614,0.0,5.0,375,a2v,768768,1001.0,0,sylmel_call,sylmel_call,True,/path/to/data,120000,24000,14,a2v_5s_vote,single,200,majority_vote
nips4b_birds_trainfile618_0_5,nips4b_birds_trainfile618,0.0,5.0,379,a2v,768768,1001.0,0,sylund_song,sylund_song,True,/path/to/data,120000,24000,62,a2v_5s_vote,single,200,majority_vote
nips4b_birds_trainfile630_0_5,nips4b_birds_trainfile630,0.0,5.0,384,a2v,768768,1001.0,0,petpet_call,petpet_call,True,/path/to/data,120000,24000,111,a2v_5s_vote,single,200,majority_vote
nips4b_birds_trainfile634_0_5,nips4b_birds_trainfile634,0.0,5.0,387,a2v,768768,1001.0,0,carcan_song,carcan_song,True,/path/to/data,120000,24000,55,a2v_5s_vote,single,200,majority_vote
nips4b_birds_trainfile636_0_5,nips4b_birds_trainfile636,0.0,5.0,389,a2v,768768,1001.0,0,sylund_song,sylund_song,True,/path/to/data,120000,24000,133,a2v_5s_vote,single,200,majority_vote
nips4b_birds_trainfile637_0_5,nips4b_birds_trainfile637,0.0,5.0,390,a2v,768768,1001.0,0,sylmel_song,sylmel_song,True,/path/to/data,120000,24000,150,a2v_5s_vote,single,200,majority_vote
nips4b_birds_trainfile638_0_5,nips4b_birds_trainfile638,0.0,5.0,391,a2v,768768,1001.0,0,galthe_song,galthe_song,True,/path/to/data,120000,24000,1,a2v_5s_vote,single,200,majority_vote
nips4b_birds_trainfile644_0_5,nips4b_birds_trainfile644,0.0,5.0,394,a2v,768768,1001.0,0,alaarv_song,alaarv_song,True,/path/to/data,120000,24000,168,a2v_5s_vote,single,200,majority_vote
nips4b_birds_trainfile645_0_5,nips4b_birds_trainfile645,0.0,5.0,395,a2v,768768,1001.0,0,galcri_call,galcri_call,True,/path/to/data,120000,24000,100,a2v_5s_vote,single,200,majority_vote
nips4b_birds_trainfile647_0_5,nips4b_birds_trainfile647,0.0,5.0,396,a2v,768768,1001.0,0,sylund_song,sylund_song,True,/path/to/data,120000,24000,20,a2v_5s_vote,single,200,majority_vote
nips4b_birds_trainfile652_0_5,nips4b_birds_trainfile652,0.0,5.0,400,a2v,768768,1001.0,0,sylcan_call,sylcan_call,True,/path/to/data,120000,24000,32,a2v_5s_vote,single,200,majority_vote
nips4b_birds_trainfile656_0_5,nips4b_birds_trainfile656,0.0,5.0,404,a2v,768768,1001.0,0,carcar_song,carcar_song,True,/path/to/data,120000,24000,39,a2v_5s_vote,single,200,majority_vote
nips4b_birds_trainfile657_0_5,nips4b_birds_trainfile657,0.0,5.0,405,a2v,768768,1001.0,0,oriori_call,oriori_call,True,/path/to/data,120000,24000,164,a2v_5s_vote,single,200,majority_vote
nips4b_birds_trainfile659_0_5,nips4b_birds_trainfile659,0.0,5.0,407,a2v,768768,1001.0,0,petpet_call,petpet_call,True,/path/to/data,120000,24000,148,a2v_5s_vote,single,200,majority_vote
nips4b_birds_trainfile664_0_5,nips4b_birds_trainfile664,0.0,5.0,409,a2v,768768,1001.0,0,sylund_song,sylund_song,True,/path/to/data,120000,24000,39,a2v_5s_vote,single,200,majority_vote
nips4b_birds_trainfile668_0_5,nips4b_birds_trainfile668,0.0,5.0,411,a2v,768768,1001.0,0,aegcau_call,aegcau_call,True,/path/to/data,120000,24000,76,a2v_5s_vote,single,200,majority_vote
nips4b_birds_trainfile671_0_5,nips4b_birds_trainfile671,0.0,5.0,413,a2v,768768,1001.0,0,sylund_song,sylund_song,True,/path/to/data,120000,24000,121,a2v_5s_vote,single,200,majority_vote
nips4b_birds_trainfile672_0_5,nips4b_birds_trainfile672,0.0,5.0,414,a2v,768768,1001.0,0,pyrpyr_call,pyrpyr_call,True,/path/to/data,120000,24000,164,a2v_5s_vote,single,200,majority_vote
nips4b_birds_trainfile682_0_5,nips4b_birds_trainfile682,0.0,5.0,421,a2v,768768,1001.0,0,sylund_song,sylund_song,True,/path/to/data,120000,24000,121,a2v_5s_vote,single,200,majority_vote
nips4b_birds_trainfile002_0_3,nips4b_birds_trainfile002,0.0,3.0,2,birdnet,1024,,0,sylmel_song,sylmel_song,True,/path/to/data,144000,48000,90,birdnet_3s,single,170,window_embedding
nips4b_birds_trainfile008_0_3,nips4b_birds_trainfile008,0.0,3.0,12,birdnet,1024,,0,galthe_call,galthe_call,True,/path/to/data,144000,48000,21,birdnet_3s,single,170,window_embedding
nips4b_birds_trainfile008_2_5,nips4b_birds_trainfile008,2.0,5.0,13,birdnet,1024,,0,galthe_call,galthe_call,True,/path/to/data,144000,48000,139,birdnet_3s,single,170,window_embedding
nips4b_birds_trainfile013_0_3,nips4b_birds_trainfile013,0.0,3.0,18,birdnet,1024,,0,sylund_song,sylund_song,True,/path/to/data,144000,48000,122,birdnet_3s,single,170,window_embedding
nips4b_birds_trainfile013_2_5,nips4b_birds_trainfile013,2.0,5.0,19,birdnet,1024,,0,sylund_song,sylund_song,True,/path/to/data,144000,48000,56,birdnet_3s,single,170,window_embedding
nips4b_birds_trainfile016_0_3,nips4b_birds_trainfile016,0.0,3.0,22,birdnet,1024,,0,cetcet_song,cetcet_song,True,/path/to/data,144000,48000,6,birdnet_3s,single,170,window_embedding
nips4b_birds_trainfile016_2_5,nips4b_birds_trainfile016,2.0,5.0,23,birdnet,1024,,0,cetcet_song,cetcet_song,True,/path/to/data,144000,48000,6,birdnet_3s,single,170,window_embedding
nips4b_birds_trainfile021_0_3,nips4b_birds_trainfile021,0.0,3.0,26,birdnet,1024,,0,fricoe_song,fricoe_song,True,/path/to/data,144000,48000,141,birdnet_3s,single,170,window_embedding
nips4b_birds_trainfile023_0_3,nips4b_birds_trainfile023,0.0,3.0,28,birdnet,1024,,0,galthe_call,galthe_call,True,/path/to/data,144000,48000,56,birdnet_3s,single,170,window_embedding
nips4b_birds_trainfile023_2_5,nips4b_birds_trainfile023,2.0,5.0,29,birdnet,1024,,0,galthe_call,galthe_call,True,/path/to/data,144000,48000,92,birdnet_3s,single,170,window_embedding
nips4b_birds_trainfile024_0_3,nips4b_birds_trainfile024,0.0,3.0,30,birdnet,1024,,0,sylmel_song,sylmel_song,True,/path/to/data,144000,48000,56,birdnet_3s,single,170,window_embedding
nips4b_birds_trainfile024_2_5,nips4b_birds_trainfile024,2.0,5.0,31,birdnet,1024,,0,sylmel_call,sylmel_call,True,/path/to/data,144000,48000,72,birdnet_3s,single,170,window_embedding
nips4b_birds_trainfile027_2_5,nips4b_birds_trainfile027,2.0,5.0,33,birdnet,1024,,0,cetcet_song,cetcet_song,True,/path/to/data,144000,48000,6,birdnet_3s,single,170,window_embedding
nips4b_birds_trainfile029_0_3,nips4b_birds_trainfile029,0.0,3.0,34,birdnet,1024,,0,sylmel_call,sylmel_call,True,/path/to/data,144000,48000,49,birdnet_3s,single,170,window_embedding
nips4b_birds_trainfile033_0_3,nips4b_birds_trainfile033,0.0,3.0,40,birdnet,1024,,0,galthe_song,galthe_song,True,/path/to/data,144000,48000,143,birdnet_3s,single,170,window_embedding
nips4b_birds_trainfile033_2_5,nips4b_birds_trainfile033,2.0,5.0,41,birdnet,1024,,0,galthe_song,galthe_song,True,/path/to/data,144000,48000,10,birdnet_3s,single,170,window_embedding
nips4b_birds_trainfile034_0_3,nips4b_birds_trainfile034,0.0,3.0,42,birdnet,1024,,0,sylcan_song,sylcan_song,True,/path/to/data,144000,48000,76,birdnet_3s,single,170,window_embedding
nips4b_birds_trainfile034_2_5,nips4b_birds_trainfile034,2.0,5.0,43,birdnet,1024,,0,petpet_song,petpet_song,True,/path/to/data,144000,48000,166,birdnet_3s,single,170,window_embedding
nips4b_birds_trainfile035_0_3,nips4b_birds_trainfile035,0.0,3.0,44,birdnet,1024,,0,regign_song,regign_song,True,/path/to/data,144000,48000,14,birdnet_3s,single,170,window_embedding
nips4b_birds_trainfile035_2_5,nips4b_birds_trainfile035,2.0,5.0,45,birdnet,1024,,0,regign_song,regign_song,True,/path/to/data,144000,48000,14,birdnet_3s,single,170,window_embedding
nips4b_birds_trainfile037_0_3,nips4b_birds_trainfile037,0.0,3.0,48,birdnet,1024,,0,sylund_call,sylund_call,True,/path/to/data,144000,48000,20,birdnet_3s,single,170,window_embedding
nips4b_birds_trainfile037_2_5,nips4b_birds_trainfile037,2.0,5.0,49,birdnet,1024,,0,sylund_call,sylund_call,True,/path/to/data,144000,48000,20,birdnet_3s,single,170,window_embedding
nips4b_birds_trainfile041_2_5,nips4b_birds_trainfile041,2.0,5.0,55,birdnet,1024,,0,phycol_call,phycol_call,True,/path/to/data,144000,48000,82,birdnet_3s,single,170,window_embedding
nips4b_birds_trainfile046_0_3,nips4b_birds_trainfile046,0.0,3.0,62,birdnet,1024,,0,sylatr_call,sylatr_call,True,/path/to/data,144000,48000,93,birdnet_3s,single,170,window_embedding
nips4b_birds_trainfile046_2_5,nips4b_birds_trainfile046,2.0,5.0,63,birdnet,1024,,0,sylatr_call,sylatr_call,True,/path/to/data,144000,48000,37,birdnet_3s,single,170,window_embedding
nips4b_birds_trainfile047_2_5,nips4b_birds_trainfile047,2.0,5.0,65,birdnet,1024,,0,erirub_song,erirub_song,True,/path/to/data,144000,48000,56,birdnet_3s,single,170,window_embedding
nips4b_birds_trainfile048_0_3,nips4b_birds_trainfile048,0.0,3.0,66,birdnet,1024,,0,carcan_song,carcan_song,True,/path/to/data,144000,48000,56,birdnet_3s,single,170,window_embedding
nips4b_birds_trainfile048_2_5,nips4b_birds_trainfile048,2.0,5.0,67,birdnet,1024,,0,carcan_song,carcan_song,True,/path/to/data,144000,48000,56,birdnet_3s,single,170,window_embedding
nips4b_birds_trainfile049_2_5,nips4b_birds_trainfile049,2.0,5.0,69,birdnet,1024,,0,pasdom_call,pasdom_call,True,/path/to/data,144000,48000,96,birdnet_3s,single,170,window_embedding
nips4b_birds_trainfile050_0_3,nips4b_birds_trainfile050,0.0,3.0,70,birdnet,1024,,0,sylund_call,sylund_call,True,/path/to/data,144000,48000,20,birdnet_3s,single,170,window_embedding
nips4b_birds_trainfile050_2_5,nips4b_birds_trainfile050,2.0,5.0,71,birdnet,1024,,0,sylund_call,sylund_call,True,/path/to/data,144000,48000,127,birdnet_3s,single,170,window_embedding
nips4b_birds_trainfile051_2_5,nips4b_birds_trainfile051,2.0,5.0,73,birdnet,1024,,0,lusmeg_call,lusmeg_call,True,/path/to/data,144000,48000,3,birdnet_3s,single,170,window_embedding
nips4b_birds_trainfile062_0_3,nips4b_birds_trainfile062,0.0,3.0,82,birdnet,1024,,0,siteur_song,siteur_song,True,/path/to/data,144000,48000,80,birdnet_3s,single,170,window_embedding
nips4b_birds_trainfile062_2_5,nips4b_birds_trainfile062,2.0,5.0,83,birdnet,1024,,0,regign_song,regign_song,True,/path/to/data,144000,48000,56,birdnet_3s,single,170,window_embedding
nips4b_birds_trainfile063_0_3,nips4b_birds_trainfile063,0.0,3.0,84,birdnet,1024,,0,sylcan_song,sylcan_song,True,/path/to/data,144000,48000,5,birdnet_3s,single,170,window_embedding
nips4b_birds_trainfile063_2_5,nips4b_birds_trainfile063,2.0,5.0,85,birdnet,1024,,0,sylcan_song,sylcan_song,True,/path/to/data,144000,48000,168,birdnet_3s,single,170,window_embedding
nips4b_birds_trainfile068_0_3,nips4b_birds_trainfile068,0.0,3.0,90,birdnet,1024,,0,carcan_song,carcan_song,True,/path/to/data,144000,48000,56,birdnet_3s,single,170,window_embedding
nips4b_birds_trainfile068_2_5,nips4b_birds_trainfile068,2.0,5.0,91,birdnet,1024,,0,carcan_song,carcan_song,True,/path/to/data,144000,48000,56,birdnet_3s,single,170,window_embedding
nips4b_birds_trainfile070_0_3,nips4b_birds_trainfile070,0.0,3.0,94,birdnet,1024,,0,galcri_call,galcri_call,True,/path/to/data,144000,48000,88,birdnet_3s,single,170,window_embedding
nips4b_birds_trainfile070_2_5,nips4b_birds_trainfile070,2.0,5.0,95,birdnet,1024,,0,galcri_call,galcri_call,True,/path/to/data,144000,48000,12,birdnet_3s,single,170,window_embedding
nips4b_birds_trainfile073_2_5,nips4b_birds_trainfile073,2.0,5.0,99,birdnet,1024,,0,petpet_call,petpet_call,True,/path/to/data,144000,48000,47,birdnet_3s,single,170,window_embedding
nips4b_birds_trainfile075_0_3,nips4b_birds_trainfile075,0.0,3.0,100,birdnet,1024,,0,lopcri_call,lopcri_call,True,/path/to/data,144000,48000,56,birdnet_3s,single,170,window_embedding
nips4b_birds_trainfile077_2_5,nips4b_birds_trainfile077,2.0,5.0,105,birdnet,1024,,0,pyrpyr_call,pyrpyr_call,True,/path/to/data,144000,48000,107,birdnet_3s,single,170,window_embedding
nips4b_birds_trainfile082_2_5,nips4b_birds_trainfile082,2.0,5.0,113,birdnet,1024,,0,parcae_call,parcae_call,True,/path/to/data,144000,48000,56,birdnet_3s,single,170,window_embedding
nips4b_birds_trainfile096_0_3,nips4b_birds_trainfile096,0.0,3.0,124,birdnet,1024,,0,denmaj_drum,denmaj_drum,True,/path/to/data,144000,48000,56,birdnet_3s,single,170,window_embedding
nips4b_birds_trainfile098_0_3,nips4b_birds_trainfile098,0.0,3.0,126,birdnet,1024,,0,petpet_call,petpet_call,True,/path/to/data,144000,48000,47,birdnet_3s,single,170,window_embedding
nips4b_birds_trainfile100_0_3,nips4b_birds_trainfile100,0.0,3.0,128,birdnet,1024,,0,embcir_call,embcir_call,True,/path/to/data,144000,48000,54,birdnet_3s,single,170,window_embedding
nips4b_birds_trainfile100_2_5,nips4b_birds_trainfile100,2.0,5.0,129,birdnet,1024,,0,embcir_call,embcir_call,True,/path/to/data,144000,48000,117,birdnet_3s,single,170,window_embedding
nips4b_birds_trainfile104_2_5,nips4b_birds_trainfile104,2.0,5.0,135,birdnet,1024,,0,erirub_call,erirub_call,True,/path/to/data,144000,48000,157,birdnet_3s,single,170,window_embedding
nips4b_birds_trainfile107_0_3,nips4b_birds_trainfile107,0.0,3.0,138,birdnet,1024,,0,turphi_call,turphi_call,True,/path/to/data,144000,48000,107,birdnet_3s,single,170,window_embedding
nips4b_birds_trainfile108_0_3,nips4b_birds_trainfile108,0.0,3.0,140,birdnet,1024,,0,sylcan_call,sylcan_call,True,/path/to/data,144000,48000,2,birdnet_3s,single,170,window_embedding
nips4b_birds_trainfile108_2_5,nips4b_birds_trainfile108,2.0,5.0,141,birdnet,1024,,0,sylcan_call,sylcan_call,True,/path/to/data,144000,48000,2,birdnet_3s,single,170,window_embedding
nips4b_birds_trainfile110_2_5,nips4b_birds_trainfile110,2.0,5.0,143,birdnet,1024,,0,jyntor_song,jyntor_song,True,/path/to/data,144000,48000,41,birdnet_3s,single,170,window_embedding
nips4b_birds_trainfile113_0_3,nips4b_birds_trainfile113,0.0,3.0,144,birdnet,1024,,0,oriori_song,oriori_song,True,/path/to/data,144000,48000,144,birdnet_3s,single,170,window_embedding
nips4b_birds_trainfile113_2_5,nips4b_birds_trainfile113,2.0,5.0,145,birdnet,1024,,0,oriori_song,oriori_song,True,/path/to/data,144000,48000,43,birdnet_3s,single,170,window_embedding
nips4b_birds_trainfile120_2_5,nips4b_birds_trainfile120,2.0,5.0,153,birdnet,1024,,0,sylund_song,sylund_song,True,/path/to/data,144000,48000,114,birdnet_3s,single,170,window_embedding
nips4b_birds_trainfile125_0_3,nips4b_birds_trainfile125,0.0,3.0,156,birdnet,1024,,0,oriori_song,oriori_song,True,/path/to/data,144000,48000,66,birdnet_3s,single,170,window_embedding
nips4b_birds_trainfile125_2_5,nips4b_birds_trainfile125,2.0,5.0,157,birdnet,1024,,0,oriori_song,oriori_song,True,/path/to/data,144000,48000,66,birdnet_3s,single,170,window_embedding
nips4b_birds_trainfile127_0_3,nips4b_birds_trainfile127,0.0,3.0,158,birdnet,1024,,0,carcan_song,carcan_song,True,/path/to/data,144000,48000,64,birdnet_3s,single,170,window_embedding
nips4b_birds_trainfile127_2_5,nips4b_birds_trainfile127,2.0,5.0,159,birdnet,1024,,0,carcan_song,carcan_song,True,/path/to/data,144000,48000,56,birdnet_3s,single,170,window_embedding
nips4b_birds_trainfile130_0_3,nips4b_birds_trainfile130,0.0,3.0,160,birdnet,1024,,0,carcan_song,carcan_song,True,/path/to/data,144000,48000,151,birdnet_3s,single,170,window_embedding
nips4b_birds_trainfile138_2_5,nips4b_birds_trainfile138,2.0,5.0,171,birdnet,1024,,0,serser_song,serser_song,True,/path/to/data,144000,48000,16,birdnet_3s,single,170,window_embedding
nips4b_birds_trainfile139_0_3,nips4b_birds_trainfile139,0.0,3.0,172,birdnet,1024,,0,musstr_call,musstr_call,True,/path/to/data,144000,48000,52,birdnet_3s,single,170,window_embedding
nips4b_birds_trainfile139_2_5,nips4b_birds_trainfile139,2.0,5.0,173,birdnet,1024,,0,musstr_call,musstr_call,True,/path/to/data,144000,48000,3,birdnet_3s,single,170,window_embedding
nips4b_birds_trainfile144_0_3,nips4b_birds_trainfile144,0.0,3.0,176,birdnet,1024,,0,pyrpyr_call,pyrpyr_call,True,/path/to/data,144000,48000,107,birdnet_3s,single,170,window_embedding
nips4b_birds_trainfile145_2_5,nips4b_birds_trainfile145,2.0,5.0,179,birdnet,1024,,0,petpet_song,petpet_song,True,/path/to/data,144000,48000,103,birdnet_3s,single,170,window_embedding
nips4b_birds_trainfile148_2_5,nips4b_birds_trainfile148,2.0,5.0,183,birdnet,1024,,0,lusmeg_song,lusmeg_song,True,/path/to/data,144000,48000,78,birdnet_3s,single,170,window_embedding
nips4b_birds_trainfile151_0_3,nips4b_birds_trainfile151,0.0,3.0,188,birdnet,1024,,0,sylmel_call,sylmel_call,True,/path/to/data,144000,48000,15,birdnet_3s,single,170,window_embedding
nips4b_birds_trainfile151_2_5,nips4b_birds_trainfile151,2.0,5.0,189,birdnet,1024,,0,sylmel_call,sylmel_call,True,/path/to/data,144000,48000,67,birdnet_3s,single,170,window_embedding
nips4b_birds_trainfile154_2_5,nips4b_birds_trainfile154,2.0,5.0,195,birdnet,1024,,0,serser_song,serser_song,True,/path/to/data,144000,48000,59,birdnet_3s,single,170,window_embedding
nips4b_birds_trainfile155_2_5,nips4b_birds_trainfile155,2.0,5.0,197,birdnet,1024,,0,cetcet_song,cetcet_song,True,/path/to/data,144000,48000,6,birdnet_3s,single,170,window_embedding
nips4b_birds_trainfile156_0_3,nips4b_birds_trainfile156,0.0,3.0,198,birdnet,1024,,0,lopcri_call,lopcri_call,True,/path/to/data,144000,48000,83,birdnet_3s,single,170,window_embedding
nips4b_birds_trainfile156_2_5,nips4b_birds_trainfile156,2.0,5.0,199,birdnet,1024,,0,lopcri_call,lopcri_call,True,/path/to/data,144000,48000,56,birdnet_3s,single,170,window_embedding
nips4b_birds_trainfile157_0_3,nips4b_birds_trainfile157,0.0,3.0,200,birdnet,1024,,0,sylund_song,sylund_song,True,/path/to/data,144000,48000,56,birdnet_3s,single,170,window_embedding
nips4b_birds_trainfile157_2_5,nips4b_birds_trainfile157,2.0,5.0,201,birdnet,1024,,0,sylund_song,sylund_song,True,/path/to/data,144000,48000,111,birdnet_3s,single,170,window_embedding
nips4b_birds_trainfile158_0_3,nips4b_birds_trainfile158,0.0,3.0,202,birdnet,1024,,0,galcri_call,galcri_call,True,/path/to/data,144000,48000,152,birdnet_3s,single,170,window_embedding
nips4b_birds_trainfile160_0_3,nips4b_birds_trainfile160,0.0,3.0,204,birdnet,1024,,0,alaarv_song,alaarv_song,True,/path/to/data,144000,48000,56,birdnet_3s,single,170,window_embedding
nips4b_birds_trainfile162_0_3,nips4b_birds_trainfile162,0.0,3.0,206,birdnet,1024,,0,galcri_song,galcri_song,True,/path/to/data,144000,48000,60,birdnet_3s,single,170,window_embedding
nips4b_birds_trainfile162_2_5,nips4b_birds_trainfile162,2.0,5.0,207,birdnet,1024,,0,galcri_song,galcri_song,True,/path/to/data,144000,48000,60,birdnet_3s,single,170,window_embedding
nips4b_birds_trainfile165_0_3,nips4b_birds_trainfile165,0.0,3.0,210,birdnet,1024,,0,sylcan_call,sylcan_call,True,/path/to/data,144000,48000,160,birdnet_3s,single,170,window_embedding
nips4b_birds_trainfile165_2_5,nips4b_birds_trainfile165,2.0,5.0,211,birdnet,1024,,0,sylcan_call,sylcan_call,True,/path/to/data,144000,48000,160,birdnet_3s,single,170,window_embedding
nips4b_birds_trainfile166_0_3,nips4b_birds_trainfile166,0.0,3.0,212,birdnet,1024,,0,embcir_song,embcir_song,True,/path/to/data,144000,48000,77,birdnet_3s,single,170,window_embedding
nips4b_birds_trainfile168_0_3,nips4b_birds_trainfile168,0.0,3.0,216,birdnet,1024,,0,strtur_song,strtur_song,True,/path/to/data,144000,48000,8,birdnet_3s,single,170,window_embedding
nips4b_birds_trainfile168_2_5,nips4b_birds_trainfile168,2.0,5.0,217,birdnet,1024,,0,strtur_song,strtur_song,True,/path/to/data,144000,48000,133,birdnet_3s,single,170,window_embedding
nips4b_birds_trainfile172_2_5,nips4b_birds_trainfile172,2.0,5.0,223,birdnet,1024,,0,turphi_call,turphi_call,True,/path/to/data,144000,48000,16,birdnet_3s,single,170,window_embedding
nips4b_birds_trainfile174_0_3,nips4b_birds_trainfile174,0.0,3.0,224,birdnet,1024,,0,sylmel_call,sylmel_call,True,/path/to/data,144000,48000,167,birdnet_3s,single,170,window_embedding
nips4b_birds_trainfile174_2_5,nips4b_birds_trainfile174,2.0,5.0,225,birdnet,1024,,0,sylmel_call,sylmel_call,True,/path/to/data,144000,48000,107,birdnet_3s,single,170,window_embedding
nips4b_birds_trainfile176_0_3,nips4b_birds_trainfile176,0.0,3.0,226,birdnet,1024,,0,turphi_song,turphi_song,True,/path/to/data,144000,48000,56,birdnet_3s,single,170,window_embedding
nips4b_birds_trainfile176_2_5,nips4b_birds_trainfile176,2.0,5.0,227,birdnet,1024,,0,turphi_song,turphi_song,True,/path/to/data,144000,48000,56,birdnet_3s,single,170,window_embedding
nips4b_birds_trainfile180_0_3,nips4b_birds_trainfile180,0.0,3.0,232,birdnet,1024,,0,lusmeg_call,lusmeg_call,True,/path/to/data,144000,48000,17,birdnet_3s,single,170,window_embedding
nips4b_birds_trainfile185_0_3,nips4b_birds_trainfile185,0.0,3.0,242,birdnet,1024,,0,carcan_call,carcan_call,True,/path/to/data,144000,48000,146,birdnet_3s,single,170,window_embedding
nips4b_birds_trainfile188_0_3,nips4b_birds_trainfile188,0.0,3.0,244,birdnet,1024,,0,cetcet_song,cetcet_song,True,/path/to/data,144000,48000,68,birdnet_3s,single,170,window_embedding
nips4b_birds_trainfile188_2_5,nips4b_birds_trainfile188,2.0,5.0,245,birdnet,1024,,0,cetcet_song,cetcet_song,True,/path/to/data,144000,48000,48,birdnet_3s,single,170,window_embedding
nips4b_birds_trainfile190_0_3,nips4b_birds_trainfile190,0.0,3.0,246,birdnet,1024,,0,turphi_song,turphi_song,True,/path/to/data,144000,48000,61,birdnet_3s,single,170,window_embedding
nips4b_birds_trainfile190_2_5,nips4b_birds_trainfile190,2.0,5.0,247,birdnet,1024,,0,turphi_song,turphi_song,True,/path/to/data,144000,48000,17,birdnet_3s,single,170,window_embedding
nips4b_birds_trainfile191_0_3,nips4b_birds_trainfile191,0.0,3.0,248,birdnet,1024,,0,sylmel_call,sylmel_call,True,/path/to/data,144000,48000,23,birdnet_3s,single,170,window_embedding
nips4b_birds_trainfile200_0_3,nips4b_birds_trainfile200,0.0,3.0,256,birdnet,1024,,0,sylmel_song,sylmel_song,True,/path/to/data,144000,48000,135,birdnet_3s,single,170,window_embedding
nips4b_birds_trainfile200_2_5,nips4b_birds_trainfile200,2.0,5.0,257,birdnet,1024,,0,sylmel_song,sylmel_song,True,/path/to/data,144000,48000,5,birdnet_3s,single,170,window_embedding
nips4b_birds_trainfile201_0_3,nips4b_birds_trainfile201,0.0,3.0,258,birdnet,1024,,0,lusmeg_song,lusmeg_song,True,/path/to/data,144000,48000,65,birdnet_3s,single,170,window_embedding
nips4b_birds_trainfile201_2_5,nips4b_birds_trainfile201,2.0,5.0,259,birdnet,1024,,0,cetcet_song,cetcet_song,True,/path/to/data,144000,48000,98,birdnet_3s,single,170,window_embedding
nips4b_birds_trainfile202_0_3,nips4b_birds_trainfile202,0.0,3.0,260,birdnet,1024,,0,sylund_song,sylund_song,True,/path/to/data,144000,48000,56,birdnet_3s,single,170,window_embedding
nips4b_birds_trainfile202_2_5,nips4b_birds_trainfile202,2.0,5.0,261,birdnet,1024,,0,sylund_song,sylund_song,True,/path/to/data,144000,48000,56,birdnet_3s,single,170,window_embedding
nips4b_birds_trainfile204_0_3,nips4b_birds_trainfile204,0.0,3.0,262,birdnet,1024,,0,galthe_call,galthe_call,True,/path/to/data,144000,48000,159,birdnet_3s,single,170,window_embedding
nips4b_birds_trainfile205_0_3,nips4b_birds_trainfile205,0.0,3.0,264,birdnet,1024,,0,carcan_song,carcan_song,True,/path/to/data,144000,48000,56,birdnet_3s,single,170,window_embedding
nips4b_birds_trainfile207_2_5,nips4b_birds_trainfile207,2.0,5.0,269,birdnet,1024,,0,lusmeg_song,lusmeg_song,True,/path/to/data,144000,48000,155,birdnet_3s,single,170,window_embedding
nips4b_birds_trainfile208_0_3,nips4b_birds_trainfile208,0.0,3.0,270,birdnet,1024,,0,sylcan_call,sylcan_call,True,/path/to/data,144000,48000,2,birdnet_3s,single,170,window_embedding
nips4b_birds_trainfile208_2_5,nips4b_birds_trainfile208,2.0,5.0,271,birdnet,1024,,0,sylcan_call,sylcan_call,True,/path/to/data,144000,48000,2,birdnet_3s,single,170,window_embedding
nips4b_birds_trainfile213_0_3,nips4b_birds_trainfile213,0.0,3.0,276,birdnet,1024,,0,lusmeg_call,lusmeg_call,True,/path/to/data,144000,48000,107,birdnet_3s,single,170,window_embedding
nips4b_birds_trainfile213_2_5,nips4b_birds_trainfile213,2.0,5.0,277,birdnet,1024,,0,lusmeg_call,lusmeg_call,True,/path/to/data,144000,48000,56,birdnet_3s,single,170,window_embedding
nips4b_birds_trainfile221_0_3,nips4b_birds_trainfile221,0.0,3.0,282,birdnet,1024,,0,parcae_song,parcae_song,True,/path/to/data,144000,48000,58,birdnet_3s,single,170,window_embedding
nips4b_birds_trainfile221_2_5,nips4b_birds_trainfile221,2.0,5.0,283,birdnet,1024,,0,parcae_song,parcae_song,True,/path/to/data,144000,48000,58,birdnet_3s,single,170,window_embedding
nips4b_birds_trainfile222_2_5,nips4b_birds_trainfile222,2.0,5.0,285,birdnet,1024,,0,petpet_call,petpet_call,True,/path/to/data,144000,48000,47,birdnet_3s,single,170,window_embedding
nips4b_birds_trainfile226_2_5,nips4b_birds_trainfile226,2.0,5.0,289,birdnet,1024,,0,parcae_call,parcae_call,True,/path/to/data,144000,48000,112,birdnet_3s,single,170,window_embedding
nips4b_birds_trainfile228_2_5,nips4b_birds_trainfile228,2.0,5.0,291,birdnet,1024,,0,sylund_song,sylund_song,True,/path/to/data,144000,48000,25,birdnet_3s,single,170,window_embedding
nips4b_birds_trainfile231_0_3,nips4b_birds_trainfile231,0.0,3.0,292,birdnet,1024,,0,oriori_call,oriori_call,True,/path/to/data,144000,48000,40,birdnet_3s,single,170,window_embedding
nips4b_birds_trainfile231_2_5,nips4b_birds_trainfile231,2.0,5.0,293,birdnet,1024,,0,oriori_call,oriori_call,True,/path/to/data,144000,48000,29,birdnet_3s,single,170,window_embedding
nips4b_birds_trainfile236_0_3,nips4b_birds_trainfile236,0.0,3.0,300,birdnet,1024,,0,strtur_song,strtur_song,True,/path/to/data,144000,48000,8,birdnet_3s,single,170,window_embedding
nips4b_birds_trainfile236_2_5,nips4b_birds_trainfile236,2.0,5.0,301,birdnet,1024,,0,strtur_song,strtur_song,True,/path/to/data,144000,48000,8,birdnet_3s,single,170,window_embedding
nips4b_birds_trainfile240_0_3,nips4b_birds_trainfile240,0.0,3.0,304,birdnet,1024,,0,parcae_call,parcae_call,True,/path/to/data,144000,48000,27,birdnet_3s,single,170,window_embedding
nips4b_birds_trainfile243_0_3,nips4b_birds_trainfile243,0.0,3.0,308,birdnet,1024,,0,parate_song,parate_song,True,/path/to/data,144000,48000,75,birdnet_3s,single,170,window_embedding
nips4b_birds_trainfile249_2_5,nips4b_birds_trainfile249,2.0,5.0,315,birdnet,1024,,0,petpet_song,petpet_song,True,/path/to/data,144000,48000,115,birdnet_3s,single,170,window_embedding
nips4b_birds_trainfile250_0_3,nips4b_birds_trainfile250,0.0,3.0,316,birdnet,1024,,0,denmaj_call,denmaj_call,True,/path/to/data,144000,48000,56,birdnet_3s,single,170,window_embedding
nips4b_birds_trainfile250_2_5,nips4b_birds_trainfile250,2.0,5.0,317,birdnet,1024,,0,erirub_song,erirub_song,True,/path/to/data,144000,48000,62,birdnet_3s,single,170,window_embedding
nips4b_birds_trainfile251_0_3,nips4b_birds_trainfile251,0.0,3.0,318,birdnet,1024,,0,sylund_song,sylund_song,True,/path/to/data,144000,48000,56,birdnet_3s,single,170,window_embedding
nips4b_birds_trainfile256_0_3,nips4b_birds_trainfile256,0.0,3.0,324,birdnet,1024,,0,stuvul_call,stuvul_call,True,/path/to/data,144000,48000,22,birdnet_3s,single,170,window_embedding
nips4b_birds_trainfile256_2_5,nips4b_birds_trainfile256,2.0,5.0,325,birdnet,1024,,0,stuvul_call,stuvul_call,True,/path/to/data,144000,48000,22,birdnet_3s,single,170,window_embedding
nips4b_birds_trainfile259_0_3,nips4b_birds_trainfile259,0.0,3.0,326,birdnet,1024,,0,galthe_call,galthe_call,True,/path/to/data,144000,48000,34,birdnet_3s,single,170,window_embedding
nips4b_birds_trainfile263_0_3,nips4b_birds_trainfile263,0.0,3.0,332,birdnet,1024,,0,lusmeg_call,lusmeg_call,True,/path/to/data,144000,48000,99,birdnet_3s,single,170,window_embedding
nips4b_birds_trainfile263_2_5,nips4b_birds_trainfile263,2.0,5.0,333,birdnet,1024,,0,lusmeg_call,lusmeg_call,True,/path/to/data,144000,48000,131,birdnet_3s,single,170,window_embedding
nips4b_birds_trainfile264_0_3,nips4b_birds_trainfile264,0.0,3.0,334,birdnet,1024,,0,turphi_call,turphi_call,True,/path/to/data,144000,48000,107,birdnet_3s,single,170,window_embedding
nips4b_birds_trainfile265_0_3,nips4b_birds_trainfile265,0.0,3.0,336,birdnet,1024,,0,parcae_call,parcae_call,True,/path/to/data,144000,48000,153,birdnet_3s,single,170,window_embedding
nips4b_birds_trainfile276_0_3,nips4b_birds_trainfile276,0.0,3.0,348,birdnet,1024,,0,aegcau_call,aegcau_call,True,/path/to/data,144000,48000,85,birdnet_3s,single,170,window_embedding
nips4b_birds_trainfile276_2_5,nips4b_birds_trainfile276,2.0,5.0,349,birdnet,1024,,0,aegcau_call,aegcau_call,True,/path/to/data,144000,48000,85,birdnet_3s,single,170,window_embedding
nips4b_birds_trainfile284_2_5,nips4b_birds_trainfile284,2.0,5.0,359,birdnet,1024,,0,galthe_song,galthe_song,True,/path/to/data,144000,48000,56,birdnet_3s,single,170,window_embedding
nips4b_birds_trainfile287_0_3,nips4b_birds_trainfile287,0.0,3.0,362,birdnet,1024,,0,petpet_call,petpet_call,True,/path/to/data,144000,48000,150,birdnet_3s,single,170,window_embedding
nips4b_birds_trainfile292_0_3,nips4b_birds_trainfile292,0.0,3.0,368,birdnet,1024,,0,sylmel_song,sylmel_song,True,/path/to/data,144000,48000,42,birdnet_3s,single,170,window_embedding
nips4b_birds_trainfile292_2_5,nips4b_birds_trainfile292,2.0,5.0,369,birdnet,1024,,0,sylmel_song,sylmel_song,True,/path/to/data,144000,48000,42,birdnet_3s,single,170,window_embedding
nips4b_birds_trainfile295_0_3,nips4b_birds_trainfile295,0.0,3.0,372,birdnet,1024,,0,plaaff_song,plaaff_song,True,/path/to/data,144000,48000,4,birdnet_3s,single,170,window_embedding
nips4b_birds_trainfile295_2_5,nips4b_birds_trainfile295,2.0,5.0,373,birdnet,1024,,0,plaaff_song,plaaff_song,True,/path/to/data,144000,48000,126,birdnet_3s,single,170,window_embedding
nips4b_birds_trainfile296_0_3,nips4b_birds_trainfile296,0.0,3.0,374,birdnet,1024,,0,sylund_call,sylund_call,True,/path/to/data,144000,48000,107,birdnet_3s,single,170,window_embedding
nips4b_birds_trainfile296_2_5,nips4b_birds_trainfile296,2.0,5.0,375,birdnet,1024,,0,sylund_call,sylund_call,True,/path/to/data,144000,48000,107,birdnet_3s,single,170,window_embedding
nips4b_birds_trainfile298_0_3,nips4b_birds_trainfile298,0.0,3.0,378,birdnet,1024,,0,plaaff_song,plaaff_song,True,/path/to/data,144000,48000,70,birdnet_3s,single,170,window_embedding
nips4b_birds_trainfile298_2_5,nips4b_birds_trainfile298,2.0,5.0,379,birdnet,1024,,0,plaaff_song,plaaff_song,True,/path/to/data,144000,48000,124,birdnet_3s,single,170,window_embedding
nips4b_birds_trainfile299_0_3,nips4b_birds_trainfile299,0.0,3.0,380,birdnet,1024,,0,carcan_song,carcan_song,True,/path/to/data,144000,48000,164,birdnet_3s,single,170,window_embedding
nips4b_birds_trainfile300_0_3,nips4b_birds_trainfile300,0.0,3.0,382,birdnet,1024,,0,loxcur_call,loxcur_call,True,/path/to/data,144000,48000,81,birdnet_3s,single,170,window_embedding
nips4b_birds_trainfile308_0_3,nips4b_birds_trainfile308,0.0,3.0,392,birdnet,1024,,0,plasab_song,plasab_song,True,/path/to/data,144000,48000,146,birdnet_3s,single,170,window_embedding
nips4b_birds_trainfile308_2_5,nips4b_birds_trainfile308,2.0,5.0,393,birdnet,1024,,0,plasab_song,plasab_song,True,/path/to/data,144000,48000,146,birdnet_3s,single,170,window_embedding
nips4b_birds_trainfile312_0_3,nips4b_birds_trainfile312,0.0,3.0,394,birdnet,1024,,0,alaarv_song,alaarv_song,True,/path/to/data,144000,48000,18,birdnet_3s,single,170,window_embedding
nips4b_birds_trainfile312_2_5,nips4b_birds_trainfile312,2.0,5.0,395,birdnet,1024,,0,alaarv_song,alaarv_song,True,/path/to/data,144000,48000,18,birdnet_3s,single,170,window_embedding
nips4b_birds_trainfile314_0_3,nips4b_birds_trainfile314,0.0,3.0,396,birdnet,1024,,0,musstr_call,musstr_call,True,/path/to/data,144000,48000,128,birdnet_3s,single,170,window_embedding
nips4b_birds_trainfile314_2_5,nips4b_birds_trainfile314,2.0,5.0,397,birdnet,1024,,0,musstr_call,musstr_call,True,/path/to/data,144000,48000,24,birdnet_3s,single,170,window_embedding
nips4b_birds_trainfile318_0_3,nips4b_birds_trainfile318,0.0,3.0,402,birdnet,1024,,0,cetcet_song,cetcet_song,True,/path/to/data,144000,48000,121,birdnet_3s,single,170,window_embedding
nips4b_birds_trainfile334_0_3,nips4b_birds_trainfile334,0.0,3.0,418,birdnet,1024,,0,strtur_song,strtur_song,True,/path/to/data,144000,48000,8,birdnet_3s,single,170,window_embedding
nips4b_birds_trainfile334_2_5,nips4b_birds_trainfile334,2.0,5.0,419,birdnet,1024,,0,strtur_song,strtur_song,True,/path/to/data,144000,48000,8,birdnet_3s,single,170,window_embedding
nips4b_birds_trainfile342_0_3,nips4b_birds_trainfile342,0.0,3.0,426,birdnet,1024,,0,lularb_song,lularb_song,True,/path/to/data,144000,48000,17,birdnet_3s,single,170,window_embedding
nips4b_birds_trainfile342_2_5,nips4b_birds_trainfile342,2.0,5.0,427,birdnet,1024,,0,lularb_song,lularb_song,True,/path/to/data,144000,48000,17,birdnet_3s,single,170,window_embedding
nips4b_birds_trainfile345_0_3,nips4b_birds_trainfile345,0.0,3.0,428,birdnet,1024,,0,embcir_call,embcir_call,True,/path/to/data,144000,48000,104,birdnet_3s,single,170,window_embedding
nips4b_birds_trainfile345_2_5,nips4b_birds_trainfile345,2.0,5.0,429,birdnet,1024,,0,embcir_call,embcir_call,True,/path/to/data,144000,48000,104,birdnet_3s,single,170,window_embedding
nips4b_birds_trainfile346_0_3,nips4b_birds_trainfile346,0.0,3.0,430,birdnet,1024,,0,sylcan_call,sylcan_call,True,/path/to/data,144000,48000,35,birdnet_3s,single,170,window_embedding
nips4b_birds_trainfile346_2_5,nips4b_birds_trainfile346,2.0,5.0,431,birdnet,1024,,0,sylcan_call,sylcan_call,True,/path/to/data,144000,48000,35,birdnet_3s,single,170,window_embedding
nips4b_birds_trainfile350_0_3,nips4b_birds_trainfile350,0.0,3.0,434,birdnet,1024,,0,carcan_song,carcan_song,True,/path/to/data,144000,48000,56,birdnet_3s,single,170,window_embedding
nips4b_birds_trainfile356_0_3,nips4b_birds_trainfile356,0.0,3.0,436,birdnet,1024,,0,trotro_song,trotro_song,True,/path/to/data,144000,48000,39,birdnet_3s,single,170,window_embedding
nips4b_birds_trainfile362_0_3,nips4b_birds_trainfile362,0.0,3.0,442,birdnet,1024,,0,carcan_call,carcan_call,True,/path/to/data,144000,48000,46,birdnet_3s,single,170,window_embedding
nips4b_birds_trainfile362_2_5,nips4b_birds_trainfile362,2.0,5.0,443,birdnet,1024,,0,carcan_call,carcan_call,True,/path/to/data,144000,48000,46,birdnet_3s,single,170,window_embedding
nips4b_birds_trainfile363_0_3,nips4b_birds_trainfile363,0.0,3.0,444,birdnet,1024,,0,strdec_song,strdec_song,True,/path/to/data,144000,48000,81,birdnet_3s,single,170,window_embedding
nips4b_birds_trainfile363_2_5,nips4b_birds_trainfile363,2.0,5.0,445,birdnet,1024,,0,strdec_song,strdec_song,True,/path/to/data,144000,48000,81,birdnet_3s,single,170,window_embedding
nips4b_birds_trainfile367_0_3,nips4b_birds_trainfile367,0.0,3.0,450,birdnet,1024,,0,cerbra_song,cerbra_song,True,/path/to/data,144000,48000,154,birdnet_3s,single,170,window_embedding
nips4b_birds_trainfile372_0_3,nips4b_birds_trainfile372,0.0,3.0,456,birdnet,1024,,0,carcan_call,carcan_call,True,/path/to/data,144000,48000,46,birdnet_3s,single,170,window_embedding
nips4b_birds_trainfile372_2_5,nips4b_birds_trainfile372,2.0,5.0,457,birdnet,1024,,0,carcan_call,carcan_call,True,/path/to/data,144000,48000,120,birdnet_3s,single,170,window_embedding
nips4b_birds_trainfile373_0_3,nips4b_birds_trainfile373,0.0,3.0,458,birdnet,1024,,0,fricoe_song,fricoe_song,True,/path/to/data,144000,48000,56,birdnet_3s,single,170,window_embedding
nips4b_birds_trainfile378_0_3,nips4b_birds_trainfile378,0.0,3.0,468,birdnet,1024,,0,poepal_song,poepal_song,True,/path/to/data,144000,48000,17,birdnet_3s,single,170,window_embedding
nips4b_birds_trainfile378_2_5,nips4b_birds_trainfile378,2.0,5.0,469,birdnet,1024,,0,poepal_song,poepal_song,True,/path/to/data,144000,48000,38,birdnet_3s,single,170,window_embedding
nips4b_birds_trainfile379_0_3,nips4b_birds_trainfile379,0.0,3.0,470,birdnet,1024,,0,sylmel_song,sylmel_song,True,/path/to/data,144000,48000,38,birdnet_3s,single,170,window_embedding
nips4b_birds_trainfile379_2_5,nips4b_birds_trainfile379,2.0,5.0,471,birdnet,1024,,0,sylmel_song,sylmel_song,True,/path/to/data,144000,48000,38,birdnet_3s,single,170,window_embedding
nips4b_birds_trainfile382_0_3,nips4b_birds_trainfile382,0.0,3.0,474,birdnet,1024,,0,stuvul_call,stuvul_call,True,/path/to/data,144000,48000,36,birdnet_3s,single,170,window_embedding
nips4b_birds_trainfile385_0_3,nips4b_birds_trainfile385,0.0,3.0,480,birdnet,1024,,0,cetcet_song,cetcet_song,True,/path/to/data,144000,48000,6,birdnet_3s,single,170,window_embedding
nips4b_birds_trainfile386_0_3,nips4b_birds_trainfile386,0.0,3.0,482,birdnet,1024,,0,sylmel_call,sylmel_call,True,/path/to/data,144000,48000,49,birdnet_3s,single,170,window_embedding
nips4b_birds_trainfile386_2_5,nips4b_birds_trainfile386,2.0,5.0,483,birdnet,1024,,0,sylmel_call,sylmel_call,True,/path/to/data,144000,48000,49,birdnet_3s,single,170,window_embedding
nips4b_birds_trainfile387_0_3,nips4b_birds_trainfile387,0.0,3.0,484,birdnet,1024,,0,turphi_call,turphi_call,True,/path/to/data,144000,48000,16,birdnet_3s,single,170,window_embedding
nips4b_birds_trainfile387_2_5,nips4b_birds_trainfile387,2.0,5.0,485,birdnet,1024,,0,turphi_call,turphi_call,True,/path/to/data,144000,48000,45,birdnet_3s,single,170,window_embedding
nips4b_birds_trainfile388_2_5,nips4b_birds_trainfile388,2.0,5.0,487,birdnet,1024,,0,poepal_song,poepal_song,True,/path/to/data,144000,48000,55,birdnet_3s,single,170,window_embedding
nips4b_birds_trainfile393_0_3,nips4b_birds_trainfile393,0.0,3.0,492,birdnet,1024,,0,sylmel_call,sylmel_call,True,/path/to/data,144000,48000,138,birdnet_3s,single,170,window_embedding
nips4b_birds_trainfile393_2_5,nips4b_birds_trainfile393,2.0,5.0,493,birdnet,1024,,0,sylmel_call,sylmel_call,True,/path/to/data,144000,48000,32,birdnet_3s,single,170,window_embedding
nips4b_birds_trainfile401_0_3,nips4b_birds_trainfile401,0.0,3.0,500,birdnet,1024,,0,petpet_call,petpet_call,True,/path/to/data,144000,48000,47,birdnet_3s,single,170,window_embedding
nips4b_birds_trainfile401_2_5,nips4b_birds_trainfile401,2.0,5.0,501,birdnet,1024,,0,petpet_call,petpet_call,True,/path/to/data,144000,48000,47,birdnet_3s,single,170,window_embedding
nips4b_birds_trainfile403_0_3,nips4b_birds_trainfile403,0.0,3.0,504,birdnet,1024,,0,tetpyg_song,tetpyg_song,True,/path/to/data,144000,48000,101,birdnet_3s,single,170,window_embedding
nips4b_birds_trainfile403_2_5,nips4b_birds_trainfile403,2.0,5.0,505,birdnet,1024,,0,tetpyg_song,tetpyg_song,True,/path/to/data,144000,48000,101,birdnet_3s,single,170,window_embedding
nips4b_birds_trainfile406_0_3,nips4b_birds_trainfile406,0.0,3.0,506,birdnet,1024,,0,cetcet_song,cetcet_song,True,/path/to/data,144000,48000,121,birdnet_3s,single,170,window_embedding
nips4b_birds_trainfile411_2_5,nips4b_birds_trainfile411,2.0,5.0,511,birdnet,1024,,0,strtur_song,strtur_song,True,/path/to/data,144000,48000,8,birdnet_3s,single,170,window_embedding
nips4b_birds_trainfile413_0_3,nips4b_birds_trainfile413,0.0,3.0,514,birdnet,1024,,0,galcri_call,galcri_call,True,/path/to/data,144000,48000,0,birdnet_3s,single,170,window_embedding
nips4b_birds_trainfile413_2_5,nips4b_birds_trainfile413,2.0,5.0,515,birdnet,1024,,0,galcri_call,galcri_call,True,/path/to/data,144000,48000,12,birdnet_3s,single,170,window_embedding
nips4b_birds_trainfile414_0_3,nips4b_birds_trainfile414,0.0,3.0,516,birdnet,1024,,0,turphi_song,turphi_song,True,/path/to/data,144000,48000,19,birdnet_3s,single,170,window_embedding
nips4b_birds_trainfile414_2_5,nips4b_birds_trainfile414,2.0,5.0,517,birdnet,1024,,0,turphi_song,turphi_song,True,/path/to/data,144000,48000,56,birdnet_3s,single,170,window_embedding
nips4b_birds_trainfile416_0_3,nips4b_birds_trainfile416,0.0,3.0,518,birdnet,1024,,0,sylatr_call,sylatr_call,True,/path/to/data,144000,48000,7,birdnet_3s,single,170,window_embedding
nips4b_birds_trainfile416_2_5,nips4b_birds_trainfile416,2.0,5.0,519,birdnet,1024,,0,sylatr_call,sylatr_call,True,/path/to/data,144000,48000,7,birdnet_3s,single,170,window_embedding
nips4b_birds_trainfile418_0_3,nips4b_birds_trainfile418,0.0,3.0,522,birdnet,1024,,0,lopcri_call,lopcri_call,True,/path/to/data,144000,48000,56,birdnet_3s,single,170,window_embedding
nips4b_birds_trainfile419_0_3,nips4b_birds_trainfile419,0.0,3.0,524,birdnet,1024,,0,sylcan_call,sylcan_call,True,/path/to/data,144000,48000,140,birdnet_3s,single,170,window_embedding
nips4b_birds_trainfile419_2_5,nips4b_birds_trainfile419,2.0,5.0,525,birdnet,1024,,0,sylcan_call,sylcan_call,True,/path/to/data,144000,48000,56,birdnet_3s,single,170,window_embedding
nips4b_birds_trainfile429_2_5,nips4b_birds_trainfile429,2.0,5.0,533,birdnet,1024,,0,serser_call,serser_call,True,/path/to/data,144000,48000,63,birdnet_3s,single,170,window_embedding
nips4b_birds_trainfile430_0_3,nips4b_birds_trainfile430,0.0,3.0,534,birdnet,1024,,0,jyntor_song,jyntor_song,True,/path/to/data,144000,48000,136,birdnet_3s,single,170,window_embedding
nips4b_birds_trainfile435_2_5,nips4b_birds_trainfile435,2.0,5.0,541,birdnet,1024,,0,sylcan_call,sylcan_call,True,/path/to/data,144000,48000,56,birdnet_3s,single,170,window_embedding
nips4b_birds_trainfile438_0_3,nips4b_birds_trainfile438,0.0,3.0,544,birdnet,1024,,0,regign_song,regign_song,True,/path/to/data,144000,48000,74,birdnet_3s,single,170,window_embedding
nips4b_birds_trainfile438_2_5,nips4b_birds_trainfile438,2.0,5.0,545,birdnet,1024,,0,regign_song,regign_song,True,/path/to/data,144000,48000,14,birdnet_3s,single,170,window_embedding
nips4b_birds_trainfile444_0_3,nips4b_birds_trainfile444,0.0,3.0,554,birdnet,1024,,0,sylcan_call,sylcan_call,True,/path/to/data,144000,48000,160,birdnet_3s,single,170,window_embedding
nips4b_birds_trainfile444_2_5,nips4b_birds_trainfile444,2.0,5.0,555,birdnet,1024,,0,sylcan_call,sylcan_call,True,/path/to/data,144000,48000,35,birdnet_3s,single,170,window_embedding
nips4b_birds_trainfile445_0_3,nips4b_birds_trainfile445,0.0,3.0,556,birdnet,1024,,0,fricoe_call,fricoe_call,True,/path/to/data,144000,48000,72,birdnet_3s,single,170,window_embedding
nips4b_birds_trainfile448_2_5,nips4b_birds_trainfile448,2.0,5.0,561,birdnet,1024,,0,carcan_song,carcan_song,True,/path/to/data,144000,48000,9,birdnet_3s,single,170,window_embedding
nips4b_birds_trainfile451_0_3,nips4b_birds_trainfile451,0.0,3.0,564,birdnet,1024,,0,sylatr_call,sylatr_call,True,/path/to/data,144000,48000,163,birdnet_3s,single,170,window_embedding
nips4b_birds_trainfile451_2_5,nips4b_birds_trainfile451,2.0,5.0,565,birdnet,1024,,0,sylatr_call,sylatr_call,True,/path/to/data,144000,48000,161,birdnet_3s,single,170,window_embedding
nips4b_birds_trainfile455_0_3,nips4b_birds_trainfile455,0.0,3.0,572,birdnet,1024,,0,sylund_call,sylund_call,True,/path/to/data,144000,48000,28,birdnet_3s,single,170,window_embedding
nips4b_birds_trainfile455_2_5,nips4b_birds_trainfile455,2.0,5.0,573,birdnet,1024,,0,sylund_call,sylund_call,True,/path/to/data,144000,48000,132,birdnet_3s,single,170,window_embedding
nips4b_birds_trainfile459_2_5,nips4b_birds_trainfile459,2.0,5.0,575,birdnet,1024,,0,parate_song,parate_song,True,/path/to/data,144000,48000,75,birdnet_3s,single,170,window_embedding
nips4b_birds_trainfile461_0_3,nips4b_birds_trainfile461,0.0,3.0,576,birdnet,1024,,0,turmer_song,turmer_song,True,/path/to/data,144000,48000,17,birdnet_3s,single,170,window_embedding
nips4b_birds_trainfile462_0_3,nips4b_birds_trainfile462,0.0,3.0,578,birdnet,1024,,0,lusmeg_song,lusmeg_song,True,/path/to/data,144000,48000,100,birdnet_3s,single,170,window_embedding
nips4b_birds_trainfile462_2_5,nips4b_birds_trainfile462,2.0,5.0,579,birdnet,1024,,0,cetcet_song,cetcet_song,True,/path/to/data,144000,48000,145,birdnet_3s,single,170,window_embedding
nips4b_birds_trainfile464_2_5,nips4b_birds_trainfile464,2.0,5.0,581,birdnet,1024,,0,embcir_call,embcir_call,True,/path/to/data,144000,48000,16,birdnet_3s,single,170,window_embedding
nips4b_birds_trainfile466_0_3,nips4b_birds_trainfile466,0.0,3.0,584,birdnet,1024,,0,turmer_song,turmer_song,True,/path/to/data,144000,48000,17,birdnet_3s,single,170,window_embedding
nips4b_birds_trainfile469_0_3,nips4b_birds_trainfile469,0.0,3.0,588,birdnet,1024,,0,plaaff_song,plaaff_song,True,/path/to/data,144000,48000,130,birdnet_3s,single,170,window_embedding
nips4b_birds_trainfile473_0_3,nips4b_birds_trainfile473,0.0,3.0,590,birdnet,1024,,0,sylatr_call,sylatr_call,True,/path/to/data,144000,48000,69,birdnet_3s,single,170,window_embedding
nips4b_birds_trainfile473_2_5,nips4b_birds_trainfile473,2.0,5.0,591,birdnet,1024,,0,parcae_call,parcae_call,True,/path/to/data,144000,48000,105,birdnet_3s,single,170,window_embedding
nips4b_birds_trainfile474_0_3,nips4b_birds_trainfile474,0.0,3.0,592,birdnet,1024,,0,galthe_song,galthe_song,True,/path/to/data,144000,48000,30,birdnet_3s,single,170,window_embedding
nips4b_birds_trainfile474_2_5,nips4b_birds_trainfile474,2.0,5.0,593,birdnet,1024,,0,galthe_song,galthe_song,True,/path/to/data,144000,48000,30,birdnet_3s,single,170,window_embedding
nips4b_birds_trainfile481_2_5,nips4b_birds_trainfile481,2.0,5.0,601,birdnet,1024,,0,lopcri_call,lopcri_call,True,/path/to/data,144000,48000,106,birdnet_3s,single,170,window_embedding
nips4b_birds_trainfile488_0_3,nips4b_birds_trainfile488,0.0,3.0,608,birdnet,1024,,0,sylund_song,sylund_song,True,/path/to/data,144000,48000,91,birdnet_3s,single,170,window_embedding
nips4b_birds_trainfile488_2_5,nips4b_birds_trainfile488,2.0,5.0,609,birdnet,1024,,0,sylund_song,sylund_song,True,/path/to/data,144000,48000,125,birdnet_3s,single,170,window_embedding
nips4b_birds_trainfile493_0_3,nips4b_birds_trainfile493,0.0,3.0,616,birdnet,1024,,0,sylund_song,sylund_song,True,/path/to/data,144000,48000,51,birdnet_3s,single,170,window_embedding
nips4b_birds_trainfile495_0_3,nips4b_birds_trainfile495,0.0,3.0,618,birdnet,1024,,0,carcan_song,carcan_song,True,/path/to/data,144000,48000,56,birdnet_3s,single,170,window_embedding
nips4b_birds_trainfile495_2_5,nips4b_birds_trainfile495,2.0,5.0,619,birdnet,1024,,0,carcan_song,carcan_song,True,/path/to/data,144000,48000,56,birdnet_3s,single,170,window_embedding
nips4b_birds_trainfile496_0_3,nips4b_birds_trainfile496,0.0,3.0,620,birdnet,1024,,0,sylcan_song,sylcan_song,True,/path/to/data,144000,48000,5,birdnet_3s,single,170,window_embedding
nips4b_birds_trainfile496_2_5,nips4b_birds_trainfile496,2.0,5.0,621,birdnet,1024,,0,sylcan_song,sylcan_song,True,/path/to/data,144000,48000,5,birdnet_3s,single,170,window_embedding
nips4b_birds_trainfile497_0_3,nips4b_birds_trainfile497,0.0,3.0,622,birdnet,1024,,0,galthe_song,galthe_song,True,/path/to/data,144000,48000,73,birdnet_3s,single,170,window_embedding
nips4b_birds_trainfile497_2_5,nips4b_birds_trainfile497,2.0,5.0,623,birdnet,1024,,0,galthe_song,galthe_song,True,/path/to/data,144000,48000,148,birdnet_3s,single,170,window_embedding
nips4b_birds_trainfile507_0_3,nips4b_birds_trainfile507,0.0,3.0,642,birdnet,1024,,0,chlchl_call,chlchl_call,True,/path/to/data,144000,48000,44,birdnet_3s,single,170,window_embedding
nips4b_birds_trainfile507_2_5,nips4b_birds_trainfile507,2.0,5.0,643,birdnet,1024,,0,chlchl_call,chlchl_call,True,/path/to/data,144000,48000,44,birdnet_3s,single,170,window_embedding
nips4b_birds_trainfile510_0_3,nips4b_birds_trainfile510,0.0,3.0,646,birdnet,1024,,0,turphi_call,turphi_call,True,/path/to/data,144000,48000,147,birdnet_3s,single,170,window_embedding
nips4b_birds_trainfile510_2_5,nips4b_birds_trainfile510,2.0,5.0,647,birdnet,1024,,0,turphi_call,turphi_call,True,/path/to/data,144000,48000,13,birdnet_3s,single,170,window_embedding
nips4b_birds_trainfile517_0_3,nips4b_birds_trainfile517,0.0,3.0,652,birdnet,1024,,0,sylcan_call,sylcan_call,True,/path/to/data,144000,48000,160,birdnet_3s,single,170,window_embedding
nips4b_birds_trainfile517_2_5,nips4b_birds_trainfile517,2.0,5.0,653,birdnet,1024,,0,sylcan_call,sylcan_call,True,/path/to/data,144000,48000,160,birdnet_3s,single,170,window_embedding
nips4b_birds_trainfile519_0_3,nips4b_birds_trainfile519,0.0,3.0,654,birdnet,1024,,0,carcan_song,carcan_song,True,/path/to/data,144000,48000,56,birdnet_3s,single,170,window_embedding
nips4b_birds_trainfile521_0_3,nips4b_birds_trainfile521,0.0,3.0,656,birdnet,1024,,0,carcan_song,carcan_song,True,/path/to/data,144000,48000,56,birdnet_3s,single,170,window_embedding
nips4b_birds_trainfile522_0_3,nips4b_birds_trainfile522,0.0,3.0,658,birdnet,1024,,0,plaaff_song,plaaff_song,True,/path/to/data,144000,48000,156,birdnet_3s,single,170,window_embedding
nips4b_birds_trainfile522_2_5,nips4b_birds_trainfile522,2.0,5.0,659,birdnet,1024,,0,plaaff_song,plaaff_song,True,/path/to/data,144000,48000,53,birdnet_3s,single,170,window_embedding
nips4b_birds_trainfile523_0_3,nips4b_birds_trainfile523,0.0,3.0,660,birdnet,1024,,0,sylmel_call,sylmel_call,True,/path/to/data,144000,48000,56,birdnet_3s,single,170,window_embedding
nips4b_birds_trainfile525_2_5,nips4b_birds_trainfile525,2.0,5.0,663,birdnet,1024,,0,phycol_call,phycol_call,True,/path/to/data,144000,48000,56,birdnet_3s,single,170,window_embedding
nips4b_birds_trainfile527_0_3,nips4b_birds_trainfile527,0.0,3.0,666,birdnet,1024,,0,sylcan_call,sylcan_call,True,/path/to/data,144000,48000,16,birdnet_3s,single,170,window_embedding
nips4b_birds_trainfile527_2_5,nips4b_birds_trainfile527,2.0,5.0,667,birdnet,1024,,0,sylcan_call,sylcan_call,True,/path/to/data,144000,48000,162,birdnet_3s,single,170,window_embedding
nips4b_birds_trainfile536_2_5,nips4b_birds_trainfile536,2.0,5.0,673,birdnet,1024,,0,parcae_call,parcae_call,True,/path/to/data,144000,48000,112,birdnet_3s,single,170,window_embedding
nips4b_birds_trainfile538_0_3,nips4b_birds_trainfile538,0.0,3.0,674,birdnet,1024,,0,musstr_call,musstr_call,True,/path/to/data,144000,48000,3,birdnet_3s,single,170,window_embedding
nips4b_birds_trainfile538_2_5,nips4b_birds_trainfile538,2.0,5.0,675,birdnet,1024,,0,musstr_call,musstr_call,True,/path/to/data,144000,48000,3,birdnet_3s,single,170,window_embedding
nips4b_birds_trainfile539_0_3,nips4b_birds_trainfile539,0.0,3.0,676,birdnet,1024,,0,lularb_song,lularb_song,True,/path/to/data,144000,48000,108,birdnet_3s,single,170,window_embedding
nips4b_birds_trainfile543_0_3,nips4b_birds_trainfile543,0.0,3.0,680,birdnet,1024,,0,plaaff_song,plaaff_song,True,/path/to/data,144000,48000,26,birdnet_3s,single,170,window_embedding
nips4b_birds_trainfile543_2_5,nips4b_birds_trainfile543,2.0,5.0,681,birdnet,1024,,0,plaaff_song,plaaff_song,True,/path/to/data,144000,48000,109,birdnet_3s,single,170,window_embedding
nips4b_birds_trainfile549_0_3,nips4b_birds_trainfile549,0.0,3.0,682,birdnet,1024,,0,galcri_song,galcri_song,True,/path/to/data,144000,48000,31,birdnet_3s,single,170,window_embedding
nips4b_birds_trainfile549_2_5,nips4b_birds_trainfile549,2.0,5.0,683,birdnet,1024,,0,galcri_song,galcri_song,True,/path/to/data,144000,48000,50,birdnet_3s,single,170,window_embedding
nips4b_birds_trainfile557_0_3,nips4b_birds_trainfile557,0.0,3.0,692,birdnet,1024,,0,sylund_call,sylund_call,True,/path/to/data,144000,48000,118,birdnet_3s,single,170,window_embedding
nips4b_birds_trainfile557_2_5,nips4b_birds_trainfile557,2.0,5.0,693,birdnet,1024,,0,sylund_call,sylund_call,True,/path/to/data,144000,48000,165,birdnet_3s,single,170,window_embedding
nips4b_birds_trainfile558_0_3,nips4b_birds_trainfile558,0.0,3.0,694,birdnet,1024,,0,galcri_song,galcri_song,True,/path/to/data,144000,48000,89,birdnet_3s,single,170,window_embedding
nips4b_birds_trainfile560_0_3,nips4b_birds_trainfile560,0.0,3.0,696,birdnet,1024,,0,sylcan_call,sylcan_call,True,/path/to/data,144000,48000,56,birdnet_3s,single,170,window_embedding
nips4b_birds_trainfile560_2_5,nips4b_birds_trainfile560,2.0,5.0,697,birdnet,1024,,0,sylcan_call,sylcan_call,True,/path/to/data,144000,48000,56,birdnet_3s,single,170,window_embedding
nips4b_birds_trainfile562_0_3,nips4b_birds_trainfile562,0.0,3.0,698,birdnet,1024,,0,lularb_song,lularb_song,True,/path/to/data,144000,48000,104,birdnet_3s,single,170,window_embedding
nips4b_birds_trainfile564_0_3,nips4b_birds_trainfile564,0.0,3.0,700,birdnet,1024,,0,galthe_song,galthe_song,True,/path/to/data,144000,48000,30,birdnet_3s,single,170,window_embedding
nips4b_birds_trainfile564_2_5,nips4b_birds_trainfile564,2.0,5.0,701,birdnet,1024,,0,galthe_song,galthe_song,True,/path/to/data,144000,48000,149,birdnet_3s,single,170,window_embedding
nips4b_birds_trainfile584_0_3,nips4b_birds_trainfile584,0.0,3.0,720,birdnet,1024,,0,galcri_call,galcri_call,True,/path/to/data,144000,48000,152,birdnet_3s,single,170,window_embedding
nips4b_birds_trainfile584_2_5,nips4b_birds_trainfile584,2.0,5.0,721,birdnet,1024,,0,galcri_call,galcri_call,True,/path/to/data,144000,48000,137,birdnet_3s,single,170,window_embedding
nips4b_birds_trainfile596_0_3,nips4b_birds_trainfile596,0.0,3.0,734,birdnet,1024,,0,turphi_call,turphi_call,True,/path/to/data,144000,48000,107,birdnet_3s,single,170,window_embedding
nips4b_birds_trainfile596_2_5,nips4b_birds_trainfile596,2.0,5.0,735,birdnet,1024,,0,turphi_call,turphi_call,True,/path/to/data,144000,48000,16,birdnet_3s,single,170,window_embedding
nips4b_birds_trainfile597_0_3,nips4b_birds_trainfile597,0.0,3.0,736,birdnet,1024,,0,strtur_song,strtur_song,True,/path/to/data,144000,48000,57,birdnet_3s,single,170,window_embedding
nips4b_birds_trainfile597_2_5,nips4b_birds_trainfile597,2.0,5.0,737,birdnet,1024,,0,strtur_song,strtur_song,True,/path/to/data,144000,48000,57,birdnet_3s,single,170,window_embedding
nips4b_birds_trainfile608_0_3,nips4b_birds_trainfile608,0.0,3.0,740,birdnet,1024,,0,petpet_call,petpet_call,True,/path/to/data,144000,48000,47,birdnet_3s,single,170,window_embedding
nips4b_birds_trainfile608_2_5,nips4b_birds_trainfile608,2.0,5.0,741,birdnet,1024,,0,petpet_call,petpet_call,True,/path/to/data,144000,48000,95,birdnet_3s,single,170,window_embedding
nips4b_birds_trainfile612_0_3,nips4b_birds_trainfile612,0.0,3.0,748,birdnet,1024,,0,sylcan_song,sylcan_song,True,/path/to/data,144000,48000,56,birdnet_3s,single,170,window_embedding
nips4b_birds_trainfile614_2_5,nips4b_birds_trainfile614,2.0,5.0,751,birdnet,1024,,0,sylmel_call,sylmel_call,True,/path/to/data,144000,48000,110,birdnet_3s,single,170,window_embedding
nips4b_birds_trainfile618_0_3,nips4b_birds_trainfile618,0.0,3.0,758,birdnet,1024,,0,sylund_song,sylund_song,True,/path/to/data,144000,48000,56,birdnet_3s,single,170,window_embedding
nips4b_birds_trainfile618_2_5,nips4b_birds_trainfile618,2.0,5.0,759,birdnet,1024,,0,sylund_song,sylund_song,True,/path/to/data,144000,48000,119,birdnet_3s,single,170,window_embedding
nips4b_birds_trainfile625_2_5,nips4b_birds_trainfile625,2.0,5.0,761,birdnet,1024,,0,sylmel_call,sylmel_call,True,/path/to/data,144000,48000,23,birdnet_3s,single,170,window_embedding
nips4b_birds_trainfile630_0_3,nips4b_birds_trainfile630,0.0,3.0,768,birdnet,1024,,0,petpet_call,petpet_call,True,/path/to/data,144000,48000,56,birdnet_3s,single,170,window_embedding
nips4b_birds_trainfile630_2_5,nips4b_birds_trainfile630,2.0,5.0,769,birdnet,1024,,0,petpet_call,petpet_call,True,/path/to/data,144000,48000,158,birdnet_3s,single,170,window_embedding
nips4b_birds_trainfile631_0_3,nips4b_birds_trainfile631,0.0,3.0,770,birdnet,1024,,0,butbut_call,butbut_call,True,/path/to/data,144000,48000,11,birdnet_3s,single,170,window_embedding
nips4b_birds_trainfile631_2_5,nips4b_birds_trainfile631,2.0,5.0,771,birdnet,1024,,0,hirrus_call,hirrus_call,True,/path/to/data,144000,48000,29,birdnet_3s,single,170,window_embedding
nips4b_birds_trainfile633_2_5,nips4b_birds_trainfile633,2.0,5.0,773,birdnet,1024,,0,parate_song,parate_song,True,/path/to/data,144000,48000,56,birdnet_3s,single,170,window_embedding
nips4b_birds_trainfile634_0_3,nips4b_birds_trainfile634,0.0,3.0,774,birdnet,1024,,0,carcan_song,carcan_song,True,/path/to/data,144000,48000,56,birdnet_3s,single,170,window_embedding
nips4b_birds_trainfile636_0_3,nips4b_birds_trainfile636,0.0,3.0,778,birdnet,1024,,0,sylund_song,sylund_song,True,/path/to/data,144000,48000,51,birdnet_3s,single,170,window_embedding
nips4b_birds_trainfile637_0_3,nips4b_birds_trainfile637,0.0,3.0,780,birdnet,1024,,0,sylmel_song,sylmel_song,True,/path/to/data,144000,48000,38,birdnet_3s,single,170,window_embedding
nips4b_birds_trainfile637_2_5,nips4b_birds_trainfile637,2.0,5.0,781,birdnet,1024,,0,sylmel_song,sylmel_song,True,/path/to/data,144000,48000,102,birdnet_3s,single,170,window_embedding
nips4b_birds_trainfile638_0_3,nips4b_birds_trainfile638,0.0,3.0,782,birdnet,1024,,0,galthe_song,galthe_song,True,/path/to/data,144000,48000,10,birdnet_3s,single,170,window_embedding
nips4b_birds_trainfile638_2_5,nips4b_birds_trainfile638,2.0,5.0,783,birdnet,1024,,0,galthe_song,galthe_song,True,/path/to/data,144000,48000,10,birdnet_3s,single,170,window_embedding
nips4b_birds_trainfile644_0_3,nips4b_birds_trainfile644,0.0,3.0,788,birdnet,1024,,0,alaarv_song,alaarv_song,True,/path/to/data,144000,48000,18,birdnet_3s,single,170,window_embedding
nips4b_birds_trainfile644_2_5,nips4b_birds_trainfile644,2.0,5.0,789,birdnet,1024,,0,alaarv_song,alaarv_song,True,/path/to/data,144000,48000,113,birdnet_3s,single,170,window_embedding
nips4b_birds_trainfile645_0_3,nips4b_birds_trainfile645,0.0,3.0,790,birdnet,1024,,0,galcri_call,galcri_call,True,/path/to/data,144000,48000,70,birdnet_3s,single,170,window_embedding
nips4b_birds_trainfile647_0_3,nips4b_birds_trainfile647,0.0,3.0,792,birdnet,1024,,0,sylund_song,sylund_song,True,/path/to/data,144000,48000,56,birdnet_3s,single,170,window_embedding
nips4b_birds_trainfile647_2_5,nips4b_birds_trainfile647,2.0,5.0,793,birdnet,1024,,0,sylund_song,sylund_song,True,/path/to/data,144000,48000,56,birdnet_3s,single,170,window_embedding
nips4b_birds_trainfile648_2_5,nips4b_birds_trainfile648,2.0,5.0,795,birdnet,1024,,0,petpet_song,petpet_song,True,/path/to/data,144000,48000,103,birdnet_3s,single,170,window_embedding
nips4b_birds_trainfile652_0_3,nips4b_birds_trainfile652,0.0,3.0,800,birdnet,1024,,0,sylcan_call,sylcan_call,True,/path/to/data,144000,48000,2,birdnet_3s,single,170,window_embedding
nips4b_birds_trainfile652_2_5,nips4b_birds_trainfile652,2.0,5.0,801,birdnet,1024,,0,sylcan_call,sylcan_call,True,/path/to/data,144000,48000,2,birdnet_3s,single,170,window_embedding
nips4b_birds_trainfile653_2_5,nips4b_birds_trainfile653,2.0,5.0,803,birdnet,1024,,0,turphi_song,turphi_song,True,/path/to/data,144000,48000,107,birdnet_3s,single,170,window_embedding
nips4b_birds_trainfile656_0_3,nips4b_birds_trainfile656,0.0,3.0,808,birdnet,1024,,0,carcar_song,carcar_song,True,/path/to/data,144000,48000,81,birdnet_3s,single,170,window_embedding
nips4b_birds_trainfile656_2_5,nips4b_birds_trainfile656,2.0,5.0,809,birdnet,1024,,0,carcar_song,carcar_song,True,/path/to/data,144000,48000,81,birdnet_3s,single,170,window_embedding
nips4b_birds_trainfile657_0_3,nips4b_birds_trainfile657,0.0,3.0,810,birdnet,1024,,0,oriori_call,oriori_call,True,/path/to/data,144000,48000,29,birdnet_3s,single,170,window_embedding
nips4b_birds_trainfile657_2_5,nips4b_birds_trainfile657,2.0,5.0,811,birdnet,1024,,0,oriori_call,oriori_call,True,/path/to/data,144000,48000,29,birdnet_3s,single,170,window_embedding
nips4b_birds_trainfile659_0_3,nips4b_birds_trainfile659,0.0,3.0,814,birdnet,1024,,0,petpet_call,petpet_call,True,/path/to/data,144000,48000,47,birdnet_3s,single,170,window_embedding
nips4b_birds_trainfile659_2_5,nips4b_birds_trainfile659,2.0,5.0,815,birdnet,1024,,0,petpet_call,petpet_call,True,/path/to/data,144000,48000,86,birdnet_3s,single,170,window_embedding
nips4b_birds_trainfile660_0_3,nips4b_birds_trainfile660,0.0,3.0,816,birdnet,1024,,0,trotro_song,trotro_song,True,/path/to/data,144000,48000,39,birdnet_3s,single,170,window_embedding
nips4b_birds_trainfile664_0_3,nips4b_birds_trainfile664,0.0,3.0,818,birdnet,1024,,0,sylund_song,sylund_song,True,/path/to/data,144000,48000,51,birdnet_3s,single,170,window_embedding
nips4b_birds_trainfile664_2_5,nips4b_birds_trainfile664,2.0,5.0,819,birdnet,1024,,0,sylund_song,sylund_song,True,/path/to/data,144000,48000,116,birdnet_3s,single,170,window_embedding
nips4b_birds_trainfile668_0_3,nips4b_birds_trainfile668,0.0,3.0,822,birdnet,1024,,0,aegcau_call,aegcau_call,True,/path/to/data,144000,48000,85,birdnet_3s,single,170,window_embedding
nips4b_birds_trainfile671_0_3,nips4b_birds_trainfile671,0.0,3.0,826,birdnet,1024,,0,sylund_song,sylund_song,True,/path/to/data,144000,48000,25,birdnet_3s,single,170,window_embedding
nips4b_birds_trainfile672_0_3,nips4b_birds_trainfile672,0.0,3.0,828,birdnet,1024,,0,pyrpyr_call,pyrpyr_call,True,/path/to/data,144000,48000,84,birdnet_3s,single,170,window_embedding
nips4b_birds_trainfile672_2_5,nips4b_birds_trainfile672,2.0,5.0,829,birdnet,1024,,0,pyrpyr_call,pyrpyr_call,True,/path/to/data,144000,48000,84,birdnet_3s,single,170,window_embedding
nips4b_birds_trainfile682_0_3,nips4b_birds_trainfile682,0.0,3.0,842,birdnet,1024,,0,sylund_song,sylund_song,True,/path/to/data,144000,48000,51,birdnet_3s,single,170,window_embedding
nips4b_birds_trainfile682_2_5,nips4b_birds_trainfile682,2.0,5.0,843,birdnet,1024,,0,sylund_song,sylund_song,True,/path/to/data,144000,48000,114,birdnet_3s,single,170,window_embedding
nips4b_birds_trainfile002_0_5,nips4b_birds_trainfile002,0.0,5.0,1,perch,1536,,0,sylmel_song,sylmel_song,True,/path/to/data,160000,32000,0,perch_5s,single,60,window_embedding
nips4b_birds_trainfile008_0_5,nips4b_birds_trainfile008,0.0,5.0,6,perch,1536,,0,galthe_call,galthe_call,True,/path/to/data,160000,32000,32,perch_5s,single,60,window_embedding
nips4b_birds_trainfile013_0_5,nips4b_birds_trainfile013,0.0,5.0,9,perch,1536,,0,sylund_song,sylund_song,True,/path/to/data,160000,32000,0,perch_5s,single,60,window_embedding
nips4b_birds_trainfile016_0_5,nips4b_birds_trainfile016,0.0,5.0,11,perch,1536,,0,cetcet_song,cetcet_song,True,/path/to/data,160000,32000,53,perch_5s,single,60,window_embedding
nips4b_birds_trainfile021_0_5,nips4b_birds_trainfile021,0.0,5.0,13,perch,1536,,0,fricoe_song,fricoe_song,True,/path/to/data,160000,32000,8,perch_5s,single,60,window_embedding
nips4b_birds_trainfile023_0_5,nips4b_birds_trainfile023,0.0,5.0,14,perch,1536,,0,galthe_call,galthe_call,True,/path/to/data,160000,32000,7,perch_5s,single,60,window_embedding
nips4b_birds_trainfile029_0_5,nips4b_birds_trainfile029,0.0,5.0,17,perch,1536,,0,sylmel_call,sylmel_call,True,/path/to/data,160000,32000,14,perch_5s,single,60,window_embedding
nips4b_birds_trainfile033_0_5,nips4b_birds_trainfile033,0.0,5.0,20,perch,1536,,0,galthe_song,galthe_song,True,/path/to/data,160000,32000,5,perch_5s,single,60,window_embedding
nips4b_birds_trainfile035_0_5,nips4b_birds_trainfile035,0.0,5.0,22,perch,1536,,0,regign_song,regign_song,True,/path/to/data,160000,32000,39,perch_5s,single,60,window_embedding
nips4b_birds_trainfile037_0_5,nips4b_birds_trainfile037,0.0,5.0,24,perch,1536,,0,sylund_call,sylund_call,True,/path/to/data,160000,32000,36,perch_5s,single,60,window_embedding
nips4b_birds_trainfile041_0_5,nips4b_birds_trainfile041,0.0,5.0,27,perch,1536,,0,phycol_call,phycol_call,True,/path/to/data,160000,32000,47,perch_5s,single,60,window_embedding
nips4b_birds_trainfile046_0_5,nips4b_birds_trainfile046,0.0,5.0,31,perch,1536,,0,sylatr_call,sylatr_call,True,/path/to/data,160000,32000,14,perch_5s,single,60,window_embedding
nips4b_birds_trainfile048_0_5,nips4b_birds_trainfile048,0.0,5.0,33,perch,1536,,0,carcan_song,carcan_song,True,/path/to/data,160000,32000,52,perch_5s,single,60,window_embedding
nips4b_birds_trainfile050_0_5,nips4b_birds_trainfile050,0.0,5.0,35,perch,1536,,0,sylund_call,sylund_call,True,/path/to/data,160000,32000,36,perch_5s,single,60,window_embedding
nips4b_birds_trainfile051_0_5,nips4b_birds_trainfile051,0.0,5.0,36,perch,1536,,0,lusmeg_call,lusmeg_call,True,/path/to/data,160000,32000,38,perch_5s,single,60,window_embedding
nips4b_birds_trainfile063_0_5,nips4b_birds_trainfile063,0.0,5.0,42,perch,1536,,0,sylcan_song,sylcan_song,True,/path/to/data,160000,32000,0,perch_5s,single,60,window_embedding
nips4b_birds_trainfile068_0_5,nips4b_birds_trainfile068,0.0,5.0,45,perch,1536,,0,carcan_song,carcan_song,True,/path/to/data,160000,32000,35,perch_5s,single,60,window_embedding
nips4b_birds_trainfile070_0_5,nips4b_birds_trainfile070,0.0,5.0,47,perch,1536,,0,galcri_call,galcri_call,True,/path/to/data,160000,32000,25,perch_5s,single,60,window_embedding
nips4b_birds_trainfile100_0_5,nips4b_birds_trainfile100,0.0,5.0,64,perch,1536,,0,embcir_call,embcir_call,True,/path/to/data,160000,32000,5,perch_5s,single,60,window_embedding
nips4b_birds_trainfile107_0_5,nips4b_birds_trainfile107,0.0,5.0,69,perch,1536,,0,turphi_call,turphi_call,True,/path/to/data,160000,32000,3,perch_5s,single,60,window_embedding
nips4b_birds_trainfile108_0_5,nips4b_birds_trainfile108,0.0,5.0,70,perch,1536,,0,sylcan_call,sylcan_call,True,/path/to/data,160000,32000,4,perch_5s,single,60,window_embedding
nips4b_birds_trainfile113_0_5,nips4b_birds_trainfile113,0.0,5.0,72,perch,1536,,0,oriori_song,oriori_song,True,/path/to/data,160000,32000,22,perch_5s,single,60,window_embedding
nips4b_birds_trainfile120_0_5,nips4b_birds_trainfile120,0.0,5.0,76,perch,1536,,0,sylund_song,sylund_song,True,/path/to/data,160000,32000,0,perch_5s,single,60,window_embedding
nips4b_birds_trainfile125_0_5,nips4b_birds_trainfile125,0.0,5.0,78,perch,1536,,0,oriori_song,oriori_song,True,/path/to/data,160000,32000,23,perch_5s,single,60,window_embedding
nips4b_birds_trainfile127_0_5,nips4b_birds_trainfile127,0.0,5.0,79,perch,1536,,0,carcan_song,carcan_song,True,/path/to/data,160000,32000,52,perch_5s,single,60,window_embedding
nips4b_birds_trainfile130_0_5,nips4b_birds_trainfile130,0.0,5.0,80,perch,1536,,0,carcan_song,carcan_song,True,/path/to/data,160000,32000,35,perch_5s,single,60,window_embedding
nips4b_birds_trainfile139_0_5,nips4b_birds_trainfile139,0.0,5.0,86,perch,1536,,0,musstr_call,musstr_call,True,/path/to/data,160000,32000,11,perch_5s,single,60,window_embedding
nips4b_birds_trainfile151_0_5,nips4b_birds_trainfile151,0.0,5.0,94,perch,1536,,0,sylmel_call,sylmel_call,True,/path/to/data,160000,32000,10,perch_5s,single,60,window_embedding
nips4b_birds_trainfile156_0_5,nips4b_birds_trainfile156,0.0,5.0,99,perch,1536,,0,lopcri_call,lopcri_call,True,/path/to/data,160000,32000,13,perch_5s,single,60,window_embedding
nips4b_birds_trainfile157_0_5,nips4b_birds_trainfile157,0.0,5.0,100,perch,1536,,0,sylund_song,sylund_song,True,/path/to/data,160000,32000,0,perch_5s,single,60,window_embedding
nips4b_birds_trainfile158_0_5,nips4b_birds_trainfile158,0.0,5.0,101,perch,1536,,0,galcri_call,galcri_call,True,/path/to/data,160000,32000,7,perch_5s,single,60,window_embedding
nips4b_birds_trainfile162_0_5,nips4b_birds_trainfile162,0.0,5.0,103,perch,1536,,0,galcri_song,galcri_song,True,/path/to/data,160000,32000,56,perch_5s,single,60,window_embedding
nips4b_birds_trainfile165_0_5,nips4b_birds_trainfile165,0.0,5.0,105,perch,1536,,0,sylcan_call,sylcan_call,True,/path/to/data,160000,32000,4,perch_5s,single,60,window_embedding
nips4b_birds_trainfile166_0_5,nips4b_birds_trainfile166,0.0,5.0,106,perch,1536,,0,embcir_song,embcir_song,True,/path/to/data,160000,32000,30,perch_5s,single,60,window_embedding
nips4b_birds_trainfile168_0_5,nips4b_birds_trainfile168,0.0,5.0,108,perch,1536,,0,strtur_song,strtur_song,True,/path/to/data,160000,32000,23,perch_5s,single,60,window_embedding
nips4b_birds_trainfile172_0_5,nips4b_birds_trainfile172,0.0,5.0,111,perch,1536,,0,turphi_call,turphi_call,True,/path/to/data,160000,32000,3,perch_5s,single,60,window_embedding
nips4b_birds_trainfile174_0_5,nips4b_birds_trainfile174,0.0,5.0,112,perch,1536,,0,sylmel_call,sylmel_call,True,/path/to/data,160000,32000,55,perch_5s,single,60,window_embedding
nips4b_birds_trainfile176_0_5,nips4b_birds_trainfile176,0.0,5.0,113,perch,1536,,0,turphi_song,turphi_song,True,/path/to/data,160000,32000,59,perch_5s,single,60,window_embedding
nips4b_birds_trainfile185_0_5,nips4b_birds_trainfile185,0.0,5.0,121,perch,1536,,0,carcan_call,carcan_call,True,/path/to/data,160000,32000,27,perch_5s,single,60,window_embedding
nips4b_birds_trainfile188_0_5,nips4b_birds_trainfile188,0.0,5.0,122,perch,1536,,0,cetcet_song,cetcet_song,True,/path/to/data,160000,32000,53,perch_5s,single,60,window_embedding
nips4b_birds_trainfile190_0_5,nips4b_birds_trainfile190,0.0,5.0,123,perch,1536,,0,turphi_song,turphi_song,True,/path/to/data,160000,32000,23,perch_5s,single,60,window_embedding
nips4b_birds_trainfile191_0_5,nips4b_birds_trainfile191,0.0,5.0,124,perch,1536,,0,sylmel_call,sylmel_call,True,/path/to/data,160000,32000,29,perch_5s,single,60,window_embedding
nips4b_birds_trainfile200_0_5,nips4b_birds_trainfile200,0.0,5.0,128,perch,1536,,0,sylmel_song,sylmel_song,True,/path/to/data,160000,32000,21,perch_5s,single,60,window_embedding
nips4b_birds_trainfile202_0_5,nips4b_birds_trainfile202,0.0,5.0,130,perch,1536,,0,sylund_song,sylund_song,True,/path/to/data,160000,32000,0,perch_5s,single,60,window_embedding
nips4b_birds_trainfile204_0_5,nips4b_birds_trainfile204,0.0,5.0,131,perch,1536,,0,galthe_call,galthe_call,True,/path/to/data,160000,32000,32,perch_5s,single,60,window_embedding
nips4b_birds_trainfile205_0_5,nips4b_birds_trainfile205,0.0,5.0,132,perch,1536,,0,carcan_song,carcan_song,True,/path/to/data,160000,32000,2,perch_5s,single,60,window_embedding
nips4b_birds_trainfile207_0_5,nips4b_birds_trainfile207,0.0,5.0,134,perch,1536,,0,lusmeg_song,lusmeg_song,True,/path/to/data,160000,32000,17,perch_5s,single,60,window_embedding
nips4b_birds_trainfile208_0_5,nips4b_birds_trainfile208,0.0,5.0,135,perch,1536,,0,sylcan_call,sylcan_call,True,/path/to/data,160000,32000,4,perch_5s,single,60,window_embedding
nips4b_birds_trainfile213_0_5,nips4b_birds_trainfile213,0.0,5.0,138,perch,1536,,0,lusmeg_call,lusmeg_call,True,/path/to/data,160000,32000,44,perch_5s,single,60,window_embedding
nips4b_birds_trainfile221_0_5,nips4b_birds_trainfile221,0.0,5.0,141,perch,1536,,0,parcae_song,parcae_song,True,/path/to/data,160000,32000,1,perch_5s,single,60,window_embedding
nips4b_birds_trainfile228_0_5,nips4b_birds_trainfile228,0.0,5.0,145,perch,1536,,0,sylund_song,sylund_song,True,/path/to/data,160000,32000,0,perch_5s,single,60,window_embedding
nips4b_birds_trainfile231_0_5,nips4b_birds_trainfile231,0.0,5.0,146,perch,1536,,0,oriori_call,oriori_call,True,/path/to/data,160000,32000,49,perch_5s,single,60,window_embedding
nips4b_birds_trainfile236_0_5,nips4b_birds_trainfile236,0.0,5.0,150,perch,1536,,0,strtur_song,strtur_song,True,/path/to/data,160000,32000,23,perch_5s,single,60,window_embedding
nips4b_birds_trainfile240_0_5,nips4b_birds_trainfile240,0.0,5.0,152,perch,1536,,0,parcae_call,parcae_call,True,/path/to/data,160000,32000,1,perch_5s,single,60,window_embedding
nips4b_birds_trainfile251_0_5,nips4b_birds_trainfile251,0.0,5.0,159,perch,1536,,0,sylund_song,sylund_song,True,/path/to/data,160000,32000,0,perch_5s,single,60,window_embedding
nips4b_birds_trainfile256_0_5,nips4b_birds_trainfile256,0.0,5.0,162,perch,1536,,0,stuvul_call,stuvul_call,True,/path/to/data,160000,32000,37,perch_5s,single,60,window_embedding
nips4b_birds_trainfile259_0_5,nips4b_birds_trainfile259,0.0,5.0,163,perch,1536,,0,galthe_call,galthe_call,True,/path/to/data,160000,32000,5,perch_5s,single,60,window_embedding
nips4b_birds_trainfile263_0_5,nips4b_birds_trainfile263,0.0,5.0,166,perch,1536,,0,lusmeg_call,lusmeg_call,True,/path/to/data,160000,32000,40,perch_5s,single,60,window_embedding
nips4b_birds_trainfile264_0_5,nips4b_birds_trainfile264,0.0,5.0,167,perch,1536,,0,turphi_call,turphi_call,True,/path/to/data,160000,32000,3,perch_5s,single,60,window_embedding
nips4b_birds_trainfile276_0_5,nips4b_birds_trainfile276,0.0,5.0,174,perch,1536,,0,aegcau_call,aegcau_call,True,/path/to/data,160000,32000,19,perch_5s,single,60,window_embedding
nips4b_birds_trainfile292_0_5,nips4b_birds_trainfile292,0.0,5.0,184,perch,1536,,0,sylmel_song,sylmel_song,True,/path/to/data,160000,32000,45,perch_5s,single,60,window_embedding
nips4b_birds_trainfile295_0_5,nips4b_birds_trainfile295,0.0,5.0,186,perch,1536,,0,plaaff_song,plaaff_song,True,/path/to/data,160000,32000,9,perch_5s,single,60,window_embedding
nips4b_birds_trainfile296_0_5,nips4b_birds_trainfile296,0.0,5.0,187,perch,1536,,0,sylund_call,sylund_call,True,/path/to/data,160000,32000,16,perch_5s,single,60,window_embedding
nips4b_birds_trainfile298_0_5,nips4b_birds_trainfile298,0.0,5.0,189,perch,1536,,0,plaaff_song,plaaff_song,True,/path/to/data,160000,32000,58,perch_5s,single,60,window_embedding
nips4b_birds_trainfile299_0_5,nips4b_birds_trainfile299,0.0,5.0,190,perch,1536,,0,carcan_song,carcan_song,True,/path/to/data,160000,32000,28,perch_5s,single,60,window_embedding
nips4b_birds_trainfile308_0_5,nips4b_birds_trainfile308,0.0,5.0,196,perch,1536,,0,plasab_song,plasab_song,True,/path/to/data,160000,32000,51,perch_5s,single,60,window_embedding
nips4b_birds_trainfile312_0_5,nips4b_birds_trainfile312,0.0,5.0,197,perch,1536,,0,alaarv_song,alaarv_song,True,/path/to/data,160000,32000,24,perch_5s,single,60,window_embedding
nips4b_birds_trainfile314_0_5,nips4b_birds_trainfile314,0.0,5.0,198,perch,1536,,0,musstr_call,musstr_call,True,/path/to/data,160000,32000,26,perch_5s,single,60,window_embedding
nips4b_birds_trainfile334_0_5,nips4b_birds_trainfile334,0.0,5.0,209,perch,1536,,0,strtur_song,strtur_song,True,/path/to/data,160000,32000,23,perch_5s,single,60,window_embedding
nips4b_birds_trainfile342_0_5,nips4b_birds_trainfile342,0.0,5.0,213,perch,1536,,0,lularb_song,lularb_song,True,/path/to/data,160000,32000,31,perch_5s,single,60,window_embedding
nips4b_birds_trainfile345_0_5,nips4b_birds_trainfile345,0.0,5.0,214,perch,1536,,0,embcir_call,embcir_call,True,/path/to/data,160000,32000,3,perch_5s,single,60,window_embedding
nips4b_birds_trainfile346_0_5,nips4b_birds_trainfile346,0.0,5.0,215,perch,1536,,0,sylcan_call,sylcan_call,True,/path/to/data,160000,32000,4,perch_5s,single,60,window_embedding
nips4b_birds_trainfile350_0_5,nips4b_birds_trainfile350,0.0,5.0,217,perch,1536,,0,carcan_song,carcan_song,True,/path/to/data,160000,32000,28,perch_5s,single,60,window_embedding
nips4b_birds_trainfile362_0_5,nips4b_birds_trainfile362,0.0,5.0,221,perch,1536,,0,carcan_call,carcan_call,True,/path/to/data,160000,32000,15,perch_5s,single,60,window_embedding
nips4b_birds_trainfile363_0_5,nips4b_birds_trainfile363,0.0,5.0,222,perch,1536,,0,strdec_song,strdec_song,True,/path/to/data,160000,32000,23,perch_5s,single,60,window_embedding
nips4b_birds_trainfile372_0_5,nips4b_birds_trainfile372,0.0,5.0,228,perch,1536,,0,carcan_call,carcan_call,True,/path/to/data,160000,32000,15,perch_5s,single,60,window_embedding
nips4b_birds_trainfile373_0_5,nips4b_birds_trainfile373,0.0,5.0,229,perch,1536,,0,fricoe_song,fricoe_song,True,/path/to/data,160000,32000,8,perch_5s,single,60,window_embedding
nips4b_birds_trainfile378_0_5,nips4b_birds_trainfile378,0.0,5.0,234,perch,1536,,0,poepal_song,poepal_song,True,/path/to/data,160000,32000,23,perch_5s,single,60,window_embedding
nips4b_birds_trainfile379_0_5,nips4b_birds_trainfile379,0.0,5.0,235,perch,1536,,0,sylmel_song,sylmel_song,True,/path/to/data,160000,32000,0,perch_5s,single,60,window_embedding
nips4b_birds_trainfile386_0_5,nips4b_birds_trainfile386,0.0,5.0,241,perch,1536,,0,sylmel_call,sylmel_call,True,/path/to/data,160000,32000,14,perch_5s,single,60,window_embedding
nips4b_birds_trainfile387_0_5,nips4b_birds_trainfile387,0.0,5.0,242,perch,1536,,0,turphi_call,turphi_call,True,/path/to/data,160000,32000,3,perch_5s,single,60,window_embedding
nips4b_birds_trainfile393_0_5,nips4b_birds_trainfile393,0.0,5.0,246,perch,1536,,0,sylmel_call,sylmel_call,True,/path/to/data,160000,32000,55,perch_5s,single,60,window_embedding
nips4b_birds_trainfile401_0_5,nips4b_birds_trainfile401,0.0,5.0,250,perch,1536,,0,petpet_call,petpet_call,True,/path/to/data,160000,32000,48,perch_5s,single,60,window_embedding
nips4b_birds_trainfile403_0_5,nips4b_birds_trainfile403,0.0,5.0,252,perch,1536,,0,tetpyg_song,tetpyg_song,True,/path/to/data,160000,32000,33,perch_5s,single,60,window_embedding
nips4b_birds_trainfile413_0_5,nips4b_birds_trainfile413,0.0,5.0,257,perch,1536,,0,galcri_call,galcri_call,True,/path/to/data,160000,32000,25,perch_5s,single,60,window_embedding
nips4b_birds_trainfile414_0_5,nips4b_birds_trainfile414,0.0,5.0,258,perch,1536,,0,turphi_song,turphi_song,True,/path/to/data,160000,32000,46,perch_5s,single,60,window_embedding
nips4b_birds_trainfile416_0_5,nips4b_birds_trainfile416,0.0,5.0,259,perch,1536,,0,sylatr_call,sylatr_call,True,/path/to/data,160000,32000,14,perch_5s,single,60,window_embedding
nips4b_birds_trainfile418_0_5,nips4b_birds_trainfile418,0.0,5.0,261,perch,1536,,0,lopcri_call,lopcri_call,True,/path/to/data,160000,32000,13,perch_5s,single,60,window_embedding
nips4b_birds_trainfile419_0_5,nips4b_birds_trainfile419,0.0,5.0,262,perch,1536,,0,sylcan_call,sylcan_call,True,/path/to/data,160000,32000,4,perch_5s,single,60,window_embedding
nips4b_birds_trainfile435_0_5,nips4b_birds_trainfile435,0.0,5.0,270,perch,1536,,0,sylcan_call,sylcan_call,True,/path/to/data,160000,32000,50,perch_5s,single,60,window_embedding
nips4b_birds_trainfile438_0_5,nips4b_birds_trainfile438,0.0,5.0,272,perch,1536,,0,regign_song,regign_song,True,/path/to/data,160000,32000,39,perch_5s,single,60,window_embedding
nips4b_birds_trainfile444_0_5,nips4b_birds_trainfile444,0.0,5.0,277,perch,1536,,0,sylcan_call,sylcan_call,True,/path/to/data,160000,32000,4,perch_5s,single,60,window_embedding
nips4b_birds_trainfile445_0_5,nips4b_birds_trainfile445,0.0,5.0,278,perch,1536,,0,fricoe_call,fricoe_call,True,/path/to/data,160000,32000,23,perch_5s,single,60,window_embedding
nips4b_birds_trainfile448_0_5,nips4b_birds_trainfile448,0.0,5.0,280,perch,1536,,0,carcan_song,carcan_song,True,/path/to/data,160000,32000,42,perch_5s,single,60,window_embedding
nips4b_birds_trainfile451_0_5,nips4b_birds_trainfile451,0.0,5.0,282,perch,1536,,0,sylatr_call,sylatr_call,True,/path/to/data,160000,32000,14,perch_5s,single,60,window_embedding
nips4b_birds_trainfile455_0_5,nips4b_birds_trainfile455,0.0,5.0,286,perch,1536,,0,sylund_call,sylund_call,True,/path/to/data,160000,32000,20,perch_5s,single,60,window_embedding
nips4b_birds_trainfile474_0_5,nips4b_birds_trainfile474,0.0,5.0,296,perch,1536,,0,galthe_song,galthe_song,True,/path/to/data,160000,32000,34,perch_5s,single,60,window_embedding
nips4b_birds_trainfile488_0_5,nips4b_birds_trainfile488,0.0,5.0,304,perch,1536,,0,sylund_song,sylund_song,True,/path/to/data,160000,32000,0,perch_5s,single,60,window_embedding
nips4b_birds_trainfile493_0_5,nips4b_birds_trainfile493,0.0,5.0,308,perch,1536,,0,sylund_song,sylund_song,True,/path/to/data,160000,32000,0,perch_5s,single,60,window_embedding
nips4b_birds_trainfile495_0_5,nips4b_birds_trainfile495,0.0,5.0,309,perch,1536,,0,carcan_song,carcan_song,True,/path/to/data,160000,32000,28,perch_5s,single,60,window_embedding
nips4b_birds_trainfile496_0_5,nips4b_birds_trainfile496,0.0,5.0,310,perch,1536,,0,sylcan_song,sylcan_song,True,/path/to/data,160000,32000,0,perch_5s,single,60,window_embedding
nips4b_birds_trainfile497_0_5,nips4b_birds_trainfile497,0.0,5.0,311,perch,1536,,0,galthe_song,galthe_song,True,/path/to/data,160000,32000,5,perch_5s,single,60,window_embedding
nips4b_birds_trainfile507_0_5,nips4b_birds_trainfile507,0.0,5.0,321,perch,1536,,0,chlchl_call,chlchl_call,True,/path/to/data,160000,32000,43,perch_5s,single,60,window_embedding
nips4b_birds_trainfile510_0_5,nips4b_birds_trainfile510,0.0,5.0,323,perch,1536,,0,turphi_call,turphi_call,True,/path/to/data,160000,32000,3,perch_5s,single,60,window_embedding
nips4b_birds_trainfile517_0_5,nips4b_birds_trainfile517,0.0,5.0,326,perch,1536,,0,sylcan_call,sylcan_call,True,/path/to/data,160000,32000,4,perch_5s,single,60,window_embedding
nips4b_birds_trainfile519_0_5,nips4b_birds_trainfile519,0.0,5.0,327,perch,1536,,0,carcan_song,carcan_song,True,/path/to/data,160000,32000,23,perch_5s,single,60,window_embedding
nips4b_birds_trainfile521_0_5,nips4b_birds_trainfile521,0.0,5.0,328,perch,1536,,0,carcan_song,carcan_song,True,/path/to/data,160000,32000,28,perch_5s,single,60,window_embedding
nips4b_birds_trainfile522_0_5,nips4b_birds_trainfile522,0.0,5.0,329,perch,1536,,0,plaaff_song,plaaff_song,True,/path/to/data,160000,32000,6,perch_5s,single,60,window_embedding
nips4b_birds_trainfile523_0_5,nips4b_birds_trainfile523,0.0,5.0,330,perch,1536,,0,sylmel_call,sylmel_call,True,/path/to/data,160000,32000,10,perch_5s,single,60,window_embedding
nips4b_birds_trainfile525_0_5,nips4b_birds_trainfile525,0.0,5.0,331,perch,1536,,0,phycol_call,phycol_call,True,/path/to/data,160000,32000,23,perch_5s,single,60,window_embedding
nips4b_birds_trainfile527_0_5,nips4b_birds_trainfile527,0.0,5.0,333,perch,1536,,0,sylcan_call,sylcan_call,True,/path/to/data,160000,32000,4,perch_5s,single,60,window_embedding
nips4b_birds_trainfile538_0_5,nips4b_birds_trainfile538,0.0,5.0,337,perch,1536,,0,musstr_call,musstr_call,True,/path/to/data,160000,32000,11,perch_5s,single,60,window_embedding
nips4b_birds_trainfile543_0_5,nips4b_birds_trainfile543,0.0,5.0,340,perch,1536,,0,plaaff_song,plaaff_song,True,/path/to/data,160000,32000,9,perch_5s,single,60,window_embedding
nips4b_birds_trainfile549_0_5,nips4b_birds_trainfile549,0.0,5.0,341,perch,1536,,0,galcri_song,galcri_song,True,/path/to/data,160000,32000,41,perch_5s,single,60,window_embedding
nips4b_birds_trainfile557_0_5,nips4b_birds_trainfile557,0.0,5.0,346,perch,1536,,0,sylund_call,sylund_call,True,/path/to/data,160000,32000,20,perch_5s,single,60,window_embedding
nips4b_birds_trainfile560_0_5,nips4b_birds_trainfile560,0.0,5.0,348,perch,1536,,0,sylcan_call,sylcan_call,True,/path/to/data,160000,32000,14,perch_5s,single,60,window_embedding
nips4b_birds_trainfile562_0_5,nips4b_birds_trainfile562,0.0,5.0,349,perch,1536,,0,lularb_song,lularb_song,True,/path/to/data,160000,32000,23,perch_5s,single,60,window_embedding
nips4b_birds_trainfile564_0_5,nips4b_birds_trainfile564,0.0,5.0,350,perch,1536,,0,galthe_song,galthe_song,True,/path/to/data,160000,32000,34,perch_5s,single,60,window_embedding
nips4b_birds_trainfile584_0_5,nips4b_birds_trainfile584,0.0,5.0,360,perch,1536,,0,galcri_call,galcri_call,True,/path/to/data,160000,32000,25,perch_5s,single,60,window_embedding
nips4b_birds_trainfile596_0_5,nips4b_birds_trainfile596,0.0,5.0,367,perch,1536,,0,turphi_call,turphi_call,True,/path/to/data,160000,32000,3,perch_5s,single,60,window_embedding
nips4b_birds_trainfile597_0_5,nips4b_birds_trainfile597,0.0,5.0,368,perch,1536,,0,strtur_song,strtur_song,True,/path/to/data,160000,32000,44,perch_5s,single,60,window_embedding
nips4b_birds_trainfile608_0_5,nips4b_birds_trainfile608,0.0,5.0,370,perch,1536,,0,petpet_call,petpet_call,True,/path/to/data,160000,32000,12,perch_5s,single,60,window_embedding
nips4b_birds_trainfile614_0_5,nips4b_birds_trainfile614,0.0,5.0,375,perch,1536,,0,sylmel_call,sylmel_call,True,/path/to/data,160000,32000,10,perch_5s,single,60,window_embedding
nips4b_birds_trainfile618_0_5,nips4b_birds_trainfile618,0.0,5.0,379,perch,1536,,0,sylund_song,sylund_song,True,/path/to/data,160000,32000,0,perch_5s,single,60,window_embedding
nips4b_birds_trainfile630_0_5,nips4b_birds_trainfile630,0.0,5.0,384,perch,1536,,0,petpet_call,petpet_call,True,/path/to/data,160000,32000,54,perch_5s,single,60,window_embedding
nips4b_birds_trainfile634_0_5,nips4b_birds_trainfile634,0.0,5.0,387,perch,1536,,0,carcan_song,carcan_song,True,/path/to/data,160000,32000,13,perch_5s,single,60,window_embedding
nips4b_birds_trainfile636_0_5,nips4b_birds_trainfile636,0.0,5.0,389,perch,1536,,0,sylund_song,sylund_song,True,/path/to/data,160000,32000,0,perch_5s,single,60,window_embedding
nips4b_birds_trainfile637_0_5,nips4b_birds_trainfile637,0.0,5.0,390,perch,1536,,0,sylmel_song,sylmel_song,True,/path/to/data,160000,32000,0,perch_5s,single,60,window_embedding
nips4b_birds_trainfile638_0_5,nips4b_birds_trainfile638,0.0,5.0,391,perch,1536,,0,galthe_song,galthe_song,True,/path/to/data,160000,32000,5,perch_5s,single,60,window_embedding
nips4b_birds_trainfile644_0_5,nips4b_birds_trainfile644,0.0,5.0,394,perch,1536,,0,alaarv_song,alaarv_song,True,/path/to/data,160000,32000,24,perch_5s,single,60,window_embedding
nips4b_birds_trainfile645_0_5,nips4b_birds_trainfile645,0.0,5.0,395,perch,1536,,0,galcri_call,galcri_call,True,/path/to/data,160000,32000,58,perch_5s,single,60,window_embedding
nips4b_birds_trainfile647_0_5,nips4b_birds_trainfile647,0.0,5.0,396,perch,1536,,0,sylund_song,sylund_song,True,/path/to/data,160000,32000,0,perch_5s,single,60,window_embedding
nips4b_birds_trainfile652_0_5,nips4b_birds_trainfile652,0.0,5.0,400,perch,1536,,0,sylcan_call,sylcan_call,True,/path/to/data,160000,32000,4,perch_5s,single,60,window_embedding
nips4b_birds_trainfile656_0_5,nips4b_birds_trainfile656,0.0,5.0,404,perch,1536,,0,carcar_song,carcar_song,True,/path/to/data,160000,32000,57,perch_5s,single,60,window_embedding
nips4b_birds_trainfile657_0_5,nips4b_birds_trainfile657,0.0,5.0,405,perch,1536,,0,oriori_call,oriori_call,True,/path/to/data,160000,32000,49,perch_5s,single,60,window_embedding
nips4b_birds_trainfile659_0_5,nips4b_birds_trainfile659,0.0,5.0,407,perch,1536,,0,petpet_call,petpet_call,True,/path/to/data,160000,32000,12,perch_5s,single,60,window_embedding
nips4b_birds_trainfile664_0_5,nips4b_birds_trainfile664,0.0,5.0,409,perch,1536,,0,sylund_song,sylund_song,True,/path/to/data,160000,32000,0,perch_5s,single,60,window_embedding
nips4b_birds_trainfile668_0_5,nips4b_birds_trainfile668,0.0,5.0,411,perch,1536,,0,aegcau_call,aegcau_call,True,/path/to/data,160000,32000,19,perch_5s,single,60,window_embedding
nips4b_birds_trainfile671_0_5,nips4b_birds_trainfile671,0.0,5.0,413,perch,1536,,0,sylund_song,sylund_song,True,/path/to/data,160000,32000,0,perch_5s,single,60,window_embedding
nips4b_birds_trainfile672_0_5,nips4b_birds_trainfile672,0.0,5.0,414,perch,1536,,0,pyrpyr_call,pyrpyr_call,True,/path/to/data,160000,32000,23,perch_5s,single,60,window_embedding
nips4b_birds_trainfile682_0_5,nips4b_birds_trainfile682,0.0,5.0,421,perch,1536,,0,sylund_song,sylund_song,True,/path/to/data,160000,32000,0,perch_5s,single,60,window_embedding
