===SWEEPS===
model,trial,seed,k,ARI,AMI,NMI,RI,Silhouette,Inertia
ssl_pretrain,1,42,10,0.027260989222574705,0.1280598436591002,0.1286035810063368,0.70914887330209,-0.002871990203857422,411626.1875
ssl_pretrain,1,42,20,0.044310799366630765,0.15935360916512006,0.16005609348583022,0.8523391702193449,-0.0005025456193834543,403401.875
ssl_pretrain,1,42,30,0.04032114383835683,0.1723122130665877,0.1732835606069019,0.8595589366585745,-0.0008039083331823349,401165.78125
ssl_pretrain,1,42,40,0.07026154193484102,0.1996390151927978,0.20070897001422303,0.8730046867589932,-0.00024485195172019303,399470.90625
ssl_pretrain,1,42,50,0.04196224175189728,0.16537337984646466,0.16664672076927384,0.81118221711981,-0.010371181182563305,403866.28125
ssl_pretrain,1,42,60,0.09303139394140647,0.24092355748443184,0.24248129772978338,0.9099012911184174,-0.020341530442237854,391838.96875
ssl_pretrain,1,42,70,0.1070004351579264,0.23169556666604285,0.2333642616492753,0.9264355629523346,-0.0018334228079766035,390691.8125
ssl_pretrain,1,42,80,0.09828940351506106,0.24400071147371494,0.24593745258969077,0.9205853445006424,-0.016736755147576332,388836.09375
ssl_pretrain,1,42,90,0.12002173660610305,0.26086475075382204,0.26269157927819664,0.9307041452541733,-0.004778851289302111,386654.34375
ssl_pretrain,1,42,100,0.11773714985172185,0.2641696456120834,0.26653602990480785,0.9334085738449416,-0.013531843200325966,382662.96875
ssl_pretrain,1,42,110,0.11717207552646922,0.2595316716119851,0.26228423591513356,0.9365834072409678,0.013033113442361355,380563.90625
ssl_pretrain,1,42,120,0.10806352251536162,0.28565119641983194,0.2886867736611241,0.944387040853609,-0.013446793891489506,375497.03125
ssl_pretrain,1,42,130,0.1279525671841354,0.2888731085249155,0.2922490168672455,0.9421155262855399,0.006352925207465887,374911.84375
ssl_pretrain,1,42,140,0.1516098904484018,0.2953208975243032,0.299026731611873,0.951418559849493,0.00257882010191679,372509.125
ssl_pretrain,1,42,150,0.12574087470112608,0.3010345722509169,0.3050286737016784,0.9549332512122352,-0.011840933933854103,370148.5
ssl_pretrain,1,42,160,0.13610187295982504,0.30032093544084504,0.30466385143222185,0.9563415985653286,0.002388577675446868,368647.875
ssl_pretrain,1,42,170,0.15054393434239882,0.30541149019169483,0.31022420535338713,0.9513294547199742,0.003059596987441182,368722.40625
ssl_pretrain,1,42,180,0.1258219363004663,0.3090919128268123,0.3142500503413587,0.9527346201452586,0.0019061119528487325,367193.59375
ssl_pretrain,1,42,190,0.12282146479990504,0.3146545204033546,0.31998804802909625,0.9557757558799697,0.005153585225343704,365800.84375
ssl_pretrain,1,42,200,0.1653740326949591,0.32106318430933356,0.32688182165502544,0.9555372456915131,0.0070834471844136715,365037.40625
ssl_pretrain,2,43,10,0.04274687702067431,0.12449931432109204,0.12496753730966827,0.8349943417002076,-0.0020705200731754303,409296.78125
ssl_pretrain,2,43,20,0.06644742497068995,0.17990244402290412,0.18062998664282304,0.8862396411406874,0.0008155527175404131,400867.625
ssl_pretrain,2,43,30,0.08729190959290657,0.2418921524805998,0.24289723296203602,0.8996625729388013,0.004785264376550913,394503.53125
ssl_pretrain,2,43,40,0.08927377571112308,0.22547297462582894,0.22669569937951087,0.9047715738755425,-0.03419910743832588,393730.46875
ssl_pretrain,2,43,50,0.059656012277111856,0.19527354774590658,0.19665490951612644,0.862756747520788,-0.002744140801951289,400044.90625
ssl_pretrain,2,43,60,0.08415288155780683,0.23218196226969792,0.23363650410704925,0.9020439830664106,-0.009733256883919239,393281.90625
ssl_pretrain,2,43,70,0.08786989580644174,0.22325884436062074,0.22487554992396072,0.9026537193005861,-0.016419686377048492,393873.96875
ssl_pretrain,2,43,80,0.09439744379665832,0.2409463058964516,0.2427502237610386,0.9113472910589459,-0.00811082310974598,391474.34375
ssl_pretrain,2,43,90,0.09598871520203801,0.25726450764133146,0.25923671792903047,0.9090713162634639,-0.03273162245750427,389175.5625
ssl_pretrain,2,43,100,0.05673483533048819,0.23941069558370584,0.24187535977408228,0.9042379617590159,-0.014184004627168179,384640.0625
ssl_pretrain,2,43,110,0.1242288021487319,0.2730178528423794,0.27569838100421623,0.9411431676586134,0.010384504683315754,379698.84375
ssl_pretrain,2,43,120,0.12743009255175822,0.2788058601311647,0.28185767315897475,0.944232971330418,-0.023154782131314278,375802.28125
ssl_pretrain,2,43,130,0.11922477794726657,0.28458620880354374,0.2880692109884399,0.9356007142299171,-0.0055833677761256695,375540.53125
ssl_pretrain,2,43,140,0.13234614407477735,0.2836959950230173,0.2874793726798448,0.9503622185055958,0.006328843533992767,372656.09375
ssl_pretrain,2,43,150,0.12503106618185142,0.30274920482584494,0.3067485541976011,0.9536551202213478,-0.0036792708560824394,369887.4375
ssl_pretrain,2,43,160,0.10383739762619733,0.30560021708710877,0.31006105829082087,0.9488561007468308,0.005706826224923134,369022.96875
ssl_pretrain,2,43,170,0.13500168493242568,0.3046185873964998,0.30931115654363367,0.959441511256468,-0.01222637016326189,367385.9375
ssl_pretrain,2,43,180,0.14376506742539305,0.31941316220493654,0.324433070363018,0.9504508041810126,-0.0016631780890747905,367540.15625
ssl_pretrain,2,43,190,0.1702467420301389,0.32740801711125056,0.33258142525015344,0.9563060233834798,0.0073686339892446995,365630.9375
ssl_pretrain,2,43,200,0.11239479103953154,0.32220164317005834,0.3278559098053531,0.9578022504450496,-0.00016099678759928793,364559.96875
ssl_pretrain,3,44,10,0.04343706051263988,0.1609772356643016,0.16149749625222073,0.8516763043534444,-0.01840405911207199,404753.9375
ssl_pretrain,3,44,20,0.0681631396258645,0.19049538512795838,0.19124874653497997,0.877811868547099,0.0011050699977204204,402472.65625
ssl_pretrain,3,44,30,0.06174947199313811,0.20649227625020747,0.20743120091833053,0.8613195956131712,-0.008157782256603241,400657.75
ssl_pretrain,3,44,40,0.09548322604219606,0.2247946613329042,0.22598903520244623,0.9134846487262529,0.007222489919513464,392262.53125
ssl_pretrain,3,44,50,0.07365047386083581,0.21726633579946472,0.2185719201269363,0.8907186493047654,-0.004302856978029013,394776.65625
ssl_pretrain,3,44,60,0.08340229648419215,0.2358166808713812,0.2371635647489939,0.8945799068167221,-0.014296354725956917,396223.625
ssl_pretrain,3,44,70,0.07040394269961883,0.21939502129759728,0.22104470260158546,0.883946663217421,-0.00030938483541831374,395430.34375
ssl_pretrain,3,44,80,0.09153824405739042,0.22185671323477804,0.2236563903596599,0.918279512626644,0.0045714848674833775,391292.90625
ssl_pretrain,3,44,90,0.07685726303846115,0.2294499555816071,0.23140647190245622,0.8967179244976806,-0.003905217396095395,389689.375
ssl_pretrain,3,44,100,0.11382089937160957,0.25458674295306705,0.2568982922357741,0.9368755721493708,0.0027961204759776592,382787.96875
ssl_pretrain,3,44,110,0.1301169530797022,0.2810983543186143,0.28367209654313663,0.9384520040745628,-0.020136108621954918,379551.5625
ssl_pretrain,3,44,120,0.12537433916876872,0.2722360753730767,0.2752904524183403,0.9443152543038911,-0.014431305229663849,376421.0
ssl_pretrain,3,44,130,0.1315276342388963,0.28952912144856846,0.2928769559428197,0.9472421981106316,-0.004151273053139448,374294.1875
ssl_pretrain,3,44,140,0.14389000278794456,0.2934370950944658,0.29713058924925595,0.9521591162357063,-0.020732523873448372,372255.15625
ssl_pretrain,3,44,150,0.1169737730479871,0.2830585448978291,0.2874297681022244,0.9406129312601393,0.010189957916736603,372513.6875
ssl_pretrain,3,44,160,0.11986369429681522,0.29606541359771954,0.3005082927154811,0.9504076050961421,0.009802359156310558,370621.59375
ssl_pretrain,3,44,170,0.1562827055840927,0.3035006470791111,0.3081726232468125,0.9565582057024936,0.002013685181736946,368052.25
ssl_pretrain,3,44,180,0.15350466172510757,0.31714079072567164,0.3221369190033458,0.9573424121379112,-0.008229753002524376,366876.875
ssl_pretrain,3,44,190,0.15539929324805676,0.3176203022827724,0.32304663741818057,0.9513607095883837,0.011114915832877159,367597.875
ssl_pretrain,3,44,200,0.1354740809289212,0.33313041495913503,0.33868701039753846,0.9547475732796212,0.008373506367206573,365241.875
ssl_pretrain,4,45,10,0.0550572597042322,0.15425333521925025,0.15472440842254992,0.8498214356394717,-4.106247433810495e-05,407523.5625
ssl_pretrain,4,45,20,0.06618494002111772,0.20857086082958248,0.20933885644785594,0.8752331697985652,0.0010321041336283088,402072.84375
ssl_pretrain,4,45,30,0.08984315189109633,0.22018225199690594,0.22122286919692694,0.9121885161359243,0.006670067552477121,393823.625
ssl_pretrain,4,45,40,0.0885580241744676,0.2262716733823698,0.2274943294353332,0.9037887623132225,0.0033254874870181084,393412.78125
ssl_pretrain,4,45,50,0.05757369374428907,0.20434019645385726,0.20581950321878587,0.8876461305841096,-0.003905022516846657,397518.46875
ssl_pretrain,4,45,60,0.08595075653071027,0.21910923101259008,0.2204321138294013,0.9052214418448559,-0.017446700483560562,396072.6875
ssl_pretrain,4,45,70,0.10843940345281376,0.25496840590540815,0.2566758025009929,0.9238113326520488,-0.0161921177059412,388245.8125
ssl_pretrain,4,45,80,0.06053258249808051,0.20105454494090563,0.20304653165778505,0.8960029925575327,-0.026080584153532982,393249.21875
ssl_pretrain,4,45,90,0.08847315474224306,0.24732058941158774,0.24937558127930431,0.9102778057832165,-0.008092008531093597,388546.75
ssl_pretrain,4,45,100,0.11687218288360042,0.27376519322106746,0.27609408143663755,0.9298177891174539,-0.00794428400695324,382889.84375
ssl_pretrain,4,45,110,0.12485654838438232,0.27493473633711507,0.27752522612469105,0.941621374663307,0.003952607046812773,379298.8125
ssl_pretrain,4,45,120,0.11665343083541727,0.28991633728087074,0.2929522938496992,0.9510740597202476,-0.006156501825898886,376429.28125
ssl_pretrain,4,45,130,0.11406612695613272,0.2660562753396421,0.26965282352256587,0.9381150455667154,-0.004668090958148241,375066.125
ssl_pretrain,4,45,140,0.09528257017758977,0.27585034074248993,0.2797047951948064,0.9489685739161499,-0.0005865491693839431,372567.59375
ssl_pretrain,4,45,150,0.1265438879361957,0.2994016172111111,0.3035301981112167,0.9530464527679483,-0.0011975171510130167,370821.90625
ssl_pretrain,4,45,160,0.16740592416672198,0.30343868902592885,0.30775388292760886,0.9600215073788003,0.00743075180798769,368221.9375
ssl_pretrain,4,45,170,0.1536069360373909,0.3301432642359057,0.3347158612590852,0.9527687070391662,-0.007619563490152359,368264.96875
ssl_pretrain,4,45,180,0.1411966557144517,0.30288632404561316,0.30810626087331694,0.9484848600289251,0.0053643761202692986,369043.09375
ssl_pretrain,4,45,190,0.1212531433532105,0.29119751588311266,0.29680029911143896,0.9438819713050381,-0.027853136882185936,369213.625
ssl_pretrain,4,45,200,0.15592996530191713,0.31292983892968274,0.3186292442073699,0.9587967538035288,0.006748358253389597,365219.53125
ssl_pretrain,5,46,10,0.06844259867849031,0.1998684313289396,0.20040577377999177,0.8738264359751997,-0.0017103998688980937,404179.375
ssl_pretrain,5,46,20,0.04815127997000036,0.17031830177795318,0.17116252204260926,0.8707488628035652,-0.0010893788421526551,399981.53125
ssl_pretrain,5,46,30,0.08372551412530968,0.22213629996559903,0.22323181737343856,0.9032075135969577,0.0022257789969444275,395357.75
ssl_pretrain,5,46,40,0.07261001921634974,0.2079350831901247,0.20917594679649645,0.8920192400684007,0.0055081807076931,394277.1875
ssl_pretrain,5,46,50,0.09336254353117807,0.24489503817777952,0.2463753514619962,0.9082409389210817,0.0034091484267264605,392208.0
ssl_pretrain,5,46,60,0.06519494327020797,0.1872994130738405,0.18864692909011244,0.878333920154194,-0.007259501609951258,397673.5
ssl_pretrain,5,46,70,0.10084159753946934,0.2529024869836443,0.2544406529542086,0.9181177342191253,-0.013350880704820156,390627.6875
ssl_pretrain,5,46,80,0.08680764890385939,0.22610879275877582,0.2278877326920921,0.9028400035466478,-0.021311357617378235,392995.34375
ssl_pretrain,5,46,90,0.05872457361853998,0.1982267311640814,0.20043249391510382,0.9068122820922505,-0.007287845015525818,389858.46875
ssl_pretrain,5,46,100,0.11742561927302175,0.26262177486778066,0.2649792345881626,0.9331120022332632,-0.0028125825338065624,382826.125
ssl_pretrain,5,46,110,0.10062257940193621,0.25790576571737117,0.2606304018886187,0.9285863038841851,0.01290315855294466,380889.28125
ssl_pretrain,5,46,120,0.1383519903003831,0.2822659469250066,0.28521839130531407,0.9469616799841185,-0.013033691793680191,376287.90625
ssl_pretrain,5,46,130,0.12666518510652175,0.27317654797023444,0.27655052074819964,0.9438681721133431,-0.016492260619997978,374691.8125
ssl_pretrain,5,46,140,0.14150848662500584,0.2870283965051651,0.2907426652579,0.9497011811463043,-0.0007751078810542822,372924.84375
ssl_pretrain,5,46,150,0.12965241966553026,0.28807342208872144,0.29225330648869496,0.9449389448441207,-0.012899783439934254,372412.6875
ssl_pretrain,5,46,160,0.09428960517885643,0.27937990772481974,0.28391325009422175,0.9487126257162918,-0.0012572165578603745,370657.875
ssl_pretrain,5,46,170,0.15302786868074564,0.31255082136658596,0.3172770480470827,0.9530033798051956,-0.011770271696150303,369189.8125
ssl_pretrain,5,46,180,0.15659552921871872,0.3237562787537018,0.3287515067825548,0.9538020953900836,0.009263724088668823,367342.28125
ssl_pretrain,5,46,190,0.1723698661607594,0.3129966712027783,0.31842697978186724,0.962004801861301,0.008625941351056099,365550.09375
ssl_pretrain,5,46,200,0.14398423346988973,0.2980774048198089,0.3038743892760184,0.9558071811805011,-0.005428357515484095,366701.625
ssl_pretrain,6,47,10,0.027727542203984323,0.13353604050949525,0.1340089001567219,0.7821939180471753,-0.0053885504603385925,409883.75
ssl_pretrain,6,47,20,0.061000653642544415,0.18081228476834363,0.18160618613019375,0.8806620686590859,-0.006279459688812494,401365.75
ssl_pretrain,6,47,30,0.07694824129816247,0.21347219949388177,0.21439625790018396,0.8918170265225629,0.002830169629305601,397728.90625
ssl_pretrain,6,47,40,0.07635504721208664,0.22708537262291423,0.228303574827613,0.9082545436182684,0.002284260233864188,393769.6875
ssl_pretrain,6,47,50,0.0653065971730866,0.23281451168856052,0.23423255890527683,0.899852807230996,-0.006421924568712711,391879.21875
ssl_pretrain,6,47,60,0.09807739320852846,0.23606954030060256,0.23755318552466395,0.9145743675344812,0.002358001423999667,391300.53125
ssl_pretrain,6,47,70,0.09253398947204831,0.22549512885065737,0.2270576822652518,0.9080098413561567,-0.0038802146445959806,393608.78125
ssl_pretrain,6,47,80,0.07701083873678455,0.20846470678900406,0.21016644182320637,0.9056503403834687,-0.021370036527514458,393827.6875
ssl_pretrain,6,47,90,0.0819479735703276,0.24411700252424595,0.24614065144540595,0.9190131168025479,0.0016011364059522748,389078.3125
ssl_pretrain,6,47,100,0.12141593346739261,0.2528561018399881,0.2551294102642943,0.9412117378302274,-0.010717864148318768,383045.625
ssl_pretrain,6,47,110,0.14344248509648133,0.29039764174183547,0.29296125182459304,0.9439258932592084,0.007646604906767607,379042.625
ssl_pretrain,6,47,120,0.13472158606134368,0.3092823009154106,0.3123025058581938,0.9352957797065118,0.015054607763886452,376924.78125
ssl_pretrain,6,47,130,0.10173576245609052,0.2817196443408398,0.2851651273677954,0.9395243888091608,0.0034915951546281576,375082.75
ssl_pretrain,6,47,140,0.1401820506707373,0.301523448190452,0.3052410943974349,0.9451583180406319,0.0038441219367086887,372682.28125
ssl_pretrain,6,47,150,0.15409967073236855,0.3061351442847762,0.3102002268091201,0.9517674587590328,-0.005436984356492758,370524.21875
ssl_pretrain,6,47,160,0.16748596714585623,0.3120604711229603,0.3163976852823054,0.9559796389446004,8.93374890438281e-05,368811.90625
ssl_pretrain,6,47,170,0.12008448743557176,0.304555958573016,0.30923361287783924,0.954941331537644,-0.00212409277446568,368581.28125
ssl_pretrain,6,47,180,0.12847614436365148,0.294061184041477,0.2993784297558221,0.9481271945464549,0.008366692811250687,368337.21875
ssl_pretrain,6,47,190,0.1193371852346953,0.310092270897267,0.3153471986887597,0.9583083624231489,0.011027630418539047,365395.8125
ssl_pretrain,6,47,200,0.11479912023114457,0.3140136100560066,0.3197029382607923,0.954331734043667,0.004465604200959206,365681.875
ssl_pretrain,7,48,10,0.05046436537375924,0.16508871826486415,0.16564509632488966,0.8586936205551187,-0.002479879418388009,405314.71875
ssl_pretrain,7,48,20,0.0574273907522254,0.19674316077889825,0.19749237854573334,0.8759173402666017,-0.005378812551498413,400880.0625
ssl_pretrain,7,48,30,0.07116058035369165,0.18799179561954502,0.18890711373318458,0.8849678868582541,-0.011734510771930218,400971.09375
ssl_pretrain,7,48,40,0.05588459533719943,0.20376303386009295,0.20485366233333557,0.8519829465433282,0.0020208077039569616,398305.5
ssl_pretrain,7,48,50,0.06943118458053728,0.22661770534690442,0.22786882977400433,0.8781935971788918,-0.03955839201807976,395656.9375
ssl_pretrain,7,48,60,0.052446529156844335,0.19225330636755478,0.19404107012355526,0.8858607847361847,-0.005872086621820927,395447.03125
ssl_pretrain,7,48,70,0.0890970843905562,0.22244999654348252,0.22389574976264345,0.8981737072067979,-0.043585170060396194,395498.46875
ssl_pretrain,7,48,80,0.11645697180698995,0.26334690293629,0.26519409818634954,0.931338486217431,-0.006254252512007952,387064.0625
ssl_pretrain,7,48,90,0.10403014782276453,0.24331921285311375,0.24526068655533786,0.9207224123632678,-0.014678704552352428,388425.6875
ssl_pretrain,7,48,100,0.11358097201203775,0.2748909419639407,0.27708123433047366,0.9254407491890714,0.01217555720359087,384038.53125
ssl_pretrain,7,48,110,0.10173745193860219,0.2726808558918105,0.27545639742000505,0.9334666602695697,-0.0031021134927868843,380226.90625
ssl_pretrain,7,48,120,0.12462223698021423,0.2900141346561372,0.2929995213958679,0.9351426444494881,-0.005274678114801645,376707.90625
ssl_pretrain,7,48,130,0.1053526707700212,0.3001367852769841,0.303562423451337,0.9425106900627285,-0.007232072297483683,373400.3125
ssl_pretrain,7,48,140,0.13886043055647584,0.2886546332455814,0.2924524608234818,0.9460833610365789,-0.0055568828247487545,373910.59375
ssl_pretrain,7,48,150,0.14823866248087103,0.308360244435535,0.31235102321851127,0.9504490487418938,-0.020015530288219452,371261.46875
ssl_pretrain,7,48,160,0.09802129197347104,0.29952765334946047,0.303957787666032,0.9519129684697499,-0.011198911815881729,369197.375
ssl_pretrain,7,48,170,0.14311838989647255,0.30850757818691404,0.3132536082265023,0.9516593441095277,-0.011255341582000256,368669.125
ssl_pretrain,7,48,180,0.14420552545690443,0.3010711920451719,0.3062630391004026,0.9483854329572966,0.00542188948020339,369634.96875
ssl_pretrain,7,48,190,0.16218337864826016,0.3212593230236373,0.32659511057651797,0.9597059221389233,0.01315290480852127,364583.5625
ssl_pretrain,7,48,200,0.10347762315493836,0.30212824668290855,0.30795243525939164,0.952818573928677,-0.006337221711874008,366322.1875
ssl_pretrain,8,49,10,0.027580472408536675,0.1350955755437807,0.135529876825952,0.7274224630427558,-0.0026018051430583,410557.03125
ssl_pretrain,8,49,20,0.08277024158917902,0.22287270557412756,0.22373059525534847,0.8933790107454027,0.00282782013528049,397531.375
ssl_pretrain,8,49,30,0.07944136151736379,0.22041455034911264,0.22145995847906821,0.8804835026288627,-0.007014354690909386,398524.875
ssl_pretrain,8,49,40,0.08051531276768054,0.21459245997399828,0.2158204506454159,0.8985590727215684,0.002140979515388608,395926.8125
ssl_pretrain,8,49,50,0.061846072984608945,0.19520872266334383,0.19662289277863082,0.9102412180444115,-0.022848229855298996,392707.53125
ssl_pretrain,8,49,60,0.09559983656573348,0.22717972797088598,0.22860495230991418,0.9208269046259157,-0.01647872105240822,391470.34375
ssl_pretrain,8,49,70,0.10549984909577521,0.25100266505463137,0.2524876688730985,0.9172890607871419,-0.0007173594203777611,392127.96875
ssl_pretrain,8,49,80,0.08978573740055973,0.21975150421354428,0.22143022700349013,0.9108946840857989,-0.024497665464878082,395266.375
ssl_pretrain,8,49,90,0.09807182810578331,0.24136788843110935,0.24344263866086222,0.9188644930082133,-0.014996889978647232,388112.3125
ssl_pretrain,8,49,100,0.08446503374851341,0.26230292249858633,0.2647321056577849,0.925232030875933,0.005601335316896439,383069.59375
ssl_pretrain,8,49,110,0.10234206747557945,0.27262895477180543,0.27521352504145086,0.9433391978163785,0.008754405193030834,379115.65625
ssl_pretrain,8,49,120,0.10871407423612972,0.28195045896436416,0.2849529262543682,0.9463148827450802,0.008250204846262932,376475.9375
ssl_pretrain,8,49,130,0.10851881786346691,0.2773357847022972,0.2807181229292637,0.9466595349955583,-0.010166050866246223,375172.28125
ssl_pretrain,8,49,140,0.10324774979563255,0.2923634421942229,0.29607098085238615,0.9511186205601203,0.011685436591506004,372368.40625
ssl_pretrain,8,49,150,0.1368528284488823,0.2960388164168114,0.30011659454636264,0.9440922950488573,0.00482684513553977,372604.40625
ssl_pretrain,8,49,160,0.14827094310344632,0.2979273515102732,0.30234675922642046,0.9550920845597285,0.007913420908153057,369393.8125
ssl_pretrain,8,49,170,0.1609684425101917,0.30665221658812586,0.3114242224167517,0.9567604053977872,-0.0050133103504776955,369092.34375
ssl_pretrain,8,49,180,0.11877372882969546,0.3083084017321427,0.3133992492108861,0.9517060419827537,0.0010431921109557152,367646.46875
ssl_pretrain,8,49,190,0.15251835323915633,0.317621405611911,0.32293207133027735,0.9532926205467673,-0.015181509777903557,366648.75
ssl_pretrain,8,49,200,0.15733631808792672,0.3172714548868514,0.3229353332452383,0.9590410039275318,-0.0034353446681052446,364954.65625
ssl_pretrain,9,50,10,0.06341363132700764,0.16479432456046134,0.16534366764503236,0.8737981581521828,-0.004507038276642561,405574.3125
ssl_pretrain,9,50,20,0.04035514299338556,0.15933485981314294,0.16017886889315197,0.8672296484751394,0.004842366557568312,398725.78125
ssl_pretrain,9,50,30,0.09300455589789441,0.24779851160902905,0.2488154870544484,0.9049802527498427,-0.0017838050844147801,394714.1875
ssl_pretrain,9,50,40,0.06024165400233162,0.19545687742170728,0.1967365747586445,0.8706408652967995,0.0008627129718661308,399123.875
ssl_pretrain,9,50,50,0.07898325236107408,0.219815839753156,0.22125407436703087,0.8979418915850503,0.0004136516945436597,394157.75
ssl_pretrain,9,50,60,0.08144592834733676,0.2188766021688022,0.2202401819187934,0.9039733215796253,0.000691485998686403,394677.09375
ssl_pretrain,9,50,70,0.03610710851054167,0.18526106579354537,0.18664098670983859,0.833534091427584,-0.01210928987711668,401839.1875
ssl_pretrain,9,50,80,0.08781721302816936,0.23671036416702107,0.23842387806435672,0.8990090060114575,-0.0052865538746118546,393169.15625
ssl_pretrain,9,50,90,0.10614152252019103,0.2560895892480615,0.2580634682160978,0.9200167747252654,-0.0159164909273386,388099.125
ssl_pretrain,9,50,100,0.09476692312606799,0.24455568413844514,0.24703618689062748,0.9185353960928139,-0.015225405804812908,384713.9375
ssl_pretrain,9,50,110,0.12276131217898564,0.2733870958742364,0.27605821175605444,0.9354502040031799,0.01348118856549263,379425.0625
ssl_pretrain,9,50,120,0.14733822520103435,0.28811293080601685,0.29114189517336186,0.9463340878746611,-0.010130892507731915,376907.375
ssl_pretrain,9,50,130,0.11472871730926164,0.2885362458741823,0.29190528855339265,0.9504780023071465,5.4623233154416084e-05,374200.40625
ssl_pretrain,9,50,140,0.11433736917062871,0.3041262567997964,0.3077147260657517,0.9464631788801389,0.007118975277990103,372406.9375
ssl_pretrain,9,50,150,0.12965453924197315,0.310628480785281,0.3146146972681768,0.9552479749013028,-0.008171253837645054,370302.40625
ssl_pretrain,9,50,160,0.12425002485709742,0.30563302474610105,0.31012265521301013,0.9550827295734183,0.012286690063774586,368978.75
ssl_pretrain,9,50,170,0.1259873430116778,0.30703273766107586,0.31181786822042584,0.956214628160355,-0.012097690254449844,367678.3125
ssl_pretrain,9,50,180,0.1259870898854751,0.32003378085109235,0.324988392963995,0.9534717444135332,0.005299233831465244,367031.5625
ssl_pretrain,9,50,190,0.15962556733696245,0.3087158913589345,0.31422667311528735,0.9586921794353235,0.0016915472224354744,365187.71875
ssl_pretrain,9,50,200,0.10464645914308417,0.3125788222969507,0.3182856513149242,0.9580638254285494,-0.008599295280873775,364857.0625
ssl_pretrain,10,51,10,0.029529384788028613,0.18118632776507582,0.18161026512250647,0.6947426138328129,-0.0005327370017766953,412160.1875
ssl_pretrain,10,51,20,0.040508655585290244,0.15447507280517622,0.15523638112715996,0.844863115948477,-0.0026128708850592375,403487.4375
ssl_pretrain,10,51,30,0.08236460932247329,0.23120205937121577,0.23210120411142826,0.8913670124182689,0.003308856161311269,398331.875
ssl_pretrain,10,51,40,0.0744637082256256,0.22178525272108265,0.2228516230040398,0.880963595772515,-0.004443283658474684,400735.1875
ssl_pretrain,10,51,50,0.062448048589205774,0.18836628606611777,0.18959559291513375,0.8618363332476472,-0.021187422797083855,402952.90625
ssl_pretrain,10,51,60,0.0765529748736755,0.20762339317338901,0.20903241593862948,0.8956700080408273,-0.021334780380129814,397599.28125
ssl_pretrain,10,51,70,0.04436618507646415,0.16535019639129903,0.16706987960018554,0.8417943159816013,-0.04201420769095421,402087.125
ssl_pretrain,10,51,80,0.06075029763950331,0.19701401221415418,0.1986764640574858,0.901197147814706,-0.032971348613500595,397570.875
ssl_pretrain,10,51,90,0.09975009174101578,0.24580457799392727,0.24770074004244036,0.9199471968091726,-0.025907229632139206,388867.125
ssl_pretrain,10,51,100,0.1049459662593335,0.2605237062231452,0.2628314484486044,0.9264530206244666,0.008634434081614017,383757.25
ssl_pretrain,10,51,110,0.10129972567190854,0.2623808907196328,0.2650893717705902,0.9326056217541452,0.011372576467692852,379703.8125
ssl_pretrain,10,51,120,0.14539954544817482,0.29741669766791196,0.30037056317422395,0.9465302607638117,-0.003453692654147744,375525.46875
ssl_pretrain,10,51,130,0.11169714715061585,0.27565644413986845,0.27905119986303983,0.93909175033013,0.007978783920407295,375232.15625
ssl_pretrain,10,51,140,0.15233027239417204,0.29894982690449307,0.30262972598303733,0.9511395416312931,0.013579201884567738,372285.28125
ssl_pretrain,10,51,150,0.13898926731961614,0.29829348718177706,0.30245986362142074,0.9482163457466402,0.008563232608139515,370935.0
ssl_pretrain,10,51,160,0.15140630374028988,0.3037723658004481,0.30821332319340916,0.9514029153662071,0.004555094987154007,369711.25
ssl_pretrain,10,51,170,0.14969273799553812,0.30304191219395815,0.3077503598133703,0.9525406801281855,0.009187624789774418,369446.71875
ssl_pretrain,10,51,180,0.10599946520508795,0.3110116725961983,0.31608797553041423,0.9492783944538291,-0.007479173131287098,367743.96875
ssl_pretrain,10,51,190,0.12242366799958326,0.3100426103588333,0.31550599508872745,0.9514996601273318,0.003479887032881379,367286.5625
ssl_pretrain,10,51,200,0.1300715757913708,0.31431198905595975,0.3200347353062951,0.9579193918933904,0.009231621399521828,365351.53125
ssl_pretrain,11,52,10,0.056478572860881725,0.17107456058397458,0.17153520238506814,0.8446724387323068,-0.0023392331786453724,406772.15625
ssl_pretrain,11,52,20,0.061234601801728475,0.21479440500768526,0.21550035447058358,0.8430671197949016,-0.016254639253020287,401968.40625
ssl_pretrain,11,52,30,0.08411143902952466,0.21384982864552887,0.21483484981321335,0.8991250487477611,0.004340078216046095,395656.34375
ssl_pretrain,11,52,40,0.08011780008145052,0.2213869809863518,0.22249011632138893,0.8911913292966877,-0.001482263207435608,398276.65625
ssl_pretrain,11,52,50,0.07526652905879211,0.21654788191013857,0.21773627755154115,0.883130871026437,-0.03962237387895584,397963.15625
ssl_pretrain,11,52,60,0.10109180533372325,0.2376499533390545,0.23899504100011812,0.9090500179410238,0.005414862185716629,392497.59375
ssl_pretrain,11,52,70,0.08550680220602139,0.22308606416302942,0.22475842329032328,0.9119206542377538,-0.0018082063179463148,391086.03125
ssl_pretrain,11,52,80,0.09293762290322463,0.22179578004360967,0.2236291938576711,0.9182984106380107,-0.022959550842642784,391521.78125
ssl_pretrain,11,52,90,0.07008786480614886,0.22431036914362557,0.22626769021748458,0.9143405359542659,-0.023390738293528557,389431.84375
ssl_pretrain,11,52,100,0.10215037641473079,0.25272388576796845,0.2550745388641648,0.9260930890520879,-0.00014907530567143112,383827.84375
ssl_pretrain,11,52,110,0.11787166394360334,0.27326109875728394,0.2759510272846695,0.9338325944683274,0.004375274293124676,379964.5
ssl_pretrain,11,52,120,0.12998446379538112,0.27797632529377037,0.28096337412600836,0.94680189259235,0.0029178611002862453,376195.1875
ssl_pretrain,11,52,130,0.10825916675966497,0.30384042041166426,0.30710058335623125,0.9425753523854188,-0.007957173511385918,374811.125
ssl_pretrain,11,52,140,0.1286723909624951,0.28880921187095443,0.2926295767103021,0.9444370355085225,0.011060561053454876,373612.15625
ssl_pretrain,11,52,150,0.15011553808341155,0.300072716757437,0.3041804071384239,0.9508877467166998,0.00975140929222107,371590.65625
ssl_pretrain,11,52,160,0.12583647175803742,0.3157344555780257,0.32008979798771997,0.9508960998860946,0.012343487702310085,369457.28125
ssl_pretrain,11,52,170,0.11756596200595906,0.29251591445023206,0.2973240424697462,0.9560759555713138,-0.005900836084038019,367858.78125
ssl_pretrain,11,52,180,0.13069782269482055,0.3048489135167958,0.3101695750386661,0.944697909337559,0.0063138990662992,367888.09375
ssl_pretrain,11,52,190,0.15478071317218048,0.3137162499374101,0.3190126845873153,0.9508575359211038,-0.004302110988646746,368478.90625
ssl_pretrain,11,52,200,0.14113894109275466,0.2945751856472841,0.30038322133144374,0.9527711690908016,-0.004294221289455891,366505.75
ssl_pretrain,12,53,10,0.05292168879728216,0.15186062059635067,0.15228303025614057,0.8457751526377041,-0.007051839493215084,408985.40625
ssl_pretrain,12,53,20,0.07093708588716208,0.2004123541373072,0.2012114379251054,0.8744057555923426,-0.0007861321209929883,401188.09375
ssl_pretrain,12,53,30,0.08369891273799572,0.22982715867878084,0.2308795130636167,0.8910635418856635,-3.240316073060967e-05,397499.375
ssl_pretrain,12,53,40,0.061740518972495634,0.19956817033220903,0.20081216855632716,0.9044888694171285,-0.0041237203404307365,394351.28125
ssl_pretrain,12,53,50,0.0594274012312222,0.1917800955710537,0.19303661964186158,0.8765706425076956,-0.01596928760409355,398341.4375
ssl_pretrain,12,53,60,0.05394725912883859,0.1770883277551824,0.17852636817533005,0.8677495897522611,-0.02530103735625744,400889.28125
ssl_pretrain,12,53,70,0.08231909672252344,0.2291949027526826,0.2308115172555066,0.8967981670981672,-0.008927096612751484,395763.25
ssl_pretrain,12,53,80,0.08873578597336383,0.2404024704556264,0.24210997064671716,0.9027038596209703,-4.9772737838793546e-05,393877.4375
ssl_pretrain,12,53,90,0.08860898634940172,0.22718272606411224,0.22907515184050867,0.9242138095166538,-0.03267069160938263,388269.9375
ssl_pretrain,12,53,100,0.10122489001393371,0.2669118071419362,0.2691660246532709,0.9389187667148556,-0.0013263323344290257,382643.25
ssl_pretrain,12,53,110,0.13662791688767,0.28284857287338333,0.2853949159717055,0.9451738885174074,-0.011246313340961933,378612.375
ssl_pretrain,12,53,120,0.14246682796931992,0.29859023748697283,0.3016416670230859,0.9430638929525941,-0.001650561927817762,377133.59375
ssl_pretrain,12,53,130,0.12488218272915963,0.279338953738475,0.2828203508820555,0.9407068964048171,-0.005642623174935579,375784.28125
ssl_pretrain,12,53,140,0.14065717556358923,0.29645925006091967,0.30015721084832186,0.9481974003147658,0.006167830433696508,372497.71875
ssl_pretrain,12,53,150,0.12343440974473975,0.3157582983270013,0.3197032927509106,0.9486494925289108,0.005650309380143881,370328.21875
ssl_pretrain,12,53,160,0.1590945567589225,0.3009941203884823,0.3054206752166455,0.955071397245836,0.0020483171101659536,368947.71875
ssl_pretrain,12,53,170,0.11183391182625256,0.30405766744242335,0.3087819996667737,0.9496532356676894,-0.0002413997717667371,368454.1875
ssl_pretrain,12,53,180,0.15358112521509035,0.3120975336707582,0.31723651719663465,0.9534902202767409,0.0009749095770530403,367323.40625
ssl_pretrain,12,53,190,0.1291613932829286,0.31299777818334296,0.3183331062708563,0.9589571033161184,0.012240281328558922,365692.84375
ssl_pretrain,12,53,200,0.1363686586925206,0.30700676885859157,0.3128827786036268,0.9548510440059347,0.010504117235541344,366635.71875
ssl_pretrain,13,54,10,0.03227570947911178,0.10830762752005284,0.10883884536763687,0.7995874800587367,-0.017947141081094742,412861.9375
ssl_pretrain,13,54,20,0.06957919311220756,0.19987813206813232,0.20058258786562086,0.8663169442601011,-0.005428141914308071,403782.84375
ssl_pretrain,13,54,30,0.0655456087698248,0.20541144262019886,0.20650480235891663,0.8986914920832798,-0.01148228906095028,395736.25
ssl_pretrain,13,54,40,0.09596378287205377,0.23832769757009392,0.23957439686257967,0.9132967329917067,0.004682426806539297,392562.625
ssl_pretrain,13,54,50,0.07837570896815198,0.22076295789022266,0.22209846969499766,0.9014251797729188,-0.008568763732910156,393580.09375
ssl_pretrain,13,54,60,0.082981761737841,0.23218947397463197,0.23356505336190472,0.9029487849003216,-0.010061509907245636,392829.5
ssl_pretrain,13,54,70,0.059962843784769286,0.21905329634204543,0.22058941347936176,0.8851463727196486,-0.027589185163378716,395956.71875
ssl_pretrain,13,54,80,0.1258681971962719,0.25909692957369684,0.2609591008731437,0.9350499215695232,0.0031642119865864515,387851.5625
ssl_pretrain,13,54,90,0.08512042829681143,0.2413487518738324,0.24326229729882923,0.9121344177290487,-0.018273327499628067,389001.4375
ssl_pretrain,13,54,100,0.12707867184924096,0.270803646876135,0.2730861062091393,0.9378040351733745,-0.0235762856900692,383063.1875
ssl_pretrain,13,54,110,0.08920879482355462,0.24803763333758871,0.25080129692816444,0.9297949630095458,-0.001379054388962686,381231.84375
ssl_pretrain,13,54,120,0.08870011975298055,0.2911282149020826,0.2941420417517774,0.929436661458433,0.0070725190453231335,377045.21875
ssl_pretrain,13,54,130,0.09208312317870995,0.2763603266986321,0.27988292632976147,0.9456010974656759,-0.005651713348925114,374869.375
ssl_pretrain,13,54,140,0.13490477649394614,0.28857834975182495,0.29237040940327086,0.9463957303091733,-0.005003646016120911,373274.6875
ssl_pretrain,13,54,150,0.11527806081715886,0.29936722478977273,0.3033521960428284,0.9498968149206227,0.012075620703399181,371548.65625
ssl_pretrain,13,54,160,0.11986222008638128,0.3020106184884458,0.3064043151508653,0.9547731839925198,0.008254311047494411,368879.375
ssl_pretrain,13,54,170,0.15908393324097678,0.312630744543769,0.31737858686876125,0.9533982032463391,-0.010408761911094189,368418.53125
ssl_pretrain,13,54,180,0.1335859507236259,0.30903347154126487,0.31409302086746016,0.9526465552737846,0.0056426567025482655,367310.75
ssl_pretrain,13,54,190,0.12422615377116059,0.31153805940885104,0.31679964406576366,0.9558927314739107,-0.008902079425752163,366194.21875
ssl_pretrain,13,54,200,0.10504277975406838,0.2992414287018069,0.3051260714419326,0.9511243817996821,-0.0159731637686491,366359.75
ssl_pretrain,14,55,10,0.04091018864502555,0.15727124245821847,0.15770732289135994,0.8028405822353023,-0.0017895008204504848,408139.78125
ssl_pretrain,14,55,20,0.04610921278293081,0.1881762086685943,0.18891634445175243,0.8147085252744923,-2.838227737811394e-05,403979.15625
ssl_pretrain,14,55,30,0.07820347392456958,0.2110274583549906,0.21197701566416416,0.8966391759366324,0.00013779882283415645,398778.90625
ssl_pretrain,14,55,40,0.06862788509549851,0.2194891527427039,0.22064405809323556,0.8767910818439891,-0.004201364703476429,396687.65625
ssl_pretrain,14,55,50,0.07078773957215456,0.20099891020480512,0.20227099563942225,0.8863645161226297,-0.027009664103388786,400349.1875
ssl_pretrain,14,55,60,0.06327857910839414,0.19826523380240402,0.19960426534140172,0.8675018192424435,-0.01896384358406067,399408.9375
ssl_pretrain,14,55,70,0.08506238943098401,0.2530932588912703,0.25477328754912876,0.9192986140823769,-0.023198885843157768,389413.8125
ssl_pretrain,14,55,80,0.07815791192562736,0.2274414019609131,0.22949457525885242,0.8901050029328049,-0.02944624051451683,394398.3125
ssl_pretrain,14,55,90,0.07612480629464331,0.22411652236748134,0.2262604126514198,0.9012055143651351,-0.003993337042629719,388793.78125
ssl_pretrain,14,55,100,0.12823366152898455,0.2563047471796436,0.2587569626526669,0.9406869361858141,-0.00873410701751709,383727.71875
ssl_pretrain,14,55,110,0.12426369275908825,0.2769971915726958,0.279674341939278,0.9365108232285524,0.009414367377758026,379606.6875
ssl_pretrain,14,55,120,0.0921326255450494,0.26944076269294753,0.27253275869834154,0.943277140980622,-0.001526778331026435,376847.59375
ssl_pretrain,14,55,130,0.11915801670123331,0.2858877642024021,0.2892028099819625,0.94393577849835,0.007151106372475624,375073.21875
ssl_pretrain,14,55,140,0.14687852227628703,0.3054140599195962,0.3091241124643663,0.9463190272270329,0.004024698864668608,373014.5
ssl_pretrain,14,55,150,0.12740990100467392,0.2996251864476172,0.3036598041076518,0.9526957748264133,0.005639464594423771,370536.8125
ssl_pretrain,14,55,160,0.11684551180451277,0.27560942415787193,0.2801917474565131,0.9433344061149213,-0.006546604912728071,371514.96875
ssl_pretrain,14,55,170,0.16247729990791648,0.3138799237772088,0.3185752587037298,0.955175827709233,0.005860057659447193,367741.8125
ssl_pretrain,14,55,180,0.11934783576615828,0.30640553164458884,0.311481252735018,0.9563844045529701,-0.012218130752444267,366748.21875
ssl_pretrain,14,55,190,0.13688873748952393,0.31196733130063176,0.3173804509820148,0.9596070016098722,0.009861196391284466,365803.5625
ssl_pretrain,14,55,200,0.1217676597155921,0.3131911712032572,0.3188880039476703,0.9542192106954691,-0.013753367587924004,365083.34375
ssl_pretrain,15,56,10,0.04466260377773902,0.16908559570204634,0.16955666214539628,0.8393674609855195,-0.004667196422815323,407022.125
ssl_pretrain,15,56,20,0.06425032984262473,0.192004969197863,0.19277435905113394,0.8824474488399279,-0.0017138142138719559,401393.5625
ssl_pretrain,15,56,30,0.058336101797384264,0.17584621648594573,0.17675565185500072,0.8629891083609974,-0.008316769264638424,402001.8125
ssl_pretrain,15,56,40,0.05198293924450191,0.20013731601396256,0.2013541432542389,0.8825018275442603,-0.0029621897265315056,395499.34375
ssl_pretrain,15,56,50,0.08857503767961714,0.2272649661989529,0.22859382879593287,0.9004405968081408,0.0017176911933347583,394479.0
ssl_pretrain,15,56,60,0.07854754877306526,0.2241108841842571,0.22560313163633922,0.9011548581706627,0.0033711115829646587,393070.4375
ssl_pretrain,15,56,70,0.0703158558537729,0.22083410412210325,0.22221079724403822,0.8754324499634385,-0.0004701970610767603,398048.125
ssl_pretrain,15,56,80,0.07256958206676355,0.24902249986472996,0.2506429421350732,0.9182843316183688,0.001460166764445603,389648.1875
ssl_pretrain,15,56,90,0.08277696478250121,0.25211756677652547,0.25411052148219315,0.9166080221854132,-0.024321449920535088,389201.0625
ssl_pretrain,15,56,100,0.08673054142891999,0.24505197827373862,0.24750733297861524,0.9113707152638773,-0.015660906210541725,385132.75
ssl_pretrain,15,56,110,0.13002081545219102,0.27726698903460495,0.27993557624404997,0.941519719121257,-0.00806822907179594,379946.34375
ssl_pretrain,15,56,120,0.1219868055292004,0.27212308501306764,0.2753295889127122,0.9379105029579433,-0.00982676912099123,377586.46875
ssl_pretrain,15,56,130,0.14631557815374654,0.29296972863886983,0.2963652078292952,0.9476586756454008,0.00846267119050026,374206.125
ssl_pretrain,15,56,140,0.15409685565315145,0.3035561348261559,0.30723492135516967,0.9511041765551593,-0.011514808982610703,372201.0
ssl_pretrain,15,56,150,0.14040946172159563,0.30113213390865995,0.30516078524308304,0.9481692293639576,-0.008873078040778637,371183.03125
ssl_pretrain,15,56,160,0.12314300253164208,0.31288010610610995,0.31722104123457046,0.9514880122303555,0.002868090756237507,369098.375
ssl_pretrain,15,56,170,0.14885784739955635,0.30956065085153406,0.31433628511152556,0.9531213688951128,0.006980114616453648,368664.3125
ssl_pretrain,15,56,180,0.12401539887315782,0.3045283545927426,0.30963247630769863,0.9569338944992415,0.0049715591594576836,366667.5
ssl_pretrain,15,56,190,0.14439859013182896,0.29884375004764185,0.30436632299592914,0.9536831896993121,-0.010961053892970085,366785.4375
ssl_pretrain,15,56,200,0.12185935980574317,0.33200569652919626,0.33759777473301317,0.9559492823074673,-0.0019517805194482207,363846.4375
ssl_pretrain,16,57,10,0.05445832097180358,0.17581015305355296,0.17633499146549583,0.8411275783603566,-0.000564151385333389,403935.21875
ssl_pretrain,16,57,20,0.05737336615479163,0.20153264354827188,0.20249296397764208,0.9034651856613886,0.003149104304611683,396271.125
ssl_pretrain,16,57,30,0.08275260512772636,0.2169531374907124,0.21798824618484605,0.9038797438980567,-0.008608723059296608,396476.40625
ssl_pretrain,16,57,40,0.09696169029063179,0.23602391500280626,0.2373766893030789,0.9190537547104888,0.00862344540655613,388981.125
ssl_pretrain,16,57,50,0.07291966346879207,0.2098903519404767,0.21108304528832567,0.8861867440337791,0.0015614560106769204,398319.8125
ssl_pretrain,16,57,60,0.07811488636456163,0.23706436229304867,0.23855364953940097,0.8948594790566958,-0.04043171554803848,393207.59375
ssl_pretrain,16,57,70,0.07980453897038191,0.21079267838574262,0.2124260421851149,0.8990635050864105,-0.016904983669519424,394937.625
ssl_pretrain,16,57,80,0.07267533428257533,0.24189966620975323,0.24364011661184015,0.9103154141780249,0.002694995841011405,390650.5625
ssl_pretrain,16,57,90,0.05986565321295347,0.23591222029865636,0.23808856997570083,0.9143364445856295,0.003104581031948328,388282.0625
ssl_pretrain,16,57,100,0.12421073550037617,0.27795224504617994,0.2802406880173401,0.9330115565010488,-0.04009079933166504,382368.59375
ssl_pretrain,16,57,110,0.1357351040355231,0.28091524420086783,0.28352638780739253,0.944209781997853,-0.008845645003020763,378217.375
ssl_pretrain,16,57,120,0.10487505707133,0.27397429754872243,0.27710098075100575,0.9442094325063632,-0.01030636578798294,376456.28125
ssl_pretrain,16,57,130,0.14687771812678144,0.29843315803506726,0.30184240072697305,0.9474574741870091,-0.008503435179591179,373993.625
ssl_pretrain,16,57,140,0.14489070401648413,0.30562699988076203,0.3093559749764233,0.9468179344571434,0.002756441943347454,372420.96875
ssl_pretrain,16,57,150,0.11042727074922236,0.30493497140979525,0.30896936732671365,0.9456377543398252,-0.01202920638024807,370450.25
ssl_pretrain,16,57,160,0.12075110525135377,0.30176163416365603,0.3062952855570448,0.9536527509566217,-0.0036897598765790462,369484.65625
ssl_pretrain,16,57,170,0.14704003984740802,0.3141469459693677,0.3189063150630742,0.9538839765803933,0.00041145720751956105,367779.09375
ssl_pretrain,16,57,180,0.14586566439618362,0.3130689424083114,0.31806993389617555,0.9535327032415175,-0.0007573378970846534,367852.3125
ssl_pretrain,16,57,190,0.14061835967007083,0.3115415047942435,0.3168517799426373,0.959037758733253,0.00012968767259735614,365943.875
ssl_pretrain,16,57,200,0.14174651404706054,0.3168862418475059,0.32271780030620706,0.951760461827898,0.01037779450416565,365330.65625
ssl_pretrain,17,58,10,0.04286536010630478,0.14331414778399013,0.14385870481161256,0.8343502450825623,8.50163196446374e-05,404779.1875
ssl_pretrain,17,58,20,0.06825307938287482,0.19401874759966142,0.19472759115489235,0.8655524943937335,-0.0010767931817099452,403218.5
ssl_pretrain,17,58,30,0.08351898893514682,0.22933443195012676,0.23041866396466054,0.8975255848345356,0.0019314534729346633,395893.3125
ssl_pretrain,17,58,40,0.0909817479720114,0.263999932257735,0.26518883516658104,0.9044215081750189,-0.003776323050260544,395411.875
ssl_pretrain,17,58,50,0.05873047159451494,0.19965021870750152,0.20091791318931615,0.8548556513249547,0.0015191499842330813,398621.1875
ssl_pretrain,17,58,60,0.0691830354615711,0.22720254888767574,0.22861183748990932,0.8776877265876099,0.002784118754789233,394874.59375
ssl_pretrain,17,58,70,0.06792468185090592,0.19566021126894578,0.19721436262632794,0.876283647021527,-0.023802045732736588,400952.90625
ssl_pretrain,17,58,80,0.07218967602256238,0.2271449932054232,0.22879757533872191,0.8827122834551382,-0.0025903719943016768,395406.625
ssl_pretrain,17,58,90,0.10012032816366681,0.25559808508446946,0.2576849224443596,0.9119490612347034,-0.00769604928791523,388129.96875
ssl_pretrain,17,58,100,0.10702117159915854,0.2578591555903627,0.26030462606589805,0.9240170628276214,0.0006890467484481633,383345.09375
ssl_pretrain,17,58,110,0.12267168646852443,0.2687743994949273,0.271480599664827,0.9337672157320996,-0.0072748479433357716,381424.3125
ssl_pretrain,17,58,120,0.09119402631937489,0.27931197184323925,0.2823419372500771,0.9354411223303656,0.005638214759528637,377544.03125
ssl_pretrain,17,58,130,0.10104020186024512,0.28747825851445274,0.2908575151124567,0.9402747745628283,0.008858813904225826,375380.28125
ssl_pretrain,17,58,140,0.13261436021517797,0.28466568169735573,0.2885345119916136,0.9481558451603943,0.00928536243736744,372994.71875
ssl_pretrain,17,58,150,0.1542032958165888,0.29481201295675136,0.2989032521488274,0.9569702338672682,-0.00014320721675176173,370250.40625
ssl_pretrain,17,58,160,0.1233071444506324,0.3058088054095509,0.3101595746863669,0.9558539109804057,0.0025764168240129948,368915.65625
ssl_pretrain,17,58,170,0.14518042278810533,0.3045719158220066,0.309338594860882,0.9550274158986536,0.0015527206705883145,368469.65625
ssl_pretrain,17,58,180,0.14634391512596445,0.3031542885491334,0.30823169530693556,0.9566529438366613,0.0070856064558029175,367940.21875
ssl_pretrain,17,58,190,0.12916184898831234,0.31556590816921265,0.32092878655124035,0.9568257612454035,-0.0024895172100514174,365734.9375
ssl_pretrain,17,58,200,0.11654216805486717,0.3148178355116996,0.32042309366757527,0.9549952152023935,0.009302377700805664,366065.125
ssl_pretrain,18,59,10,0.04278321617791028,0.16334021539329965,0.16384375084375996,0.8150416197739101,-0.0015151354018598795,407735.40625
ssl_pretrain,18,59,20,0.04376491802916975,0.15798998430625505,0.15862527969894208,0.8082084359953801,-0.0006116897566244006,406188.46875
ssl_pretrain,18,59,30,0.0800245278909542,0.23461379334189097,0.2356672624483849,0.8951694159154723,0.006861329544335604,393869.03125
ssl_pretrain,18,59,40,0.058816389224656165,0.17950280986727138,0.18051600324339243,0.8638546682575095,-0.03181998431682587,400415.4375
ssl_pretrain,18,59,50,0.04778833634066521,0.1873784402942024,0.1888030645471377,0.8787478236005093,-0.019855407997965813,397090.625
ssl_pretrain,18,59,60,0.0745973275109112,0.22039436603002882,0.22182720577474335,0.8779291767301707,-0.01766437105834484,396575.46875
ssl_pretrain,18,59,70,0.05476131341943767,0.20429451842063737,0.20593199804115492,0.8272457979821378,-0.02805159240961075,402448.78125
ssl_pretrain,18,59,80,0.08741064985091415,0.24452717060030163,0.24632328521531047,0.8962529349031306,-0.018571525812149048,392426.28125
ssl_pretrain,18,59,90,0.1106219567194663,0.2667490501285641,0.268743656261644,0.9244875019071077,0.004256460350006819,386817.78125
ssl_pretrain,18,59,100,0.07901921987772062,0.23498616559699875,0.23739390679369124,0.9253370092574743,0.0035334290005266666,385410.03125
ssl_pretrain,18,59,110,0.11485481889874802,0.27303701121707924,0.275750252726953,0.9316390726089306,-0.002628151560202241,379527.3125
ssl_pretrain,18,59,120,0.1300896249255562,0.261741513609412,0.2649408209383728,0.9460472352369034,-9.299039902543882e-07,377328.59375
ssl_pretrain,18,59,130,0.12381551169103043,0.27278317604023566,0.27616339930714073,0.9419099837378921,0.007380049210041761,375703.15625
ssl_pretrain,18,59,140,0.13728184616924424,0.28706124740320205,0.2908370306165354,0.9499868581310773,-0.01036058645695448,372660.625
ssl_pretrain,18,59,150,0.11970162658149235,0.2888920672192871,0.29294361082912224,0.9538606858923618,-0.009851931594312191,370983.03125
ssl_pretrain,18,59,160,0.11609770566222283,0.30530018735797043,0.30961679311954554,0.948076867713232,0.009151513688266277,370556.9375
ssl_pretrain,18,59,170,0.12689094378075075,0.2877407491892748,0.2927074630924873,0.9496774436021514,-0.01571928709745407,369604.84375
ssl_pretrain,18,59,180,0.15104518957257643,0.304173266182855,0.30943017093239894,0.9521554147951065,0.002823320683091879,368477.21875
ssl_pretrain,18,59,190,0.12801656854415724,0.29019059404559805,0.2957913595057848,0.9488951369214821,0.008983638137578964,367326.75
ssl_pretrain,18,59,200,0.17081877912633842,0.3253846120052963,0.3311464433492657,0.9568726242100756,0.010766111314296722,365249.75
ssl_pretrain,19,60,10,0.04179420430746434,0.1506699408275422,0.15121254725813194,0.8112602935773247,0.0025686663575470448,404984.84375
ssl_pretrain,19,60,20,0.08517037046757168,0.2175834032391882,0.21835390061248927,0.8869199872738874,0.0023609469644725323,400443.03125
ssl_pretrain,19,60,30,0.06383521510576584,0.2116481114858165,0.21267315061318642,0.8662531819293497,0.0033007992897182703,399530.4375
ssl_pretrain,19,60,40,0.08120253940102441,0.22899409846649318,0.23010707335985672,0.8937049505583331,-0.015313572250306606,395424.5
ssl_pretrain,19,60,50,0.08695050793669203,0.2233959391025985,0.22481914659148006,0.9235093732959962,0.00474069407209754,390794.3125
ssl_pretrain,19,60,60,0.09715270893418557,0.23297110641829996,0.2344153070120045,0.9148482463203963,-0.01339236181229353,393563.46875
ssl_pretrain,19,60,70,0.08837156615324573,0.22677088957092692,0.22843593669510243,0.9094884915487491,-0.03256072476506233,391239.84375
ssl_pretrain,19,60,80,0.07504261162502243,0.2121888707484898,0.21403005618435875,0.8847135659212908,-0.002712895628064871,394591.78125
ssl_pretrain,19,60,90,0.09771309622589797,0.26119872415016665,0.2630708110051801,0.9305050535975562,-0.0007533598691225052,387163.8125
ssl_pretrain,19,60,100,0.08442315486014894,0.2456638318228942,0.24812421493776798,0.9123781454058237,-0.00018771826580632478,385461.03125
ssl_pretrain,19,60,110,0.12968904153004854,0.2812988419952892,0.28391966327296037,0.9370305894958298,0.012257312424480915,379596.6875
ssl_pretrain,19,60,120,0.10118414487039688,0.26558739015668104,0.2687364735610764,0.9319132078059825,0.0012781446566805243,378285.03125
ssl_pretrain,19,60,130,0.11654617222124394,0.3080557338128721,0.3113909402959706,0.9434616932043751,0.005036153830587864,373966.5625
ssl_pretrain,19,60,140,0.14539966393445838,0.30669270339673044,0.310365249208463,0.9470513721771759,-0.0006313739577308297,372890.71875
ssl_pretrain,19,60,150,0.152805277925203,0.3091372424745239,0.3131693473139516,0.9559975185888249,0.0035254559479653835,370090.53125
ssl_pretrain,19,60,160,0.11720682112465147,0.3041609773202229,0.3085660034430083,0.956156680065104,-0.014443383552134037,368979.59375
ssl_pretrain,19,60,170,0.13005615384456923,0.2930188113852859,0.2979079061338434,0.9489928207612512,-0.008807885460555553,369747.875
ssl_pretrain,19,60,180,0.1552010743454884,0.31176934462358974,0.31684133045345414,0.9536196229781553,0.010947786271572113,367066.03125
ssl_pretrain,19,60,190,0.14794191311477173,0.3107974164522501,0.31622354952420373,0.9522085125588416,-0.008752981200814247,366966.6875
ssl_pretrain,19,60,200,0.12686269654476487,0.31531351259453355,0.3209163904026727,0.9574570981077561,-0.008474304340779781,365202.71875
ssl_pretrain,20,61,10,0.02822026965435683,0.12838308949704458,0.12893453313305062,0.8022539974207609,-0.001176128862425685,407233.4375
ssl_pretrain,20,61,20,0.057371444102838856,0.187654772927416,0.1883621504423917,0.8562305247294167,-0.0005422161193564534,404703.875
ssl_pretrain,20,61,30,0.09828870045336828,0.23719018893658525,0.23821088563249176,0.9122908710717752,0.0036590357776731253,395751.5625
ssl_pretrain,20,61,40,0.0861273304809363,0.21766236043628245,0.21882254362399825,0.9050589396290175,0.0037841617595404387,394588.25
ssl_pretrain,20,61,50,0.05359682557328534,0.16893746766414364,0.1700970361287663,0.8756677906074116,-0.012827643193304539,399346.8125
ssl_pretrain,20,61,60,0.08084892715701757,0.21775520417470068,0.2192021511930484,0.9197055054558605,0.003915870096534491,390890.96875
ssl_pretrain,20,61,70,0.06407111957307515,0.20905066095354544,0.2107489768991639,0.9098002248113898,0.0017298614839091897,392632.6875
ssl_pretrain,20,61,80,0.09073458807464937,0.24619700913917306,0.24801498264828617,0.9076992877373355,-0.017251217737793922,392611.65625
ssl_pretrain,20,61,90,0.07480234126965461,0.23304977921851963,0.23512449479899997,0.8938343755027827,-0.004824089352041483,389474.96875
ssl_pretrain,20,61,100,0.128568263682606,0.28135457898638716,0.2837077650363648,0.9378411048054831,-0.0043378411792218685,382020.4375
ssl_pretrain,20,61,110,0.12567674161969966,0.2644990177095534,0.267209023939442,0.9415538364746244,-0.0019007580121979117,379592.125
ssl_pretrain,20,61,120,0.10818312961897089,0.29456434324535,0.29764117582442984,0.942769749998654,-0.01936349645256996,376300.375
ssl_pretrain,20,61,130,0.09385113994400945,0.26861377680668813,0.2720911407053361,0.9414569975180604,-0.009707873687148094,375191.875
ssl_pretrain,20,61,140,0.14083352405016983,0.30049538525200165,0.30430910682134454,0.9473546436375506,-0.011408930644392967,372712.96875
ssl_pretrain,20,61,150,0.15448712095785222,0.3062824621495347,0.31036285962139315,0.9561130237948925,-0.0008727878448553383,369857.9375
ssl_pretrain,20,61,160,0.12467110287851003,0.29242248300282814,0.2970264555967581,0.9513895083327212,0.007875820621848106,369512.3125
ssl_pretrain,20,61,170,0.11772313831119663,0.3021153017369867,0.3069075163329369,0.9509587424355486,-0.0031482200138270855,369347.125
ssl_pretrain,20,61,180,0.1435243019600624,0.31728620714842,0.3222044139417974,0.9558247747757717,0.01027069240808487,366862.75
ssl_pretrain,20,61,190,0.11554484778863783,0.3233120606700028,0.3287699540970175,0.9480486170044162,0.00905522145330906,366936.0
ssl_pretrain,20,61,200,0.1615845647795358,0.3235592558175881,0.3292027945459885,0.9555699630835038,0.010181013494729996,364943.21875
ssl_pretrain,21,62,10,0.0416923470855663,0.14805728728093143,0.1485534598456754,0.8184289374812963,0.0005153439706191421,406627.4375
ssl_pretrain,21,62,20,0.05227847360579278,0.16894744983515653,0.16965869586518917,0.8624556444922464,-0.0050933267921209335,401423.03125
ssl_pretrain,21,62,30,0.07000399298882001,0.21651756133293523,0.21749443054270462,0.8776247294994337,0.0030559527222067118,396948.90625
ssl_pretrain,21,62,40,0.09824800324696009,0.24107955586363514,0.2423045682531431,0.914044048971761,-0.007228219415992498,392245.21875
ssl_pretrain,21,62,50,0.051083569530330886,0.19410360532872287,0.1953230115886952,0.8379413708503601,-0.00412609102204442,401406.6875
ssl_pretrain,21,62,60,0.10309704670773387,0.239381963846795,0.2408983224708866,0.9178236631589006,0.004097041208297014,391539.8125
ssl_pretrain,21,62,70,0.08351859565824954,0.22559721779475939,0.2271171303971856,0.8918280745618535,-0.034429553896188736,396888.3125
ssl_pretrain,21,62,80,0.08133010799025821,0.23501364126062485,0.23668163582292814,0.8882328370017352,-0.006843704264611006,397272.46875
ssl_pretrain,21,62,90,0.09206210088254176,0.25930381178029255,0.2612010627070078,0.9082946988699521,-0.014829915948212147,388249.5
ssl_pretrain,21,62,100,0.11623208742349997,0.26012234229770104,0.26228491431970685,0.9355864695906305,-0.022007055580615997,383721.59375
ssl_pretrain,21,62,110,0.1175459696031051,0.27753851558570913,0.2802237337347068,0.9340905171337089,-0.0035355561412870884,379623.1875
ssl_pretrain,21,62,120,0.1350842432844124,0.2976321985057035,0.3005470437776175,0.940273131160528,-0.016132425516843796,376587.21875
ssl_pretrain,21,62,130,0.09572603254037627,0.277180960135174,0.28074723470093166,0.9319934963010695,-0.012025302276015282,375883.5
ssl_pretrain,21,62,140,0.15505303877465898,0.30287728471454217,0.3065130630631649,0.9530284434215924,0.009633000008761883,372039.9375
ssl_pretrain,21,62,150,0.12060990593314258,0.3080883985866383,0.3122420289779747,0.9372705998273546,0.00051356409676373,372349.875
ssl_pretrain,21,62,160,0.13296201269861083,0.30175316333270885,0.30618713762138683,0.956569888167142,-0.009276485070586205,368876.3125
ssl_pretrain,21,62,170,0.15966770748729808,0.3053006278737532,0.3100434520507293,0.9568885334383002,0.007179885637015104,368217.40625
ssl_pretrain,21,62,180,0.1522031690145988,0.3149287738836548,0.32003863717471426,0.9539231250853066,0.010110733099281788,367665.625
ssl_pretrain,21,62,190,0.1567836560960447,0.32190014455575927,0.3271720945444053,0.956669851008344,-0.007318255491554737,365687.5625
ssl_pretrain,21,62,200,0.13062165306076115,0.31386577907442087,0.3194572701206638,0.9602614719331023,-0.0014181125443428755,364650.59375
ssl_pretrain,22,63,10,0.06807360493169512,0.1986863777673246,0.19918517593966992,0.8602481554739599,-0.0007149925222620368,404466.03125
ssl_pretrain,22,63,20,0.09241490269114716,0.21441244591445097,0.2154021152002462,0.9163866095549353,0.006745559629052877,391959.15625
ssl_pretrain,22,63,30,0.054844559492148226,0.19731602905115042,0.19832619047025782,0.8529591600232397,0.004153532907366753,398015.75
ssl_pretrain,22,63,40,0.07114083353553106,0.21175879850520524,0.21297559037243363,0.913719033213156,-0.01608702354133129,393965.09375
ssl_pretrain,22,63,50,0.09002911743912387,0.24549249882748553,0.24693306646567406,0.9056581999804992,-0.013027611188590527,393244.875
ssl_pretrain,22,63,60,0.07341245364356123,0.19043474096473717,0.1917648215995332,0.8926477710804365,-0.00032226662733592093,397941.15625
ssl_pretrain,22,63,70,0.05576640624362053,0.2113419390881644,0.21280118355734437,0.8910663382284033,-0.012112191878259182,396681.375
ssl_pretrain,22,63,80,0.04769125671775181,0.21170256132692802,0.21342427048402385,0.8650603741064202,-0.042512401938438416,396353.25
ssl_pretrain,22,63,90,0.06710456898542937,0.22858342734581982,0.23062810548775214,0.8877297232556661,-0.016851361840963364,389026.46875
ssl_pretrain,22,63,100,0.09035718124479294,0.24714001891591214,0.24961743880012216,0.9114710071728851,-0.03085670806467533,385361.25
ssl_pretrain,22,63,110,0.10660618106212234,0.2718292581953333,0.2744570797725049,0.9267531913235695,-0.010687662288546562,380879.6875
ssl_pretrain,22,63,120,0.1344395484457678,0.29229693271741947,0.2952468469961011,0.9400359762713115,-0.01880849525332451,377536.9375
ssl_pretrain,22,63,130,0.14420277650994903,0.2914878453165685,0.29482875411543275,0.9473420283152649,-0.004266142379492521,375179.59375
ssl_pretrain,22,63,140,0.12409811480779867,0.3118980726441301,0.3154664266254637,0.9507090516299214,0.006200968753546476,371719.84375
ssl_pretrain,22,63,150,0.14687333597502636,0.3137524386618738,0.3177110742814214,0.9518348391336741,-0.009116082452237606,370122.90625
ssl_pretrain,22,63,160,0.13914178636962554,0.29571360135120983,0.30023620760215286,0.9498712053228103,0.0033889443147927523,370085.5625
ssl_pretrain,22,63,170,0.12680253576795988,0.30821275948591315,0.31309809103845754,0.9460864535227372,0.01087259128689766,369235.21875
ssl_pretrain,22,63,180,0.1291213262776891,0.3156146735908442,0.3206932395349572,0.9545922739924205,0.006199984811246395,367163.65625
ssl_pretrain,22,63,190,0.1763240231148526,0.3202745858712551,0.325622357069914,0.959776551698678,0.005899062380194664,365156.09375
ssl_pretrain,22,63,200,0.14299144290175997,0.31569297125436785,0.32154154804918855,0.9508867726008731,0.0043558720499277115,366536.8125
ssl_pretrain,23,64,10,0.024634512884791245,0.10589254444137326,0.10642845069891747,0.7775576816141523,-0.006104408297687769,414101.40625
ssl_pretrain,23,64,20,0.06592119704606057,0.19245353220950207,0.19316649191243704,0.8790639507722784,-0.008852774277329445,402405.65625
ssl_pretrain,23,64,30,0.08687492730266862,0.20761992838743606,0.20859287657768602,0.9064058204964629,-0.0049839927814900875,397689.03125
ssl_pretrain,23,64,40,0.05862119670287905,0.19241738787594764,0.1936601426603559,0.8775087527879707,0.002736786613240838,396885.40625
ssl_pretrain,23,64,50,0.07127410346121152,0.21655649902244045,0.21785563513208503,0.884320472624416,-0.007011851295828819,396240.46875
ssl_pretrain,23,64,60,0.07294728751002813,0.23443521797408476,0.23583907259870657,0.9085507836385249,-0.00928819365799427,392294.78125
ssl_pretrain,23,64,70,0.0850953343464893,0.22854558177602116,0.23011086981805765,0.9033799531088565,-0.03303641453385353,393589.84375
ssl_pretrain,23,64,80,0.06606545495347574,0.22350795831087578,0.22538307315952963,0.9064128853304784,-0.009134862571954727,393169.09375
ssl_pretrain,23,64,90,0.10976367539905695,0.25775668403900337,0.25963465897181137,0.9254452280208171,-0.0019971493165940046,387648.65625
ssl_pretrain,23,64,100,0.1049708576437511,0.2645077405078205,0.26679454013341464,0.9209195722797695,-0.02845827303826809,384487.28125
ssl_pretrain,23,64,110,0.11912312185743615,0.2704712161373311,0.2733159881263623,0.9393178544803736,-0.003615776775404811,380240.21875
ssl_pretrain,23,64,120,0.13462633514910197,0.2931999282704081,0.2961821070541277,0.9403872322970067,-0.007122845388948917,377170.3125
ssl_pretrain,23,64,130,0.14150173529990154,0.29470120900211944,0.29797304937406954,0.9493868871175553,0.004023430868983269,374652.46875
ssl_pretrain,23,64,140,0.14329163038676968,0.3125651329837517,0.316217009464037,0.9441354653762416,0.007615602109581232,372827.9375
ssl_pretrain,23,64,150,0.16287007283449534,0.31261568110746385,0.31657547552342774,0.9528158960198291,0.006342883221805096,370582.40625
ssl_pretrain,23,64,160,0.10718722471232128,0.29850236484522824,0.30292896731954044,0.9536589957327719,0.003593915607780218,369780.46875
ssl_pretrain,23,64,170,0.1583234475334579,0.32249923068234637,0.32704226117283725,0.9554443761483689,0.012320599518716335,368119.6875
ssl_pretrain,23,64,180,0.1542659950537679,0.32152187938969823,0.3265600269227073,0.9518347466988971,0.008031983859837055,367265.9375
ssl_pretrain,23,64,190,0.15603174612214524,0.311412234120331,0.3168520500732245,0.9551679253281058,0.0005130132776685059,366233.34375
ssl_pretrain,23,64,200,0.1400877231804574,0.32004675979366753,0.3256075409766795,0.9614841847832548,0.012773950584232807,363626.46875
ssl_pretrain,24,65,10,0.0504461341077448,0.17639800291980892,0.17691255349452123,0.8455692302564843,-0.0008645686903037131,405816.21875
ssl_pretrain,24,65,20,0.06917865293215182,0.18802012900191512,0.18892852012911032,0.8854876432658221,-0.005778098478913307,400404.5625
ssl_pretrain,24,65,30,0.0773990711769701,0.22601170021192016,0.2269773563580313,0.8857152966816152,-0.003645662683993578,397453.40625
ssl_pretrain,24,65,40,0.09623078535989203,0.23471115065468443,0.23585854267059547,0.9164063762771386,0.007030256558209658,392360.375
ssl_pretrain,24,65,50,0.1013732198552689,0.22057030336889658,0.22197426659022318,0.9197978577163866,-0.01728835143148899,393898.5625
ssl_pretrain,24,65,60,0.068002112990305,0.24497416748359566,0.24662653852318792,0.9095211217292614,-0.0075531923212111,389027.03125
ssl_pretrain,24,65,70,0.057341791754204244,0.18820946174885692,0.18982536926981042,0.8842898105710424,-0.023240497335791588,395421.71875
ssl_pretrain,24,65,80,0.0642031202358187,0.23933586780759872,0.24101012399109611,0.8914640954613325,-0.013556460849940777,394044.65625
ssl_pretrain,24,65,90,0.10252103042799299,0.2510297893938176,0.2530896530532492,0.9158846171747599,-0.026520706713199615,388643.125
ssl_pretrain,24,65,100,0.0765953607938683,0.24199759664561835,0.2444210582424866,0.9086682966453246,-0.01749015785753727,384065.46875
ssl_pretrain,24,65,110,0.09063884851514901,0.2536383357917522,0.25647631517407476,0.9081644181848789,-0.01565444841980934,382222.65625
ssl_pretrain,24,65,120,0.1301665123798009,0.294955692272335,0.2980913976381499,0.9366000891652385,0.006577420048415661,376491.375
ssl_pretrain,24,65,130,0.14339344206368965,0.29997751788933097,0.30326199477593135,0.9492486097385381,0.000246991403400898,374239.03125
ssl_pretrain,24,65,140,0.1395955880636581,0.2950273597426836,0.29883510086236553,0.9455942273609239,-0.004801845643669367,373207.21875
ssl_pretrain,24,65,150,0.13275438779244184,0.29283036510606153,0.2969688200989929,0.9471809510035207,-0.0011987409088760614,371458.15625
ssl_pretrain,24,65,160,0.13204763511245263,0.31088791323709214,0.31519098271365253,0.9563275814623151,0.000212282087886706,368786.25
ssl_pretrain,24,65,170,0.14461777385962996,0.3171827447897548,0.3219383347134322,0.9478997787613993,-0.01899796538054943,368489.0
ssl_pretrain,24,65,180,0.13809973104152068,0.3078552680749419,0.313056571803253,0.9461826237210264,-0.025607317686080933,368530.3125
ssl_pretrain,24,65,190,0.15213711074594494,0.31710475002459854,0.3224922496591388,0.9531877667614365,-0.026359912008047104,366252.375
ssl_pretrain,24,65,200,0.13856315646847428,0.31947037243272774,0.3252186180882134,0.9475594720018331,-0.014902956783771515,366066.21875
ssl_pretrain,25,66,10,0.037691005656445536,0.13347683118760936,0.13391122616793869,0.8353486022963178,-0.02057083509862423,409003.1875
ssl_pretrain,25,66,20,0.08252284626729739,0.22051626075795294,0.22130205047744309,0.8941673497489573,-0.002269204705953598,400070.875
ssl_pretrain,25,66,30,0.07665104122942303,0.20237413480486946,0.20341091853804397,0.8992116151194517,0.0014817367773503065,397875.78125
ssl_pretrain,25,66,40,0.0767416964766147,0.2176308307277907,0.2188176615811498,0.8854805790186941,0.004139356780797243,396895.9375
ssl_pretrain,25,66,50,0.04653679771101897,0.16997273454712705,0.17128896802146515,0.8411559295443075,-0.04002263769507408,399986.28125
ssl_pretrain,25,66,60,0.08810739957420666,0.23708858446097192,0.2383181986811135,0.8985198912922678,0.002966907573863864,394822.125
ssl_pretrain,25,66,70,0.06288580782726556,0.19966172410061067,0.20128031097344487,0.8886337891326868,-0.015754297375679016,394674.03125
ssl_pretrain,25,66,80,0.08217059338117412,0.21316577057907835,0.21495773993853992,0.9025963761689418,-0.020107446238398552,397252.5625
ssl_pretrain,25,66,90,0.10283339190376435,0.23627178648500552,0.23824512573333873,0.9278389494043127,0.0037287375889718533,388255.375
ssl_pretrain,25,66,100,0.10601061149184512,0.2755800388872577,0.2777974109307555,0.9225014879641261,-0.001877657137811184,383305.34375
ssl_pretrain,25,66,110,0.127133141445489,0.2801952337149735,0.2827657585338715,0.9396368165533895,-0.02093101665377617,380467.96875
ssl_pretrain,25,66,120,0.12734265730211047,0.2972684652226791,0.3002884575926605,0.9431002423563966,0.004037622828036547,376281.0
ssl_pretrain,25,66,130,0.14614262421526092,0.2905183412611672,0.29392820863867314,0.9497746704326459,0.014454818330705166,372947.65625
ssl_pretrain,25,66,140,0.1523748700150847,0.3069417041952499,0.3104995446806818,0.9523620704335343,-0.004906305577605963,371786.625
ssl_pretrain,25,66,150,0.13170197049214621,0.3030888991517726,0.3072220489493126,0.9415983340480276,-0.0007679078844375908,372258.59375
ssl_pretrain,25,66,160,0.13768196049907366,0.2988454577180979,0.30329954819113136,0.9527845913833619,0.005386866629123688,369180.59375
ssl_pretrain,25,66,170,0.15831723447723214,0.3136572063456336,0.3183389854967296,0.9563098593386882,-7.491290307370946e-05,368267.71875
ssl_pretrain,25,66,180,0.16558525602774513,0.31797126678448834,0.32302261731802695,0.9563659867916222,0.004904522094875574,367099.21875
ssl_pretrain,25,66,190,0.10179643967207462,0.286656282526299,0.29241678069044097,0.945082210825342,0.0005033997585996985,367872.3125
ssl_pretrain,25,66,200,0.11738340756852514,0.29406475919263614,0.2999977447105019,0.9550163022453435,-0.013784237205982208,366114.625
ssl_pretrain,26,67,10,0.04164521353452268,0.14711350008540489,0.1475526460440951,0.7833976717322865,-0.0019254314247518778,409641.09375
ssl_pretrain,26,67,20,0.07042807563615158,0.22275960408651496,0.22362012875856524,0.8671408796908311,0.0037633003666996956,398971.59375
ssl_pretrain,26,67,30,0.04542089765382376,0.16198770192228262,0.16293528621056097,0.8368366927499701,-0.010513943620026112,401734.65625
ssl_pretrain,26,67,40,0.08374268274318494,0.23019821611157715,0.23131941790026098,0.8965018314152527,-0.0028975268360227346,395563.03125
ssl_pretrain,26,67,50,0.09131626759501021,0.24038567754476522,0.2415240609713334,0.9029689808720223,-0.010156091302633286,396209.53125
ssl_pretrain,26,67,60,0.062072122982714445,0.19449156678101265,0.19580931843124003,0.8682616682044711,-0.01921819895505905,398359.125
ssl_pretrain,26,67,70,0.09948828011356796,0.23500530650879067,0.2368048905352918,0.9213503516166651,-0.02176300622522831,389530.875
ssl_pretrain,26,67,80,0.0708780284943495,0.2354138621225484,0.23710593214943995,0.8731489995127104,-0.011510595679283142,393856.84375
ssl_pretrain,26,67,90,0.08010147143679437,0.2300891593534803,0.23208888431415084,0.8987823790031647,-0.014790811575949192,388891.84375
ssl_pretrain,26,67,100,0.09189902647188378,0.27570818780319206,0.2779457554170545,0.9290052264508531,-0.0063622817397117615,383932.4375
ssl_pretrain,26,67,110,0.13171691413222714,0.2724721030874316,0.27513239643244747,0.9436350040681041,0.006327543407678604,380532.78125
ssl_pretrain,26,67,120,0.10692166744867058,0.27499497451646815,0.2780480876922997,0.9425023433490959,0.006446818355470896,377824.34375
ssl_pretrain,26,67,130,0.14363301573161213,0.2935446674962741,0.29687833411301245,0.9518700007946098,-0.009805272333323956,373626.65625
ssl_pretrain,26,67,140,0.15417579838166562,0.3163277876172209,0.31989686775729453,0.9494230590465861,-0.00163371826056391,373082.90625
ssl_pretrain,26,67,150,0.1227965227549757,0.3181654199669245,0.3221250333840989,0.951899517067571,0.012429069727659225,370336.46875
ssl_pretrain,26,67,160,0.130026230725437,0.31654909376587226,0.3207800257900785,0.953503570851652,-0.005638918373733759,368833.8125
ssl_pretrain,26,67,170,0.1154010778623335,0.28657220420599533,0.2915082126710698,0.9461004716234594,0.0001490626746090129,370210.28125
ssl_pretrain,26,67,180,0.14040982459804735,0.3066876384182764,0.31188763018645327,0.9509023627383789,0.0017756358720362186,368496.53125
ssl_pretrain,26,67,190,0.1292301381876217,0.30310606971684473,0.3085154539063104,0.9571794630659514,0.004995462018996477,366655.4375
ssl_pretrain,26,67,200,0.1307987780834424,0.3184116698660641,0.3240859991914357,0.9598201806786221,-0.004823282826691866,364308.34375
ssl_pretrain,27,68,10,0.06140445560102935,0.16878087149641036,0.1692469099850395,0.854716751786528,-0.0036637538578361273,407266.90625
ssl_pretrain,27,68,20,0.057868590006531564,0.1960818381927112,0.19675633963597278,0.8340680613107138,0.0006374632939696312,405211.21875
ssl_pretrain,27,68,30,0.07658363860888422,0.21835606682417522,0.21933487137102964,0.8845552311347052,0.002807590179145336,398203.1875
ssl_pretrain,27,68,40,0.02935497783223645,0.12323701280273724,0.12426079649782058,0.7309766560992923,-0.013976195827126503,409357.09375
ssl_pretrain,27,68,50,0.0965126679912555,0.23987537986579677,0.2412013200005255,0.9125947519561013,0.004166020080447197,391347.65625
ssl_pretrain,27,68,60,0.07707715363732122,0.21532502750864485,0.21681804493863302,0.9002324191944308,-0.006948861759155989,394329.90625
ssl_pretrain,27,68,70,0.06961261840635852,0.2390389621443686,0.24064187023572448,0.9018577514054665,-0.02728966996073723,393595.71875
ssl_pretrain,27,68,80,0.07601687450256783,0.22146774544512007,0.2230885570479286,0.8887441057252996,-0.013855929486453533,396136.15625
ssl_pretrain,27,68,90,0.06872430405519246,0.22065747422902887,0.22284933763594306,0.9022656828609287,6.331887561827898e-05,388500.40625
ssl_pretrain,27,68,100,0.09974294031656274,0.2463798211840976,0.24878399796278658,0.9235293001797907,-0.013553602620959282,383281.21875
ssl_pretrain,27,68,110,0.1060814370019441,0.26631853420446694,0.26914929825550277,0.9301430500189563,-0.008617114275693893,380242.375
ssl_pretrain,27,68,120,0.14469746594042704,0.2908167699918248,0.29372841535957794,0.9478410557986185,-0.01119371596723795,376725.90625
ssl_pretrain,27,68,130,0.14584459082525036,0.291171021066935,0.29461136735331744,0.9486407687987659,0.0032492089085280895,374536.96875
ssl_pretrain,27,68,140,0.12458141226226047,0.27897382406488525,0.282905089494821,0.9441119122321325,-0.015026391483843327,373419.4375
ssl_pretrain,27,68,150,0.12336294789386294,0.2998623197417161,0.30391260781748064,0.951182801459017,-0.0034901755861938,370821.90625
ssl_pretrain,27,68,160,0.11130888063459923,0.31000817730444397,0.31433695175157483,0.9468191118121018,-0.0112665556371212,369709.34375
ssl_pretrain,27,68,170,0.09014575160660378,0.2823003715148929,0.28734312263130257,0.9432003932950336,-0.025757834315299988,370581.84375
ssl_pretrain,27,68,180,0.15561418418898895,0.3026663777646263,0.30776684279278016,0.957328116322037,-0.0016557525377720594,367806.59375
ssl_pretrain,27,68,190,0.15269254556121023,0.32163788729302784,0.3269494910965668,0.9519632137256142,-0.029381997883319855,366551.75
ssl_pretrain,27,68,200,0.12858579282446875,0.3140377236307545,0.3198482989582449,0.9579670623565356,0.007361850701272488,364640.75
ssl_pretrain,28,69,10,0.041756416141640176,0.15184093077089875,0.1523657872518504,0.8533775295658425,-0.0018267207778990269,405717.25
ssl_pretrain,28,69,20,0.08798585675381075,0.2346421611778704,0.2353821964435629,0.8970786104552163,0.0005852484609931707,399349.375
ssl_pretrain,28,69,30,0.07195946267524184,0.19870048283603203,0.19967091776797244,0.8866871942497434,-0.019233306869864464,400807.5625
ssl_pretrain,28,69,40,0.09333247753950596,0.2255816391247571,0.22670291948589186,0.9083532360828478,-0.0033458045218139887,394182.40625
ssl_pretrain,28,69,50,0.09634908275785997,0.23042667693230748,0.231866943731602,0.9239963692927217,-0.007538272067904472,390555.71875
ssl_pretrain,28,69,60,0.08849297844170328,0.25140995086129914,0.2529451639993927,0.923314644795604,-0.013530177064239979,388944.59375
ssl_pretrain,28,69,70,0.11013061145780038,0.2699745341333261,0.2716445371539782,0.9221256839613674,0.009831845760345459,386682.625
ssl_pretrain,28,69,80,0.08132356686639385,0.21834144340498696,0.22031688646311243,0.8954247194194419,-0.01157089788466692,393644.59375
ssl_pretrain,28,69,90,0.08363640184024483,0.22097206644019476,0.22310519017562308,0.9092003984656296,-0.021650074049830437,390077.34375
ssl_pretrain,28,69,100,0.10804674450739235,0.26918377240918995,0.2714925374649085,0.9266396038310066,0.005051979795098305,382462.53125
ssl_pretrain,28,69,110,0.12071421261562124,0.2781207086960334,0.28076593841763614,0.9429076616293984,-0.02347886748611927,379298.125
ssl_pretrain,28,69,120,0.12482644315257409,0.2807501330519474,0.28381791772483245,0.9429379960821849,-0.005876210983842611,376590.15625
ssl_pretrain,28,69,130,0.13826893610529048,0.2862865624263921,0.2896402961366572,0.9517712119631075,-0.010369365103542805,374293.71875
ssl_pretrain,28,69,140,0.1513710010011983,0.2949808591004982,0.2987398003971398,0.9514926710604891,0.009210394695401192,372548.46875
ssl_pretrain,28,69,150,0.1207616171588566,0.31865617501563004,0.3227289589483352,0.9503554087328758,0.001992650330066681,370626.15625
ssl_pretrain,28,69,160,0.12624118315811914,0.2865372479066972,0.2912046160248893,0.9412382681957953,-0.01649472303688526,371451.5625
ssl_pretrain,28,69,170,0.16043751421507169,0.3081702852150839,0.312781935568789,0.9574512319914031,-0.005635444074869156,367624.5625
ssl_pretrain,28,69,180,0.11464843763242437,0.30152050868154445,0.30666035110213197,0.9549304439533883,-0.007333136163651943,367349.96875
ssl_pretrain,28,69,190,0.11152791309366086,0.305217976694037,0.3106966483549087,0.955828925126599,0.003434794722124934,366178.46875
ssl_pretrain,28,69,200,0.16401138871021326,0.3214976745100917,0.3270941842632949,0.9566073267754045,-0.003978245425969362,365782.4375
ssl_pretrain,29,70,10,0.056711913550318675,0.1838834362388323,0.18435244124941522,0.8400602127461113,-0.0034221175592392683,407207.75
ssl_pretrain,29,70,20,0.06389301788998482,0.18758214295437722,0.18833569599939334,0.8672402796482583,3.7799953133799136e-05,401379.4375
ssl_pretrain,29,70,30,0.06877586777672401,0.19302976131137856,0.19396121342201075,0.8828093188429391,0.0035444709938019514,397966.0
ssl_pretrain,29,70,40,0.07646946588702712,0.20372743264098103,0.2048555581363467,0.8913184052240288,-0.01790246181190014,397363.59375
ssl_pretrain,29,70,50,0.05628328947210804,0.18111405084306403,0.18238226884316672,0.8881217123237616,0.0022973816376179457,398079.3125
ssl_pretrain,29,70,60,0.05478302060228459,0.18821098942366188,0.18971933313713443,0.8793938990266452,-0.0011404494289308786,395672.875
ssl_pretrain,29,70,70,0.08923365225434352,0.23300485757152506,0.23458557126798674,0.9048440808296329,-0.028617314994335175,393770.71875
ssl_pretrain,29,70,80,0.07298150961063868,0.21072082590552482,0.21267686037252917,0.8805926483809681,-0.004499885253608227,395454.875
ssl_pretrain,29,70,90,0.08551269909105792,0.25352690315975057,0.25543430257174526,0.9250424912824393,0.00011824499233625829,386984.4375
ssl_pretrain,29,70,100,0.09818785674243787,0.24757801999197507,0.2499828180136272,0.9343455987355253,-0.02554314211010933,383450.15625
ssl_pretrain,29,70,110,0.12288511766252339,0.27954424178271964,0.2821934682132179,0.9366348604873165,0.0038055069744586945,379642.5625
ssl_pretrain,29,70,120,0.10670697313800478,0.28288567556342087,0.28596284682930784,0.9428554842225975,-0.0005753164296038449,377021.90625
ssl_pretrain,29,70,130,0.10231238950962092,0.2771133141130028,0.2806122656404181,0.9459220559538066,0.0012467317283153534,374774.03125
ssl_pretrain,29,70,140,0.12951919164935394,0.2996421940938215,0.3033658732883245,0.9431070158594707,0.012048769742250443,372966.0625
ssl_pretrain,29,70,150,0.10122278942003599,0.2794482749614376,0.28361617718036636,0.9452621885546915,0.006039242725819349,372296.90625
ssl_pretrain,29,70,160,0.16284449023449948,0.30705264438841684,0.31131989420719974,0.9567994062418125,0.004290091339498758,369573.28125
ssl_pretrain,29,70,170,0.13753744287088882,0.28767530305683325,0.2925853287087768,0.9526308305042926,0.0077860490418970585,369617.1875
ssl_pretrain,29,70,180,0.13090056715892529,0.29436948194444756,0.29965133406062266,0.9449589898096746,-0.012288163416087627,369063.90625
ssl_pretrain,29,70,190,0.12138174800372108,0.3012483577542707,0.3067634773536658,0.9597443407318872,0.003315863898023963,365103.65625
ssl_pretrain,29,70,200,0.14253689888128065,0.33217365127505105,0.3377633337782268,0.9604609421321392,-0.004421872552484274,364174.59375
ssl_pretrain,30,71,10,0.04468771367481179,0.16706360067016285,0.1675514497549427,0.7980335584959928,0.0001609825703781098,407550.40625
ssl_pretrain,30,71,20,0.08401294862928711,0.2258681995769512,0.22664994655881124,0.8888649864097934,-0.0006519512971863151,400742.3125
ssl_pretrain,30,71,30,0.08122678055930266,0.20727434879634385,0.20821239417159368,0.9066287296899954,0.0028543879743665457,397635.09375
ssl_pretrain,30,71,40,0.07838090870540332,0.21391792586777034,0.21525710982547439,0.9120305554901025,-0.0022823952604085207,394343.0
ssl_pretrain,30,71,50,0.05309754801117824,0.17960166781154724,0.18093186596402946,0.8806687791891342,-0.010535364970564842,396815.96875
ssl_pretrain,30,71,60,0.08301267644250367,0.2350697706325947,0.2364887676589422,0.8961001589973062,-0.022996118292212486,394604.46875
ssl_pretrain,30,71,70,0.0825649654041773,0.23444468865667284,0.2360616614991048,0.8938326053327884,0.002946038730442524,393310.84375
ssl_pretrain,30,71,80,0.05978720828627904,0.20498245711125632,0.20693153353729746,0.850079110344896,-0.029811661690473557,397524.1875
ssl_pretrain,30,71,90,0.09914873277355662,0.2353959037250565,0.23757080973290476,0.9205398301446933,-0.01100239995867014,388869.03125
ssl_pretrain,30,71,100,0.1377599914088752,0.2728745627459512,0.2751034461109797,0.9419198910440028,-0.013914747163653374,382287.25
ssl_pretrain,30,71,110,0.11116616806397758,0.27401606251412014,0.276607246982437,0.9284717610561947,-0.005055087152868509,380539.71875
ssl_pretrain,30,71,120,0.14140464658514332,0.2768177813816231,0.27987001274311935,0.9486286093706687,0.009124877862632275,376468.53125
ssl_pretrain,30,71,130,0.12952769396074398,0.2924325654645583,0.29579844303673214,0.9489190654975072,0.01200767420232296,373636.09375
ssl_pretrain,30,71,140,0.0892175736297297,0.28465522814407074,0.28840993675967175,0.9392046542161651,-0.00015990197425708175,373967.15625
ssl_pretrain,30,71,150,0.11446429878060983,0.30815952128832486,0.31210474961217544,0.9414335948518994,-0.0002212155086454004,372193.71875
ssl_pretrain,30,71,160,0.1358157583213082,0.30116700460321366,0.3055843276038871,0.9523350578812191,0.011612245813012123,369980.71875
ssl_pretrain,30,71,170,0.14018859301793726,0.30549352366676696,0.31028938032819925,0.9491334647053122,-0.0043089608661830425,369249.0625
ssl_pretrain,30,71,180,0.1404464032007773,0.2944796092811035,0.29975726653969614,0.9539195440153274,0.0016609943704679608,367722.34375
ssl_pretrain,30,71,190,0.1206309989404476,0.3056051831661768,0.31109647034211757,0.9579459911595475,-0.0017899135127663612,365162.0
ssl_pretrain,30,71,200,0.15120573801827858,0.31168395090684275,0.31748016741962887,0.956952943692821,0.003095169784501195,364911.34375
ssl_pretrain,31,72,10,0.03507018211692014,0.12414980450896161,0.12470120400111226,0.8359297970776238,-0.001281588221900165,405203.5
ssl_pretrain,31,72,20,0.08082514530860922,0.21645704364475504,0.21740845203667855,0.8920264936454272,0.0014168499037623405,396559.625
ssl_pretrain,31,72,30,0.07735021445423457,0.2157923426520873,0.21671720866498193,0.8917035175555438,-1.5994430214050226e-05,399132.40625
ssl_pretrain,31,72,40,0.09796442550879703,0.23174331784332347,0.23290634176559305,0.9153112592192505,0.005265613552182913,392762.5
ssl_pretrain,31,72,50,0.04708010645544916,0.16797847583626077,0.16915713459662166,0.8410185690008998,-0.014161317609250546,403379.8125
ssl_pretrain,31,72,60,0.07337523712833235,0.20834848525971084,0.20979236967017217,0.8915045785483583,-7.164282578742132e-05,397597.96875
ssl_pretrain,31,72,70,0.07838898291251187,0.2357065623680927,0.23721292646891717,0.8995369889967924,-0.018398677930235863,392930.65625
ssl_pretrain,31,72,80,0.08669398114109886,0.26596206811264866,0.26786965835230164,0.9312068927824596,-0.002184517914429307,385176.34375
ssl_pretrain,31,72,90,0.08938978691264485,0.2256534437887671,0.22760765733698973,0.9177620194919247,-0.011119906790554523,389291.6875
ssl_pretrain,31,72,100,0.13133121758175084,0.26644943748806915,0.268826650231895,0.9428063021133894,-0.02535264939069748,382400.6875
ssl_pretrain,31,72,110,0.1351074905307355,0.28583873973499424,0.2884286953096682,0.9432322745484424,0.003988783340901136,378310.40625
ssl_pretrain,31,72,120,0.11013033648167989,0.2765703172780649,0.2797014937152643,0.9330303548002339,0.0005071616033092141,378682.6875
ssl_pretrain,31,72,130,0.12937236210409098,0.28885027891350235,0.2922016641341341,0.9471223893761062,0.0006628569099120796,374714.3125
ssl_pretrain,31,72,140,0.1414199038582524,0.2891870797683263,0.2929354628776624,0.953234101586072,0.007868555374443531,372205.8125
ssl_pretrain,31,72,150,0.14040798037569055,0.3004037213373752,0.30448999341929855,0.9494337257850859,-0.009121044538915157,371280.90625
ssl_pretrain,31,72,160,0.14639983893355532,0.30741541418569274,0.3117888693742652,0.9517060492601583,-0.011185070499777794,369155.40625
ssl_pretrain,31,72,170,0.1691618127931496,0.31422172608767057,0.3188755984265399,0.9562672847020883,0.005653216503560543,367842.8125
ssl_pretrain,31,72,180,0.1394821891787137,0.2984171124669843,0.3035492892820592,0.9533025596621789,0.004117477219551802,367385.34375
ssl_pretrain,31,72,190,0.1288651128800448,0.32822457948133693,0.3334434818170753,0.9525338003397902,0.003468554001301527,366012.0625
ssl_pretrain,31,72,200,0.15866987511195607,0.30245389429149977,0.30837758765737294,0.9574467679492218,0.01128944382071495,365329.84375
supervised_finetune,1,42,10,0.20395188742226103,0.5289708228417059,0.529283598370489,0.9008716389532466,0.1819099336862564,14412189.0
supervised_finetune,1,42,20,0.3421312566499062,0.6260872303721865,0.6265614035315479,0.9526194121390069,0.26015517115592957,10318331.0
supervised_finetune,1,42,30,0.3882534153045279,0.6629026482321331,0.6635280569707571,0.9635526835890001,0.2949812114238739,8228954.5
supervised_finetune,1,42,40,0.46093829667461356,0.6983564636956116,0.6990838843770032,0.9730290455059291,0.3259604871273041,6918278.5
supervised_finetune,1,42,50,0.485689181316406,0.7087159569943857,0.7095815418377375,0.9768150478458284,0.3118416368961334,6398565.0
supervised_finetune,1,42,60,0.5143995764639989,0.7221791755013955,0.723153367976209,0.9797849035147104,0.32309725880622864,5712537.0
supervised_finetune,1,42,70,0.48843681687838497,0.7279693470716584,0.7290735317630305,0.9795874694043816,0.3179320693016052,5321682.5
supervised_finetune,1,42,80,0.44397092092510704,0.7249941436863802,0.7262438438855783,0.9803008412215615,0.29527926445007324,5019804.5
supervised_finetune,1,42,90,0.4956783399689366,0.7341958080403738,0.7355536045377926,0.9818803435659429,0.325740247964859,4610990.5
supervised_finetune,1,42,100,0.4713719174920392,0.7405524894632025,0.7420127084556148,0.9819737298048179,0.2921442985534668,4428322.5
supervised_finetune,1,42,110,0.44673202920598276,0.7382362309754568,0.7398552356828583,0.9814299415877185,0.2938868999481201,4336361.5
supervised_finetune,1,42,120,0.4341851492390156,0.7398696295478363,0.741603621101306,0.9819598716309318,0.2965010106563568,3990801.0
supervised_finetune,1,42,130,0.4060427547194801,0.7336885272893672,0.7355961846354425,0.9813329139468321,0.29260823130607605,3813309.75
supervised_finetune,1,42,140,0.44037724883706236,0.7467083681379869,0.7486588890936239,0.9826057806744695,0.30817028880119324,3719828.25
supervised_finetune,1,42,150,0.3856876746765669,0.7391338695277127,0.7412616094135406,0.9817400867328587,0.30114641785621643,3490650.25
supervised_finetune,1,42,160,0.40050853917537804,0.7437954915419006,0.7460269874755205,0.9821548097088405,0.29574623703956604,3404446.25
supervised_finetune,1,42,170,0.46867782513788614,0.749553516107954,0.7518620969838354,0.9840400878211301,0.31832247972488403,3187964.0
supervised_finetune,1,42,180,0.37047868782261134,0.7471051545658398,0.7495461128556069,0.9823200574429636,0.3016357719898224,3084221.5
supervised_finetune,1,42,190,0.3862159133699519,0.7520514760974114,0.7545794881913551,0.9826215079088889,0.3216336965560913,2927645.5
supervised_finetune,1,42,200,0.40526600719035655,0.7523844654170767,0.7550289696792908,0.9833387592870164,0.30349642038345337,2846263.25
supervised_finetune,2,43,10,0.17321516951670562,0.49257893634659394,0.49291718189959904,0.893026015948193,0.16684255003929138,14937069.0
supervised_finetune,2,43,20,0.3202105605008943,0.6203670966041419,0.6208511667837774,0.9487075497852316,0.25084277987480164,10321876.0
supervised_finetune,2,43,30,0.41524700391594105,0.6743363883774512,0.6749383352573023,0.9663580704995012,0.29656103253364563,8197861.0
supervised_finetune,2,43,40,0.4731282388383656,0.6993041378483118,0.7000259094293179,0.9744287077460733,0.2957334518432617,7187490.0
supervised_finetune,2,43,50,0.4751412932649703,0.7080215542419895,0.7088864186417432,0.9762675106502439,0.31824228167533875,6308472.5
supervised_finetune,2,43,60,0.48002918168898123,0.7193079261160331,0.7202910017100369,0.9786199885753045,0.31044700741767883,5772160.5
supervised_finetune,2,43,70,0.4632304900634325,0.7200956692652238,0.7212236693439994,0.979518963203502,0.29606911540031433,5321059.5
supervised_finetune,2,43,80,0.44293025706579253,0.7261318963806749,0.7273814724765557,0.9796219388315437,0.2971598207950592,4976641.0
supervised_finetune,2,43,90,0.4851912303674418,0.7335610540154527,0.7349177587625365,0.9818480153977238,0.3177982270717621,4655787.5
supervised_finetune,2,43,100,0.4664029693786975,0.736258926265524,0.7377436873584735,0.981619828794662,0.2950703501701355,4485211.5
supervised_finetune,2,43,110,0.45825426779438644,0.744795101702525,0.7463659891144316,0.9819152611990677,0.3260897099971771,4164955.75
supervised_finetune,2,43,120,0.45223034783074256,0.7446926691159041,0.7463926033564778,0.982436961436633,0.29228970408439636,4007138.75
supervised_finetune,2,43,130,0.41857418782435823,0.7383632808809035,0.7402432478216413,0.981622546611858,0.2879115343093872,3927294.25
supervised_finetune,2,43,140,0.4120370806355786,0.7361459016709772,0.7381714544415292,0.9820674642440302,0.29142841696739197,3679560.75
supervised_finetune,2,43,150,0.3965069635373627,0.7434480766617296,0.7455361912252371,0.9822162595268843,0.2695971727371216,3550814.5
supervised_finetune,2,43,160,0.3506834058382632,0.7363630008619407,0.7386352708879497,0.9815018580156339,0.2831229567527771,3440491.75
supervised_finetune,2,43,170,0.40229001776969764,0.7470259746086347,0.749348905313144,0.9826493448620365,0.30479463934898376,3123387.75
supervised_finetune,2,43,180,0.4098371182298786,0.7474104884841047,0.7498655015667411,0.9828018178752363,0.30511271953582764,3100159.0
supervised_finetune,2,43,190,0.3574128295509476,0.7422994985431064,0.7449116947676737,0.9822202285881714,0.29895085096359253,2943477.25
supervised_finetune,2,43,200,0.3400779557164087,0.7415659621007825,0.7443071920595996,0.9820081335005831,0.2992451786994934,2861188.5
supervised_finetune,3,44,10,0.19601393544730905,0.5157827652037664,0.5161033450982798,0.9029585594524859,0.18840955197811127,14340590.0
supervised_finetune,3,44,20,0.33992161449044767,0.6343190351632423,0.6347839113825027,0.9513705139544315,0.2734619677066803,10059224.0
supervised_finetune,3,44,30,0.41026326618556563,0.6662933200829538,0.6669084751968748,0.9667127160351046,0.294819712638855,8252225.0
supervised_finetune,3,44,40,0.4430418891959534,0.6840885059277875,0.684850179844426,0.972354561791691,0.2983769178390503,7191057.0
supervised_finetune,3,44,50,0.4065796364230948,0.6983371373829208,0.699228783140151,0.9739468035850585,0.2762359380722046,6560600.0
supervised_finetune,3,44,60,0.42235915833916093,0.7095448850427349,0.7105665067875744,0.9757149820353953,0.2947150468826294,6093927.0
supervised_finetune,3,44,70,0.4640206523166332,0.7226495564286546,0.72376875606316,0.9791328136657571,0.29268404841423035,5327295.0
supervised_finetune,3,44,80,0.49473051792403816,0.737525177914131,0.7387182352421658,0.9818431171761903,0.3169531524181366,4771583.5
supervised_finetune,3,44,90,0.48222574593305934,0.7382237251935252,0.7395592548447946,0.981674354572995,0.32613688707351685,4505667.5
supervised_finetune,3,44,100,0.4533504287597795,0.7413443539215873,0.7427941961954466,0.981854228599328,0.3035973012447357,4375834.5
supervised_finetune,3,44,110,0.4599836063880155,0.736245513630706,0.7378633560499138,0.9823882170867907,0.2905125916004181,4169486.0
supervised_finetune,3,44,120,0.42186531351380646,0.7397109273143396,0.7414427956793767,0.9816211984139563,0.3000933527946472,4001434.0
supervised_finetune,3,44,130,0.3902948095743544,0.7396696081995195,0.7415212864553204,0.9816267550645451,0.2795811891555786,3846819.0
supervised_finetune,3,44,140,0.4374954756927027,0.7439163424167495,0.7458888615648872,0.9824944598000138,0.30448153614997864,3637484.5
supervised_finetune,3,44,150,0.3977975305570262,0.7434031635300223,0.7454968829367282,0.9821947846100038,0.29826512932777405,3465048.75
supervised_finetune,3,44,160,0.4109432556995509,0.7398155865468977,0.7420863755304757,0.9820973460305092,0.2971865236759186,3463468.5
supervised_finetune,3,44,170,0.4232981661912086,0.7492578195805915,0.751562560697188,0.9831196424429532,0.33198219537734985,3170230.25
supervised_finetune,3,44,180,0.3694263686306486,0.7462870051867673,0.7487284204487642,0.9824809797577262,0.308423787355423,3069464.0
supervised_finetune,3,44,190,0.3636187338826655,0.741766546807614,0.7443882266889333,0.9822834212272533,0.28755879402160645,3138235.25
supervised_finetune,3,44,200,0.36254935877952443,0.7516379476675822,0.7542790466365377,0.9825443865520468,0.32677513360977173,2836941.5
supervised_finetune,4,45,10,0.19375911870333054,0.5157107860860503,0.5160327119925942,0.899933738896064,0.18338319659233093,14570986.0
supervised_finetune,4,45,20,0.3380666998879978,0.6270209357312057,0.6274953388465174,0.951183465756947,0.2564552128314972,10331397.0
supervised_finetune,4,45,30,0.40196480533524326,0.6619000819861321,0.66252527114398,0.9654612846094434,0.2794661223888397,8554277.0
supervised_finetune,4,45,40,0.4690492559896781,0.6983377495950548,0.6990613338405529,0.9744038700226646,0.30913713574409485,6985912.5
supervised_finetune,4,45,50,0.46644976427850005,0.706370110805942,0.7072418048488232,0.9757796008110351,0.30585581064224243,6337178.0
supervised_finetune,4,45,60,0.46342207084369463,0.7130364535229171,0.7140405159829064,0.9782745912711801,0.28848540782928467,5789678.5
supervised_finetune,4,45,70,0.48704573737678475,0.7266125474457016,0.727716830613055,0.9800358801907896,0.2986966669559479,5330152.0
supervised_finetune,4,45,80,0.4830628871811453,0.7288007438173889,0.7300402375535731,0.9807834138474074,0.31085342168807983,4939101.0
supervised_finetune,4,45,90,0.43141747813457704,0.7266693223159353,0.7280606853240957,0.9798347740429235,0.29627525806427,4663348.0
supervised_finetune,4,45,100,0.4389005678741853,0.7354995631801654,0.7369822830650349,0.9811268632720109,0.2757992148399353,4552524.5
supervised_finetune,4,45,110,0.4411261248402097,0.7371469436728606,0.7387565771847071,0.9818956737709872,0.30597934126853943,4203206.0
supervised_finetune,4,45,120,0.4292403668367909,0.7457031129822298,0.7473928062115911,0.9819342156103205,0.3126385807991028,4002062.0
supervised_finetune,4,45,130,0.4569489177401311,0.743483460988483,0.7453235913132727,0.982925327932984,0.3142443895339966,3743833.75
supervised_finetune,4,45,140,0.44801210349509923,0.7428260603114115,0.7448079482746842,0.9826311078620301,0.30544260144233704,3682702.75
supervised_finetune,4,45,150,0.4019031555504188,0.7464876496359538,0.7485519531382586,0.982419081909786,0.2975504994392395,3452740.75
supervised_finetune,4,45,160,0.3579460203189088,0.7375499485493561,0.7398104855293339,0.9816374909383891,0.28897804021835327,3455773.5
supervised_finetune,4,45,170,0.393632717782276,0.7466728179093332,0.748991360600118,0.9827157700186276,0.3031441867351532,3217292.25
supervised_finetune,4,45,180,0.3424752667097363,0.7376662614603753,0.7401896490296239,0.9816824020327055,0.2820121943950653,3149729.25
supervised_finetune,4,45,190,0.42073783076041094,0.7458473829309227,0.7484425212696751,0.9832176764784772,0.30979442596435547,2981636.75
supervised_finetune,4,45,200,0.351625327794062,0.7427620239356444,0.7454960939343432,0.9822926550799892,0.28448230028152466,2966158.0
supervised_finetune,5,46,10,0.18020231257855757,0.5085669376520746,0.5088941880475738,0.893612340771584,0.17934268712997437,14463491.0
supervised_finetune,5,46,20,0.3255979684909509,0.615677948845561,0.6161670110766022,0.9497241878394878,0.2496778517961502,10467481.0
supervised_finetune,5,46,30,0.39529739519408397,0.6611661825131623,0.6617911966279987,0.9656467168122725,0.288068026304245,8433482.0
supervised_finetune,5,46,40,0.4512548867835787,0.6923242486395289,0.6930679034225906,0.9721996426901948,0.31119394302368164,7144568.0
supervised_finetune,5,46,50,0.4956979718934681,0.7120899070507507,0.7129435946401154,0.9772190277292501,0.3202678859233856,6234163.5
supervised_finetune,5,46,60,0.4833708365137115,0.7163057157423032,0.7172983277418775,0.9786796017876922,0.3120451271533966,5817547.0
supervised_finetune,5,46,70,0.5216038183027265,0.735184189701697,0.7362510825586382,0.9817291351191798,0.32348451018333435,5223654.5
supervised_finetune,5,46,80,0.47663020033878434,0.7318254905185598,0.7330528408100976,0.980850956202991,0.29926440119743347,4987520.5
supervised_finetune,5,46,90,0.4367579177038106,0.7373736544289764,0.7387013099348965,0.9810762798515851,0.30687764286994934,4619140.0
supervised_finetune,5,46,100,0.4769897795164188,0.7384308733378013,0.7399070530550012,0.9819090562725769,0.2980012595653534,4586543.0
supervised_finetune,5,46,110,0.4598916013593562,0.7394843635976512,0.7410787840222945,0.9823814442879816,0.30047667026519775,4053322.75
supervised_finetune,5,46,120,0.48261865634919143,0.7419808584296226,0.7436901301301949,0.9834687273958218,0.32439908385276794,3895933.0
supervised_finetune,5,46,130,0.4240139721732024,0.7362018901260958,0.73808869341368,0.9820989795731,0.28940004110336304,3845713.0
supervised_finetune,5,46,140,0.4040624980579172,0.738877760478997,0.740876738320271,0.9820406573370855,0.2906148433685303,3689111.75
supervised_finetune,5,46,150,0.3857535025114821,0.7435161227061511,0.7456034598100113,0.9820491031173234,0.3116432726383209,3346046.0
supervised_finetune,5,46,160,0.38848933796868795,0.7472460780375924,0.7494364347553,0.9821517649366336,0.3180820941925049,3310043.75
supervised_finetune,5,46,170,0.3426952297282877,0.7364334059339215,0.7388435761551935,0.9814150209714411,0.3033653199672699,3381259.5
supervised_finetune,5,46,180,0.3621784360924398,0.739530272158724,0.7420481575909089,0.982006172416094,0.3050248324871063,3081782.5
supervised_finetune,5,46,190,0.35409281933563025,0.7486054049764178,0.7511530363232669,0.9821854813871687,0.2992296516895294,3046985.5
supervised_finetune,5,46,200,0.3574194286489132,0.7466478998881125,0.7493407196405821,0.982414565282487,0.3099363148212433,2887890.5
supervised_finetune,6,47,10,0.20721221984503096,0.5327634032832232,0.5330739172615024,0.9002789628923178,0.17873266339302063,14457878.0
supervised_finetune,6,47,20,0.32586767343647216,0.6129075582479859,0.6133994830721339,0.9504573206860626,0.24073748290538788,10613697.0
supervised_finetune,6,47,30,0.41473587060088135,0.671239400255293,0.6718454735491188,0.9669520680549516,0.2892042398452759,8222149.0
supervised_finetune,6,47,40,0.4645041447246168,0.7013569872505006,0.7020749197525623,0.9738575743288392,0.30611515045166016,7148983.0
supervised_finetune,6,47,50,0.4538377019517293,0.7068337719302286,0.7077034242095094,0.975271390944977,0.2999744117259979,6493745.0
supervised_finetune,6,47,60,0.48487674155579946,0.7164492316320518,0.7174444163974494,0.9784271284311807,0.3188263177871704,5719797.0
supervised_finetune,6,47,70,0.4569124145236446,0.7171369348354614,0.7182819778585103,0.9790352105230153,0.2866535186767578,5481657.5
supervised_finetune,6,47,80,0.49723991444425814,0.7328985605200318,0.7341247775853377,0.9809276675015561,0.3151908218860626,5010600.0
supervised_finetune,6,47,90,0.5198982909392158,0.7404026032076232,0.7417260757836992,0.9829574703513181,0.315236359834671,4621635.0
supervised_finetune,6,47,100,0.5028564721678755,0.7379265418223203,0.7394089106680345,0.9823232169516712,0.32107290625572205,4395836.5
supervised_finetune,6,47,110,0.422334333867143,0.7344733428858164,0.7360974851424483,0.9815182660982101,0.2912079989910126,4204876.5
supervised_finetune,6,47,120,0.46161727969506233,0.742247830512079,0.7439623852387836,0.9826767099576563,0.3209090232849121,3899929.5
supervised_finetune,6,47,130,0.39987409761539766,0.7437155573273404,0.7455390567128428,0.9819177984896772,0.2905665338039398,3917180.5
supervised_finetune,6,47,140,0.4067334235695148,0.7434181809900283,0.7453845822587768,0.9820341184129341,0.27581119537353516,3719771.0
supervised_finetune,6,47,150,0.3673192871986038,0.7403507377966595,0.742469439787611,0.981376853390249,0.2757633924484253,3602624.75
supervised_finetune,6,47,160,0.38651842132637015,0.738413191390107,0.7406897498647926,0.9818686173194892,0.2916049361228943,3377935.0
supervised_finetune,6,47,170,0.37581818438816966,0.7468875716565544,0.7491991627519199,0.9824001840744856,0.31111717224121094,3130465.5
supervised_finetune,6,47,180,0.35133311865412636,0.7411761549077213,0.7436667043672957,0.9819893528080222,0.2603776752948761,3247086.5
supervised_finetune,6,47,190,0.3345752868879771,0.7439498557397699,0.746530911316453,0.9819739374456056,0.2750786244869232,3009715.0
supervised_finetune,6,47,200,0.34139626013270297,0.7460224335698796,0.7487156885053644,0.9821830218591492,0.29043230414390564,2917947.75
supervised_finetune,7,48,10,0.18301890831701245,0.5095182872780234,0.5098444624168508,0.8973439867675637,0.1778598129749298,14580266.0
supervised_finetune,7,48,20,0.3319931805342869,0.6246747875100239,0.6251523902581844,0.9502941680815272,0.2613867223262787,10304633.0
supervised_finetune,7,48,30,0.4188816030536811,0.6724085648790479,0.67301349181152,0.9666600684140607,0.2972361743450165,8275241.5
supervised_finetune,7,48,40,0.46097582106121343,0.6960941932211244,0.6968263416413832,0.9731585591877644,0.3057020604610443,7072271.5
supervised_finetune,7,48,50,0.44448023518658086,0.7015850591215523,0.7024673669270041,0.9753434546229592,0.29111480712890625,6418857.5
supervised_finetune,7,48,60,0.5047011321172826,0.7204186319347435,0.7214009528262173,0.9793138791323478,0.3214951157569885,5714709.0
supervised_finetune,7,48,70,0.509389956592785,0.7297584174796458,0.7308501414606409,0.9809397405398174,0.31881383061408997,5266201.0
supervised_finetune,7,48,80,0.4580533629260239,0.7259772060238867,0.7272320511576951,0.9799987695939354,0.3039703965187073,5084180.5
supervised_finetune,7,48,90,0.5058328490152034,0.7413808277262458,0.7426919131458148,0.9828847147330058,0.33758148550987244,4449546.0
supervised_finetune,7,48,100,0.4417091536442604,0.7349339485601863,0.7364273896044616,0.9808390364597377,0.2994832992553711,4446663.0
supervised_finetune,7,48,110,0.46582882916357216,0.741018499214649,0.7426121262369132,0.9822390553513989,0.3219289779663086,4132846.25
supervised_finetune,7,48,120,0.4667790186639841,0.7442908470448978,0.7460004724984569,0.9826054905173031,0.3106594681739807,4007007.0
supervised_finetune,7,48,130,0.4579668616796594,0.7422153273541457,0.7440683125610565,0.9826687167263484,0.309529185295105,3822350.25
supervised_finetune,7,48,140,0.40494194476595324,0.7424265555994427,0.7443968708363258,0.9822304004631545,0.2979530394077301,3617861.0
supervised_finetune,7,48,150,0.3821702454333393,0.7421838439470727,0.7442812899437199,0.9820266361258595,0.28865209221839905,3574255.0
supervised_finetune,7,48,160,0.44506257696846274,0.7487730706676334,0.750955161477372,0.9833761533505199,0.29488617181777954,3365315.5
supervised_finetune,7,48,170,0.3875617415385014,0.7453544890882369,0.7476838948326245,0.9824882241793081,0.3044790029525757,3207276.75
supervised_finetune,7,48,180,0.3339772311696361,0.7366430688634054,0.7391735434388822,0.9816842827722996,0.2941283881664276,3058290.5
supervised_finetune,7,48,190,0.3501520699965491,0.7395681561622449,0.742208440653994,0.9820086038322035,0.28145208954811096,2994499.25
supervised_finetune,7,48,200,0.33521188767081717,0.7381474407807014,0.7409296924379903,0.9818783845942487,0.2906217873096466,2934722.5
supervised_finetune,8,49,10,0.2053039359076095,0.5270234585281496,0.5273383643428231,0.8984715906880434,0.1798720508813858,14669313.0
supervised_finetune,8,49,20,0.3294971166411406,0.6265654971177808,0.6270408376839683,0.9499225828019864,0.2620605528354645,10300056.0
supervised_finetune,8,49,30,0.4135368841386895,0.6652587742454602,0.6658770505799823,0.9663591335874687,0.3002903461456299,8329368.5
supervised_finetune,8,49,40,0.45758855148078803,0.692555120957359,0.6932955584170418,0.9731712002744102,0.32132488489151,7074694.5
supervised_finetune,8,49,50,0.49353291901330076,0.7095890739337959,0.7104521209068821,0.977045822740021,0.3127838671207428,6489506.0
supervised_finetune,8,49,60,0.47088101383879977,0.715707855276709,0.7167033064558844,0.977996716427154,0.30931586027145386,5822097.5
supervised_finetune,8,49,70,0.48164020983253025,0.7296245780117001,0.7307154328567328,0.980151257748832,0.32459717988967896,5287172.0
supervised_finetune,8,49,80,0.5173670443638535,0.7328278829867828,0.7340551920130383,0.9816105724641359,0.3086298704147339,5030284.5
supervised_finetune,8,49,90,0.45666534307077417,0.7343162806746604,0.7356683254398543,0.9812046060839975,0.302165150642395,4673341.0
supervised_finetune,8,49,100,0.4801327022262183,0.7328323913349875,0.7343351199641754,0.982075271079877,0.30616098642349243,4420691.0
supervised_finetune,8,49,110,0.4128493376980399,0.7302057530445398,0.7318704281045104,0.9799623480616626,0.29447323083877563,4325015.5
supervised_finetune,8,49,120,0.4547940547833183,0.7448704477689044,0.7465765281584387,0.9821845174244952,0.31280118227005005,4027185.0
supervised_finetune,8,49,130,0.4067437702712664,0.7397013914079842,0.7415558832255502,0.9819959682623,0.28312042355537415,3845279.25
supervised_finetune,8,49,140,0.4020000067814302,0.7391989868427942,0.7412017274077659,0.9817469991521975,0.28659117221832275,3699071.5
supervised_finetune,8,49,150,0.39996442121205855,0.7479432318551145,0.7499947263318454,0.9824479993227704,0.2914774417877197,3543058.5
supervised_finetune,8,49,160,0.4723489705252234,0.7479144469645852,0.7501167938641555,0.9837967024171289,0.30581921339035034,3447213.75
supervised_finetune,8,49,170,0.4399265278416742,0.7511448697971395,0.7534294074784257,0.9835700323312957,0.30868276953697205,3109524.0
supervised_finetune,8,49,180,0.3614982618102585,0.7442761062342781,0.7467459915707689,0.982093511425142,0.3141327500343323,3077505.0
supervised_finetune,8,49,190,0.3360855881236346,0.738921920340468,0.7415693293350213,0.9817193454840075,0.281810998916626,3018702.75
supervised_finetune,8,49,200,0.3178163080806491,0.7401510539937065,0.7429019294245384,0.9816415318933918,0.2872575521469116,2963128.25
supervised_finetune,9,50,10,0.19530833981515433,0.5127437439360266,0.5130664395306314,0.90230979637517,0.18567712604999542,14473519.0
supervised_finetune,9,50,20,0.31969113445150554,0.6151846750381867,0.6156761584575404,0.9480205026882491,0.2478635311126709,10623997.0
supervised_finetune,9,50,30,0.4311042863305229,0.6807323538821776,0.6813212981979652,0.9676261175898375,0.29286983609199524,8150269.0
supervised_finetune,9,50,40,0.42756944863364826,0.6895066260990178,0.6902544877624415,0.9716697378831427,0.2983524203300476,7190128.0
supervised_finetune,9,50,50,0.48752930079603835,0.7107851421889004,0.7116443722472835,0.976637196057659,0.32046177983283997,6342716.0
supervised_finetune,9,50,60,0.5175592709001559,0.7228670350736671,0.7238378347990941,0.9801608276533347,0.32014188170433044,5675018.0
supervised_finetune,9,50,70,0.4831522598930122,0.728066625841287,0.7291621497031476,0.9802659294573114,0.30584657192230225,5293718.5
supervised_finetune,9,50,80,0.4872623974637196,0.7347505243538508,0.7359646038653719,0.9808522878506659,0.3261219263076782,4942119.5
supervised_finetune,9,50,90,0.47232006758954287,0.734032555860641,0.7353900819586532,0.9812595310045006,0.3055352568626404,4614486.5
supervised_finetune,9,50,100,0.464189146955421,0.731477259822543,0.7329942947305973,0.9813520163124166,0.29940560460090637,4493137.5
supervised_finetune,9,50,110,0.45288114316802824,0.7383835194589944,0.7399992959310063,0.9814667237623431,0.2940836548805237,4236597.0
supervised_finetune,9,50,120,0.3859322447224285,0.7306552107325218,0.7324401963074859,0.9808227858390703,0.2712402641773224,4213663.0
supervised_finetune,9,50,130,0.4065981698790082,0.7362915837622981,0.7381741076072132,0.9819834248337296,0.29157400131225586,3772134.0
supervised_finetune,9,50,140,0.4119625691619684,0.7406428930258262,0.7426227529053535,0.9824536504622422,0.3019627332687378,3638712.0
supervised_finetune,9,50,150,0.35383635704897176,0.7301282104263482,0.7323285735769556,0.9809894801334355,0.28467950224876404,3659815.75
supervised_finetune,9,50,160,0.3804279654733356,0.7490121367522028,0.7511815029412112,0.9821987551385096,0.29467397928237915,3366187.0
supervised_finetune,9,50,170,0.37677739335663124,0.7408959369583116,0.7432671108418204,0.9822061888899901,0.3044339418411255,3241985.75
supervised_finetune,9,50,180,0.37265458551534897,0.7425966859122203,0.7450871201259882,0.9821122675858066,0.3074234127998352,3095070.25
supervised_finetune,9,50,190,0.36945617757368415,0.7451730546146259,0.7477540279889117,0.9825104518967495,0.28153863549232483,3105171.5
supervised_finetune,9,50,200,0.35472731349228254,0.7449560934498952,0.7476655112407485,0.9823854666386512,0.28672701120376587,2978568.75
supervised_finetune,10,51,10,0.18740381560203412,0.5173788192227057,0.5177004144890475,0.895802939755302,0.18122974038124084,14722205.0
supervised_finetune,10,51,20,0.33717171798954043,0.6309921273117371,0.6314610836205906,0.95130800762156,0.2672751545906067,10027295.0
supervised_finetune,10,51,30,0.41005630847061053,0.6636177677346528,0.6642384373932227,0.9664229341245945,0.29816997051239014,8092689.5
supervised_finetune,10,51,40,0.46303574220706045,0.69764821223925,0.6983780773237485,0.9729395922934504,0.3024902045726776,7190043.0
supervised_finetune,10,51,50,0.47875878565870145,0.7091445246031741,0.7100061570310424,0.9764150669549548,0.2977272570133209,6449765.0
supervised_finetune,10,51,60,0.4410929324145138,0.7101077458347179,0.711123390120432,0.9770831410363517,0.30802735686302185,5735619.0
supervised_finetune,10,51,70,0.4911480497062431,0.725381958227997,0.7264927050152794,0.9800768769804199,0.3152078092098236,5264181.5
supervised_finetune,10,51,80,0.4796049693917709,0.7315493900438254,0.732777906443908,0.9806533659805946,0.3095640242099762,5022959.5
supervised_finetune,10,51,90,0.41554763292598884,0.722907612466768,0.7243105762932762,0.9801971398484715,0.29713135957717896,4617211.0
supervised_finetune,10,51,100,0.44244537288513447,0.7333806403316435,0.7348745434824732,0.9814064260044076,0.29522597789764404,4495554.5
supervised_finetune,10,51,110,0.4113752671041078,0.7310043567070761,0.7326606661874313,0.9803426106485492,0.2901521623134613,4329579.0
supervised_finetune,10,51,120,0.4383820809255459,0.7354661084430818,0.7372238955883095,0.9821302014584335,0.28097325563430786,4076814.0
supervised_finetune,10,51,130,0.42096591284012247,0.7373281994647286,0.7392073309611777,0.9820233827151562,0.2904233932495117,3734757.0
supervised_finetune,10,51,140,0.394434319568771,0.7457300491749913,0.7476760951471991,0.9818303091200588,0.31054964661598206,3667668.25
supervised_finetune,10,51,150,0.3642121566145757,0.733861468122789,0.7360301825161195,0.9813137928595372,0.2869875133037567,3573656.25
supervised_finetune,10,51,160,0.38284127804079776,0.7435759881885268,0.7457973184795575,0.9821291519275667,0.29415053129196167,3404086.5
supervised_finetune,10,51,170,0.36215270667495986,0.7384692488776978,0.7408585918732569,0.9819132727656225,0.30670785903930664,3345195.0
supervised_finetune,10,51,180,0.3534628251469585,0.7407012941402998,0.743200266742458,0.9819916063385388,0.2789226472377777,3140955.0
supervised_finetune,10,51,190,0.35404479255759513,0.741280944773217,0.7439054997917683,0.9820626632697509,0.2973853647708893,2951226.0
supervised_finetune,10,51,200,0.32410018998560386,0.7400144277804709,0.7427669357904971,0.9818750975548932,0.2721521258354187,2964904.75
supervised_finetune,11,52,10,0.1977590396044208,0.5179622731790383,0.5182834244413533,0.897741709139377,0.17101658880710602,14785979.0
supervised_finetune,11,52,20,0.323629193612316,0.6187333137289496,0.6192186166756646,0.9499709989056654,0.2447466254234314,10628702.0
supervised_finetune,11,52,30,0.42515889433800225,0.6741408060856177,0.6747418362282598,0.967326039912399,0.29934659600257874,8149369.0
supervised_finetune,11,52,40,0.4537844154429486,0.6909037219544044,0.6916487590995559,0.9728174891810404,0.295051634311676,7220601.5
supervised_finetune,11,52,50,0.495318219703997,0.7141579188550856,0.7150009243501991,0.9778675629768492,0.3226245939731598,6234610.0
supervised_finetune,11,52,60,0.4438030870901676,0.7139530153594863,0.7149541147039458,0.9771296175943119,0.29546937346458435,5843924.0
supervised_finetune,11,52,70,0.4617449828402051,0.7149378829006908,0.7160866399012142,0.9795111439843296,0.30067935585975647,5410274.0
supervised_finetune,11,52,80,0.473997075141583,0.7291562586834057,0.7304003311623452,0.9800514751407727,0.31758031249046326,4867245.5
supervised_finetune,11,52,90,0.48417432489785633,0.7336510740086919,0.7350085206690219,0.9818427169189342,0.3040125072002411,4742572.0
supervised_finetune,11,52,100,0.4662061380164833,0.7434328167070161,0.7448697392219691,0.9820983669212675,0.2971412241458893,4419517.5
supervised_finetune,11,52,110,0.5022182987246333,0.7417828563622585,0.743369201427649,0.9832298471748139,0.31709086894989014,4199939.5
supervised_finetune,11,52,120,0.47237445494224406,0.7473892977160691,0.7490669344245846,0.98318076184335,0.29979652166366577,3890715.5
supervised_finetune,11,52,130,0.4301665227706686,0.744119621253226,0.7459544371048195,0.9822104163578315,0.3157198131084442,3722373.5
supervised_finetune,11,52,140,0.3807760326391296,0.7384268843466022,0.7404159408221219,0.981891269356573,0.30053573846817017,3600197.75
supervised_finetune,11,52,150,0.3603776250933411,0.7393064622397114,0.7414271743644779,0.9814574248237865,0.2760050892829895,3588556.25
supervised_finetune,11,52,160,0.4529861496554421,0.7463813526665358,0.748582034566719,0.9835268886486026,0.3137858211994171,3346615.25
supervised_finetune,11,52,170,0.3708356786641442,0.7388142333445546,0.7411996320283933,0.9820834687827804,0.29084035754203796,3181800.0
supervised_finetune,11,52,180,0.3479115240647745,0.7377393185400285,0.7402766976220488,0.9815590234964404,0.2810792624950409,3220587.5
supervised_finetune,11,52,190,0.35505967436691965,0.7419056660960113,0.7445178990100182,0.9822226513183463,0.29258885979652405,2946666.75
supervised_finetune,11,52,200,0.3892104324764252,0.7453145756956627,0.7480408106848747,0.9828223259536948,0.3117277920246124,2909721.25
supervised_finetune,12,53,10,0.18186545176553423,0.518047336355155,0.5183692126231436,0.891806784455838,0.18136630952358246,14686655.0
supervised_finetune,12,53,20,0.3340966047399114,0.623907755042063,0.6243862607995335,0.9501854679530796,0.2507292330265045,10430521.0
supervised_finetune,12,53,30,0.4254076126360077,0.6765069900897948,0.677103269012738,0.9674907462428287,0.297285258769989,8213097.0
supervised_finetune,12,53,40,0.437297590008903,0.6842829995936924,0.685042722194975,0.972383874238633,0.30219024419784546,7225178.0
supervised_finetune,12,53,50,0.4769549342660286,0.6999554285451136,0.7008424624073493,0.9768083749352671,0.3019450902938843,6682025.5
supervised_finetune,12,53,60,0.4554447187825454,0.7106025259625884,0.7116224501844237,0.9768366039292463,0.29506367444992065,5840863.0
supervised_finetune,12,53,70,0.4795551459081135,0.7257846116694149,0.7268892595572682,0.980275910593866,0.3148386478424072,5189721.0
supervised_finetune,12,53,80,0.4697774162530526,0.7287866080430246,0.7300262545585131,0.9807768035577394,0.3056408762931824,5043191.5
supervised_finetune,12,53,90,0.450805026734158,0.7332843900755837,0.7346373913907788,0.9812439290705565,0.29346784949302673,4683434.5
supervised_finetune,12,53,100,0.4121775988215143,0.7311036630700061,0.7326104466845673,0.9805543590617076,0.28793027997016907,4505728.5
supervised_finetune,12,53,110,0.44313306439838557,0.7382955425789736,0.7399050316449757,0.9814845983006466,0.2885255515575409,4308234.0
supervised_finetune,12,53,120,0.47675753493491113,0.741073174722375,0.7427950485928434,0.983182107869768,0.3039100766181946,3915071.25
supervised_finetune,12,53,130,0.39703633510424935,0.7391942099397958,0.7410541374062387,0.9816447448675482,0.304793119430542,3751222.0
supervised_finetune,12,53,140,0.3803782743248234,0.7382071918660641,0.7402055780813827,0.981559366062658,0.3018184006214142,3583315.5
supervised_finetune,12,53,150,0.38223858092506724,0.7456382648187022,0.7477034634366012,0.9821037078907102,0.2931583523750305,3443294.75
supervised_finetune,12,53,160,0.3942488543851727,0.741623070451062,0.7438647500383739,0.9823444172052147,0.26884394884109497,3447192.25
supervised_finetune,12,53,170,0.36473033545578826,0.7394699335156232,0.7418538123121602,0.9819500130951703,0.287080854177475,3312391.5
supervised_finetune,12,53,180,0.3555006368438026,0.7420426485603202,0.7445284772619382,0.9820601334913012,0.30048584938049316,3126795.0
supervised_finetune,12,53,190,0.3622781422139731,0.7466392080150658,0.7492120772573753,0.9822467158761988,0.30726203322410583,2941139.5
supervised_finetune,12,53,200,0.37336530758144304,0.7490290059286946,0.7517010989039904,0.9826877083462668,0.3017961084842682,2884020.25
supervised_finetune,13,54,10,0.21761963214873903,0.5365846906358569,0.5368911158565041,0.906852965836103,0.17841795086860657,14690630.0
supervised_finetune,13,54,20,0.32241360660339996,0.617814833751446,0.6183014242364709,0.9491949513212005,0.23968569934368134,10551511.0
supervised_finetune,13,54,30,0.40854806619586836,0.6682305586431883,0.6688438065091485,0.9661184451661582,0.30499404668807983,8250279.0
supervised_finetune,13,54,40,0.44105065526685067,0.6991902897886273,0.6999140097506225,0.9724333305416681,0.2899585962295532,7224357.5
supervised_finetune,13,54,50,0.4791577922016711,0.7065602153323266,0.7074258680007731,0.9771245842125935,0.31094539165496826,6324523.5
supervised_finetune,13,54,60,0.506125166640757,0.724118992225012,0.7250885364844842,0.9791826220425869,0.3126143217086792,5758060.0
supervised_finetune,13,54,70,0.5153946945420504,0.7291256222054979,0.7302234609504437,0.9809009333099692,0.3163553476333618,5343903.5
supervised_finetune,13,54,80,0.4608761269759773,0.7221099426084384,0.7233825610974692,0.9797462465280551,0.2818733751773834,5246971.5
supervised_finetune,13,54,90,0.49981661786552134,0.737087588947038,0.7384362824707059,0.9819427140343646,0.3161969780921936,4691285.5
supervised_finetune,13,54,100,0.5071496642374852,0.740284342260104,0.7417530099890679,0.982594058301473,0.3227766454219818,4390158.5
supervised_finetune,13,54,110,0.49123914699618537,0.7447255389593113,0.7462947220359156,0.9830735036974222,0.3125399351119995,4267422.0
supervised_finetune,13,54,120,0.3816174386132475,0.7315575371127583,0.7333372859729647,0.9805461860080781,0.28127366304397583,4205021.5
supervised_finetune,13,54,130,0.45978821035330225,0.7453068228648452,0.7471356566683965,0.9828980087906533,0.304590106010437,3817721.25
supervised_finetune,13,54,140,0.46159526816897944,0.7497988201765751,0.7517193784239657,0.9834218251683778,0.32119515538215637,3566022.75
supervised_finetune,13,54,150,0.39244722049921543,0.7426400464116617,0.7447401058715674,0.9821123935905469,0.27420830726623535,3620234.25
supervised_finetune,13,54,160,0.3683315981875472,0.7381925683426314,0.7404593539887397,0.9817165872302647,0.2822740375995636,3422330.0
supervised_finetune,13,54,170,0.36611590912042924,0.7422109536940651,0.7445616487900981,0.9821589145758888,0.28450196981430054,3245544.25
supervised_finetune,13,54,180,0.34511343184429,0.7378413902448091,0.7403678521656892,0.981745171467231,0.27840375900268555,3227596.75
supervised_finetune,13,54,190,0.3464935933648481,0.7424361578408518,0.7450506868457801,0.9818584466769698,0.2872484028339386,3080014.75
supervised_finetune,13,54,200,0.3420737732789238,0.7453311210769653,0.7480326626757465,0.9822403206221006,0.29487520456314087,2959894.5
supervised_finetune,14,55,10,0.18928686139040166,0.5142066248833229,0.5145293117520662,0.8987447255353985,0.1875859797000885,14414701.0
supervised_finetune,14,55,20,0.3099586891769073,0.6162900586957349,0.6167786778853227,0.9484148184717289,0.25078797340393066,10680233.0
supervised_finetune,14,55,30,0.42481276957471464,0.6775205020510264,0.6781164957580857,0.9669153208001315,0.30057957768440247,8168810.0
supervised_finetune,14,55,40,0.464345416685194,0.6960561322871923,0.696789627961756,0.9731408130604399,0.30727270245552063,7162856.0
supervised_finetune,14,55,50,0.5038347453383181,0.7146595032266972,0.7155019897990066,0.9781591451059922,0.30557742714881897,6235456.0
supervised_finetune,14,55,60,0.4793809399923829,0.7130023823036888,0.7140041446517817,0.9788684804285144,0.3030000925064087,5800635.5
supervised_finetune,14,55,70,0.4985661261799123,0.7277530403135506,0.7288498680276321,0.9808627203036868,0.3047499656677246,5399751.0
supervised_finetune,14,55,80,0.513378146638632,0.7377546232904935,0.7389610117857183,0.9814423696929004,0.32979530096054077,4966992.5
supervised_finetune,14,55,90,0.477913884352641,0.7353378053479985,0.7366811842032044,0.9818914729478372,0.3179527819156647,4552365.0
supervised_finetune,14,55,100,0.4813495392194701,0.7427932482369091,0.7442406982901525,0.9820952685075457,0.31289100646972656,4350489.5
supervised_finetune,14,55,110,0.40803003058012866,0.732617970026844,0.7342589155669123,0.9806832443631263,0.30383917689323425,4207888.0
supervised_finetune,14,55,120,0.4389066410706051,0.7382261496798957,0.7399829504494393,0.9811013814396012,0.31373509764671326,4037190.75
supervised_finetune,14,55,130,0.4418353381427064,0.7380419961740725,0.7399176815352305,0.982526491648748,0.29862743616104126,3841626.25
supervised_finetune,14,55,140,0.38324796200579647,0.7379534697715223,0.7399554871531657,0.9816258263151201,0.2984258532524109,3780329.5
supervised_finetune,14,55,150,0.4327886480675914,0.749187825493344,0.7512429368190902,0.9829486727907291,0.30849990248680115,3369506.75
supervised_finetune,14,55,160,0.36546189628986364,0.735553891962531,0.7378359525653315,0.9818200039629307,0.29415589570999146,3429952.75
supervised_finetune,14,55,170,0.40074781127360515,0.7478367902218727,0.7501552669808444,0.9826390340707887,0.3095552623271942,3218854.5
supervised_finetune,14,55,180,0.39631494643543536,0.7486585239435122,0.7511009770366252,0.9825740248389135,0.3061272203922272,3124283.25
supervised_finetune,14,55,190,0.34132944793254877,0.7402597053774206,0.7428890564790142,0.9817284299151929,0.3007435202598572,3052529.0
supervised_finetune,14,55,200,0.3805895309609921,0.7502013940990963,0.7528709199161648,0.9827643562022962,0.3031109571456909,2901899.5
supervised_finetune,15,56,10,0.20511608040356685,0.5254331339326782,0.5257482818455316,0.9018279835338459,0.18235927820205688,14545373.0
supervised_finetune,15,56,20,0.343186520965792,0.6230033268447493,0.6234814053790614,0.9526500537100077,0.2486169934272766,10504681.0
supervised_finetune,15,56,30,0.42494481844920473,0.6792551961585812,0.6798476832532379,0.9670042689372513,0.2878534197807312,8220990.0
supervised_finetune,15,56,40,0.44315354860847594,0.6845388464677966,0.6852979029494027,0.9724394896322474,0.29019346833229065,7241495.0
supervised_finetune,15,56,50,0.4848742479074967,0.7140518247556888,0.7148989966464073,0.9766328712838748,0.32170599699020386,6292573.0
supervised_finetune,15,56,60,0.4451012028194551,0.7132572164350964,0.7142573319222705,0.9777054378362119,0.27926188707351685,5924915.0
supervised_finetune,15,56,70,0.5134447125745008,0.7320563100418236,0.7331326870942957,0.9816204539471975,0.31204986572265625,5284309.5
supervised_finetune,15,56,80,0.5026843053354552,0.729888354114747,0.7311259324306516,0.9812802429676669,0.3264940083026886,4905832.5
supervised_finetune,15,56,90,0.4807299722746219,0.7345361642374864,0.7358891299763947,0.9816264458922247,0.2975085973739624,4753488.5
supervised_finetune,15,56,100,0.42932240029770474,0.7363243123817895,0.7377984158287771,0.9812346106473357,0.29300636053085327,4427792.5
supervised_finetune,15,56,110,0.48583795519629924,0.7418879102020722,0.7434732168326936,0.982957950073138,0.29055699706077576,4249217.5
supervised_finetune,15,56,120,0.4059639288839741,0.7333239206856712,0.7350971235937751,0.9812548095534738,0.30152246356010437,4096637.5
supervised_finetune,15,56,130,0.4057683414210408,0.7316585527005548,0.733579176641379,0.9815984738962696,0.27756914496421814,3907513.75
supervised_finetune,15,56,140,0.4431119160724867,0.7473951576784278,0.7493283083948282,0.9831484844408974,0.30705690383911133,3569461.5
supervised_finetune,15,56,150,0.4063398924678603,0.7457933869819402,0.7478665937742456,0.9824046266365856,0.2883501648902893,3536055.75
supervised_finetune,15,56,160,0.3737331429229337,0.7451934466637207,0.7473872266647815,0.9821848145069337,0.30219998955726624,3325826.25
supervised_finetune,15,56,170,0.35933739114841523,0.7445343247171319,0.7468616108620282,0.9821228120169572,0.2887547016143799,3258517.25
supervised_finetune,15,56,180,0.34736206916069595,0.740181852532926,0.7426835340970256,0.9818259388624954,0.28380584716796875,3158702.75
supervised_finetune,15,56,190,0.35974502326559527,0.745087834577138,0.7476716953913483,0.9823587372008528,0.29036954045295715,2993558.0
supervised_finetune,15,56,200,0.3592695416726012,0.747915500409815,0.7505940784146788,0.9825549688374393,0.2828465402126312,2921079.25
supervised_finetune,16,57,10,0.20753695898515623,0.5271557364797506,0.5274687263080616,0.9046907483197296,0.17453314363956451,14759324.0
supervised_finetune,16,57,20,0.32567179357048615,0.6162312460173107,0.616718330771708,0.9509311003290418,0.25758326053619385,10335396.0
supervised_finetune,16,57,30,0.4148336974505404,0.6695110682458553,0.6701225765679855,0.9663990546710508,0.28987357020378113,8545180.0
supervised_finetune,16,57,40,0.469054186088225,0.7028385161157767,0.7035514327647662,0.9743821540710992,0.30944252014160156,6972125.0
supervised_finetune,16,57,50,0.46614484789857796,0.7088772464195907,0.7097362698839539,0.9766934915364763,0.3060908317565918,6227587.0
supervised_finetune,16,57,60,0.4625787924095051,0.7141213315166978,0.7151194530876116,0.9783373744975613,0.3024330139160156,5879582.0
supervised_finetune,16,57,70,0.46883308735095525,0.7230584066373457,0.7241696155668741,0.9802018685182141,0.31115269660949707,5204661.0
supervised_finetune,16,57,80,0.449424430796093,0.7274969800142449,0.7287369030847958,0.9804491419930312,0.289219468832016,4991917.5
supervised_finetune,16,57,90,0.4709770040366654,0.7284387048907021,0.7298237321027321,0.9814649369834333,0.3025345206260681,4633354.5
supervised_finetune,16,57,100,0.49144498338330583,0.7360447939609627,0.7375307198998043,0.9825199266081042,0.3062001168727875,4510402.5
supervised_finetune,16,57,110,0.41794091042184456,0.7337658981700284,0.7353964218190171,0.9812842820446295,0.28827103972435,4266582.5
supervised_finetune,16,57,120,0.4062126094560708,0.7321127797751537,0.7338934654329833,0.9810360427290991,0.2901240885257721,4125708.5
supervised_finetune,16,57,130,0.4178591118774348,0.7379724533682325,0.7398537505630608,0.9818466090392737,0.31575411558151245,3784323.5
supervised_finetune,16,57,140,0.41535482989872907,0.7411254129096171,0.7431103279495955,0.9822146942979953,0.32480454444885254,3634706.25
supervised_finetune,16,57,150,0.4297505421238393,0.7484671874919059,0.7505315208292022,0.982699889371823,0.3021922707557678,3536550.75
supervised_finetune,16,57,160,0.3715902681487563,0.7392350332399487,0.7414949948998107,0.9816780499099651,0.30194634199142456,3419096.5
supervised_finetune,16,57,170,0.345268801776656,0.7397603600652293,0.7421319788666296,0.9816837461223947,0.2690933048725128,3327491.5
supervised_finetune,16,57,180,0.38949361411270145,0.74417666563644,0.7466482346735759,0.982676504312286,0.30415278673171997,2994753.25
supervised_finetune,16,57,190,0.36501318811675987,0.7462676656704881,0.7488417436908611,0.9823969970407554,0.2983030676841736,2999856.25
supervised_finetune,16,57,200,0.33985762972324474,0.7419030514088393,0.7446394271079083,0.9821723135690164,0.2892695665359497,2964145.25
supervised_finetune,17,58,10,0.20758994468778438,0.5262893416735585,0.5266038641781977,0.9014802250053537,0.17365263402462006,14690076.0
supervised_finetune,17,58,20,0.3316132905321374,0.6226156567041097,0.6230948421185559,0.9512560779399611,0.25684860348701477,10283013.0
supervised_finetune,17,58,30,0.41759097674733425,0.668031984227741,0.6686439092818155,0.9671194316944789,0.29317596554756165,8216030.5
supervised_finetune,17,58,40,0.4565293570005912,0.6884199585704053,0.6891714176730874,0.9728925596009214,0.28801044821739197,7268602.0
supervised_finetune,17,58,50,0.48694536671040206,0.7061851604334574,0.7070536800990375,0.9773045737970699,0.3043346107006073,6388194.5
supervised_finetune,17,58,60,0.4912726105524816,0.7238415813152911,0.7248128059830383,0.9779046202843209,0.27628186345100403,6337561.0
supervised_finetune,17,58,70,0.5150397185631945,0.7329222620411434,0.7340010236560116,0.981122208256646,0.3131989538669586,5340817.0
supervised_finetune,17,58,80,0.47746092641033616,0.7284591668557665,0.7296958767677003,0.9811086922381563,0.30445557832717896,5005810.0
supervised_finetune,17,58,90,0.4524066120608837,0.7270549640420667,0.7284410022772774,0.9810972881342362,0.3056701421737671,4699050.5
supervised_finetune,17,58,100,0.4977196612331524,0.7398112309603302,0.741273093913459,0.9826196583917083,0.29333484172821045,4501202.5
supervised_finetune,17,58,110,0.48368444817918377,0.7417388693653709,0.743324633764141,0.9828816940231853,0.33053475618362427,4068047.5
supervised_finetune,17,58,120,0.3986052019986653,0.7351193585717538,0.7368779388815031,0.9810257038259413,0.29472973942756653,4087878.75
supervised_finetune,17,58,130,0.4749405931070526,0.7435954385297314,0.7454367706594209,0.9833040589196339,0.3055388331413269,3888753.5
supervised_finetune,17,58,140,0.4610136525687652,0.7462313256975915,0.7481716415840134,0.9835244069949256,0.3085245192050934,3540286.25
supervised_finetune,17,58,150,0.4353847985432567,0.7433366038737615,0.7454364455769976,0.9830099209542373,0.3008774220943451,3465115.25
supervised_finetune,17,58,160,0.4177490365996315,0.7498084037591018,0.751977742690844,0.9827896697153787,0.30717623233795166,3379167.5
supervised_finetune,17,58,170,0.34465637056571835,0.7416208980234201,0.7439713891166752,0.9818301152711266,0.2877143919467926,3174445.5
supervised_finetune,17,58,180,0.34918914277620794,0.7421050864017453,0.744587030198384,0.9819036553819233,0.2875613570213318,3083490.5
supervised_finetune,17,58,190,0.361103335319965,0.7459355734736179,0.7485135294689563,0.982324453464887,0.29888513684272766,3000963.5
supervised_finetune,17,58,200,0.355716623295193,0.7403810774371514,0.7431435902905827,0.9823307099200977,0.2679902911186218,3081201.75
supervised_finetune,18,59,10,0.19859244867754974,0.5180497910418962,0.5183688577564468,0.903003415085936,0.18590468168258667,14420999.0
supervised_finetune,18,59,20,0.3199620122863138,0.6154488092872417,0.6159377289563277,0.9498094631761166,0.2578880786895752,10600263.0
supervised_finetune,18,59,30,0.4133088583630586,0.6738188681453249,0.6744231048395488,0.9657508764857898,0.3089185059070587,8381645.0
supervised_finetune,18,59,40,0.4382501958333177,0.6928728701818212,0.6936118625855645,0.9724687597059138,0.3014446496963501,7138081.5
supervised_finetune,18,59,50,0.4782512603730278,0.7051966270338654,0.7060672648573696,0.9771118015100007,0.29979634284973145,6498972.0
supervised_finetune,18,59,60,0.511154101607762,0.7269345969992118,0.7278940237736241,0.9796034742365755,0.30739039182662964,5746039.5
supervised_finetune,18,59,70,0.46430763035680783,0.7276594794867057,0.7287543613802552,0.9798465188350214,0.2935291528701782,5457047.0
supervised_finetune,18,59,80,0.5081742153064089,0.7331996067351182,0.7344169764942841,0.9819143357362125,0.3135252296924591,4905298.0
supervised_finetune,18,59,90,0.47578196987923593,0.7341019192285112,0.7354564749663342,0.9814182472092544,0.31967273354530334,4631746.5
supervised_finetune,18,59,100,0.4652068086065878,0.7445550918460454,0.745991629248972,0.9818811752441801,0.32497698068618774,4297740.0
supervised_finetune,18,59,110,0.4256409110928955,0.735214683612628,0.7368353822185152,0.9814272963685028,0.2960244119167328,4268612.0
supervised_finetune,18,59,120,0.38895390457169304,0.7279232255369408,0.7297281342696437,0.9809297892171465,0.28640979528427124,4058373.75
supervised_finetune,18,59,130,0.42356780191862137,0.7384981743238594,0.7403741461421994,0.9818972191043909,0.2969176471233368,3932190.25
supervised_finetune,18,59,140,0.4021533685400565,0.7413621777350807,0.7433457271821048,0.981909542450159,0.2926271855831146,3843855.0
supervised_finetune,18,59,150,0.41580193255388337,0.7438700308586184,0.7459592657147215,0.9826121986411127,0.31676504015922546,3411284.75
supervised_finetune,18,59,160,0.4062901370109144,0.7502054245375644,0.7523679184872165,0.9827592464665176,0.32736828923225403,3286773.5
supervised_finetune,18,59,170,0.37294200876416145,0.7449599883311474,0.7472900516224246,0.9821757803133159,0.28824031352996826,3249025.5
supervised_finetune,18,59,180,0.363595707380347,0.7453408101773822,0.7477983139302941,0.9820142038537765,0.312452495098114,3057959.0
supervised_finetune,18,59,190,0.3582186820812835,0.7399926731099583,0.7426406324437228,0.981939817568622,0.2861943244934082,3103818.5
supervised_finetune,18,59,200,0.34990438976814076,0.7435368949664847,0.746263874940309,0.9821740166577726,0.3045262098312378,2922687.25
supervised_finetune,19,60,10,0.20524417862347158,0.5206265095813062,0.5209450087925588,0.9011445614060255,0.17727601528167725,14843544.0
supervised_finetune,19,60,20,0.3322415416364304,0.627432968507641,0.6279072424776136,0.9505419525592665,0.26388490200042725,10232735.0
supervised_finetune,19,60,30,0.4016140063475938,0.6653398604424581,0.6659583083479954,0.9655181501320627,0.2808189392089844,8510671.0
supervised_finetune,19,60,40,0.45567565177632663,0.6929265505710204,0.6936693803326442,0.972230557692069,0.3074854910373688,7323405.0
supervised_finetune,19,60,50,0.4842345016186304,0.7099885109412084,0.7108500520997159,0.976529256007177,0.3163900673389435,6369991.5
supervised_finetune,19,60,60,0.47215613680637275,0.7170868538453173,0.7180762607997822,0.9786810226422629,0.30417972803115845,5877621.0
supervised_finetune,19,60,70,0.4849565792114827,0.7260137192911182,0.7271267633546006,0.9796053057949994,0.32931551337242126,5370339.5
supervised_finetune,19,60,80,0.4987305377370702,0.7350604173621986,0.7362725865277894,0.9812738973055601,0.3249625861644745,4919756.0
supervised_finetune,19,60,90,0.4859609078139355,0.7352314974354461,0.7365773335801193,0.9821813021027889,0.3137756288051605,4605171.0
supervised_finetune,19,60,100,0.45388015918462016,0.7364697457214873,0.737950527467961,0.9815206310786577,0.2971915900707245,4395688.5
supervised_finetune,19,60,110,0.45034548026014615,0.7410938450977177,0.7426886280959883,0.9818416592303314,0.3257488012313843,4175796.5
supervised_finetune,19,60,120,0.45815810917665956,0.7429887241328018,0.7446959284965396,0.9827042687848309,0.3161936402320862,3990511.5
supervised_finetune,19,60,130,0.3863986451556168,0.738410461395171,0.7402708546965295,0.9816245008884523,0.30440789461135864,3748405.75
supervised_finetune,19,60,140,0.424193539862475,0.7468908248640305,0.748828722607796,0.9824012737484557,0.296539843082428,3773349.75
supervised_finetune,19,60,150,0.36710595039134025,0.7369862719017408,0.7391321533486659,0.9814384123693627,0.30018168687820435,3656070.0
supervised_finetune,19,60,160,0.3786188780724769,0.7422369616386649,0.7444614831940113,0.982257652348181,0.29479384422302246,3300066.5
supervised_finetune,19,60,170,0.35350152899942705,0.7399807811276627,0.7423536353857957,0.9818761367565406,0.29666441679000854,3311618.5
supervised_finetune,19,60,180,0.3618818297384439,0.7399373358895188,0.742453634503972,0.9819131758705008,0.28569644689559937,3233543.25
supervised_finetune,19,60,190,0.34864265478265655,0.7400884106635469,0.7427331579881109,0.9818225811031995,0.2954772114753723,3090806.25
supervised_finetune,19,60,200,0.33418136510629437,0.7431595368073219,0.7458777192150574,0.9820476517446042,0.2927820682525635,3041034.25
supervised_finetune,20,61,10,0.2006354679158134,0.5256050586050325,0.5259197054038602,0.9014005478709467,0.17959171533584595,14675606.0
supervised_finetune,20,61,20,0.3328389211779112,0.6264388170286151,0.6269144256865673,0.9505865014853236,0.26782914996147156,10188147.0
supervised_finetune,20,61,30,0.4182454345294258,0.6720134468373781,0.6726176688166621,0.9673245150613681,0.3088933229446411,8009126.0
supervised_finetune,20,61,40,0.44607384348716167,0.6930477439607435,0.6937860998911898,0.9726247970627999,0.308601051568985,7139911.5
supervised_finetune,20,61,50,0.48716176217431817,0.7113225030984506,0.7121726367301208,0.9777029983797441,0.33038872480392456,6162083.5
supervised_finetune,20,61,60,0.4644768251374667,0.7133261653892657,0.7143367496524048,0.9771359874361825,0.3179759979248047,5812474.0
supervised_finetune,20,61,70,0.5151575402308615,0.7299164102032715,0.7310065826488165,0.9812251240221654,0.31927573680877686,5398699.0
supervised_finetune,20,61,80,0.4700726631266931,0.7257031111449,0.7269628597656517,0.9799228811116066,0.32247790694236755,4992310.5
supervised_finetune,20,61,90,0.48940037745288295,0.7384779566258102,0.7398160666095189,0.9816673744855307,0.32820257544517517,4618868.0
supervised_finetune,20,61,100,0.4622899126102986,0.7375578148416915,0.7390356456828472,0.9813203731592554,0.31156373023986816,4409043.0
supervised_finetune,20,61,110,0.3922855069614121,0.7270123584429038,0.7286859578067941,0.9803298968465456,0.28698912262916565,4327863.0
supervised_finetune,20,61,120,0.47317944540849194,0.7407821480526384,0.7425113949985178,0.9828304061617262,0.28911909461021423,4070267.75
supervised_finetune,20,61,130,0.4018690162969385,0.7357001732624651,0.7375910285149876,0.9816822442773528,0.2998972535133362,3882311.5
supervised_finetune,20,61,140,0.4047609367835724,0.7403589239365121,0.7423435423422656,0.982202102568586,0.27430564165115356,3587644.75
supervised_finetune,20,61,150,0.38524449100775604,0.7419353732261158,0.7440472454018411,0.9816982722916019,0.3011969327926636,3547950.25
supervised_finetune,20,61,160,0.3683592227430518,0.7393905878088387,0.7416437424743481,0.981794319889098,0.28815141320228577,3433426.75
supervised_finetune,20,61,170,0.3998273836632914,0.7473760532708287,0.7496909096235567,0.9827857109246223,0.2820151448249817,3202638.75
supervised_finetune,20,61,180,0.36281635705645265,0.7410804115682527,0.7435842453613338,0.9819071856274473,0.28899848461151123,3135224.75
supervised_finetune,20,61,190,0.3412383627014844,0.740531399944976,0.7431511015083707,0.9820411931066589,0.2947982847690582,3039331.25
supervised_finetune,20,61,200,0.3368871230118612,0.7442573901364821,0.7469707375375567,0.9820530069754124,0.2873084843158722,2941129.0
supervised_finetune,21,62,10,0.196181783853187,0.510443389891797,0.5107668829560363,0.904724541535146,0.17991775274276733,14452886.0
supervised_finetune,21,62,20,0.3370853547545094,0.6272847163779368,0.6277581617987018,0.9515142230943834,0.2631467878818512,10109999.0
supervised_finetune,21,62,30,0.4240834789912051,0.6731666229889205,0.673769286608823,0.9675758125888286,0.2930711507797241,8162750.5
supervised_finetune,21,62,40,0.45408426727268425,0.6904027377684625,0.6911495065134948,0.9729355072045099,0.29075148701667786,7286252.0
supervised_finetune,21,62,50,0.46529390938765,0.7048055317012696,0.7056737525828337,0.9769612467385044,0.2920582890510559,6314636.5
supervised_finetune,21,62,60,0.4739154511277454,0.7159936006037394,0.7169853555767505,0.9786915131971435,0.28056538105010986,5684762.0
supervised_finetune,21,62,70,0.4822473379222717,0.7266308471583282,0.7277361464966056,0.9798981075349987,0.3054320812225342,5326790.0
supervised_finetune,21,62,80,0.4707607454856893,0.7235312949601962,0.7247963361221075,0.9804995552160901,0.29294031858444214,5043970.0
supervised_finetune,21,62,90,0.4756174944073358,0.7305389423703105,0.7319066048973818,0.9817304947613872,0.2845950126647949,4713088.0
supervised_finetune,21,62,100,0.47646801197155075,0.7405081709428798,0.7419636291433013,0.9822088471381077,0.3030579090118408,4347757.5
supervised_finetune,21,62,110,0.40411647298147657,0.7312180741885494,0.7328599828991212,0.9810124974492821,0.28065210580825806,4331413.0
supervised_finetune,21,62,120,0.4273185090519933,0.7355597354461496,0.7373144513368702,0.9818553860001124,0.2813338339328766,3950734.0
supervised_finetune,21,62,130,0.39210506662199596,0.7351263299489108,0.7370188495990753,0.981288567966463,0.27869734168052673,3768958.75
supervised_finetune,21,62,140,0.4306014483461739,0.745909025183071,0.7478555187037145,0.9826581188297491,0.3047071695327759,3585945.25
supervised_finetune,21,62,150,0.48293531088619074,0.7429940936059407,0.7451088605057631,0.9837705297007868,0.294831782579422,3625633.75
supervised_finetune,21,62,160,0.3771517706288292,0.7413322666729214,0.7435657172353568,0.9821291884906561,0.28637728095054626,3334516.5
supervised_finetune,21,62,170,0.34657549140603156,0.7385012320287363,0.7408856077421416,0.9816740319609515,0.2933143377304077,3130943.0
supervised_finetune,21,62,180,0.36631749089396015,0.7457387693748453,0.7481922701953991,0.9822138061024945,0.28572118282318115,3248534.5
supervised_finetune,21,62,190,0.3577620281581088,0.7424505423311896,0.7450596869794003,0.9822627541609786,0.2785785496234894,3030755.0
supervised_finetune,21,62,200,0.33271849086404215,0.7405910919383474,0.7433423845074053,0.9818685205417449,0.2813566029071808,2992609.5
supervised_finetune,22,63,10,0.19622262174118474,0.521776721727345,0.5220939122035496,0.9010937013268451,0.18129228055477142,14484521.0
supervised_finetune,22,63,20,0.3141193242705953,0.620889163499631,0.6213727094568221,0.9479434495277314,0.23647283017635345,10523810.0
supervised_finetune,22,63,30,0.42869497952935726,0.6746531460121263,0.6752529847006115,0.9676125697033582,0.2823213040828705,8482942.0
supervised_finetune,22,63,40,0.47422498220134496,0.7023201166752557,0.7030356037050629,0.9743371898047779,0.31396234035491943,7033423.5
supervised_finetune,22,63,50,0.4585495731199974,0.7112009178111818,0.7120600689146385,0.9744713842076496,0.3048936128616333,6454910.0
supervised_finetune,22,63,60,0.47584802433367357,0.7167819210176507,0.7177716377470992,0.9787466510991103,0.2975347638130188,5762138.0
supervised_finetune,22,63,70,0.4947098115284849,0.7276283799670454,0.7287302718614406,0.9803026799987014,0.3151635229587555,5277211.0
supervised_finetune,22,63,80,0.43310845840273887,0.7211851174386322,0.7224611148413258,0.9790526805784728,0.2864568829536438,5130688.0
supervised_finetune,22,63,90,0.4548218708880336,0.7364082734861981,0.7377393898263621,0.9817507221902563,0.30481597781181335,4603894.0
supervised_finetune,22,63,100,0.4508532086907943,0.7392992727375827,0.7407597488463312,0.9817660255745432,0.3075897693634033,4324016.0
supervised_finetune,22,63,110,0.5012903148741109,0.7417816077197185,0.7433691459266089,0.9831255238183805,0.30365756154060364,4236993.5
supervised_finetune,22,63,120,0.4914544245981476,0.7505932523426643,0.7522596504315592,0.9834543073358696,0.3117167353630066,3939027.0
supervised_finetune,22,63,130,0.4504265923895442,0.7427844883594735,0.7446284246226561,0.9827230768850367,0.29287460446357727,3840371.25
supervised_finetune,22,63,140,0.3890220011708344,0.7328949567686248,0.7349493031744819,0.9809880393246907,0.291260689496994,3816531.5
supervised_finetune,22,63,150,0.38826296818963335,0.7439471391732689,0.74603669833371,0.981941207963733,0.30233627557754517,3462204.75
supervised_finetune,22,63,160,0.37195246798228354,0.7393203716113765,0.7415826532285562,0.9815975689157872,0.2984694838523865,3427631.25
supervised_finetune,22,63,170,0.3730133633548268,0.7403984472538374,0.742773682825656,0.9821153351879361,0.3195578455924988,3236458.75
supervised_finetune,22,63,180,0.35670222502802934,0.7424878121303955,0.7449696363185149,0.9819936995313979,0.29091212153434753,3174248.5
supervised_finetune,22,63,190,0.34801073879828853,0.7397896244178994,0.7424296292346273,0.9819174132567403,0.28002727031707764,3152398.75
supervised_finetune,22,63,200,0.33932084620350506,0.7431385658919061,0.7458696826057986,0.9819650236226084,0.2983846366405487,2895399.25
supervised_finetune,23,64,10,0.19674643889091947,0.5221490651951257,0.5224678688003128,0.896000408668058,0.17542590200901031,14949427.0
supervised_finetune,23,64,20,0.3247762554114201,0.6234115427029462,0.6238904011568575,0.9496908628428968,0.25101786851882935,10767568.0
supervised_finetune,23,64,30,0.4170410694370561,0.6680096597470147,0.6686221511677842,0.9669206973936437,0.2979210317134857,8343668.0
supervised_finetune,23,64,40,0.4609123233555548,0.7009144713473089,0.7016349885801308,0.973011383068758,0.310715913772583,7059236.5
supervised_finetune,23,64,50,0.48705061059281846,0.7122161184664482,0.7130701890589971,0.9765936240057999,0.3146364390850067,6323643.5
supervised_finetune,23,64,60,0.48876743925371446,0.7178594799223348,0.7188454552961547,0.979215528823165,0.32187408208847046,5665697.0
supervised_finetune,23,64,70,0.48487645143715336,0.7255237139129885,0.7266386234143845,0.9794707046791093,0.3084796369075775,5447518.0
supervised_finetune,23,64,80,0.49167010674041967,0.7287677407844381,0.7300089053056718,0.9810926152774921,0.3131469190120697,4875081.5
supervised_finetune,23,64,90,0.521302393772558,0.7443527005828879,0.745661606377387,0.9827811451748419,0.3343617618083954,4550958.5
supervised_finetune,23,64,100,0.4325046115712082,0.7319754256291136,0.7334750026106375,0.9812204485244278,0.3018549978733063,4565502.5
supervised_finetune,23,64,110,0.4886550706340063,0.7406863131170821,0.7422833976943951,0.9827350641203494,0.3240226209163666,4264509.5
supervised_finetune,23,64,120,0.4440938671432809,0.7435518213307158,0.7452604648469178,0.9822074710043625,0.3180764615535736,4008168.0
supervised_finetune,23,64,130,0.4140532981435045,0.7431773667673746,0.7450150994365475,0.9818838654776648,0.31959468126296997,3679620.5
supervised_finetune,23,64,140,0.4204931323856094,0.7478275245795866,0.7497592312646434,0.9824954557480544,0.30609092116355896,3568328.0
supervised_finetune,23,64,150,0.39616555466653575,0.745869041660206,0.7479389259691053,0.9822923319984357,0.2976602613925934,3444697.25
supervised_finetune,23,64,160,0.4212739049361805,0.7503238945491828,0.7524935248228938,0.9828994846365802,0.3095192015171051,3310823.75
supervised_finetune,23,64,170,0.3680490421309378,0.7431341257973701,0.7454852308755335,0.9820656542243766,0.27505528926849365,3363087.0
supervised_finetune,23,64,180,0.3845126076426525,0.7448074997636893,0.7472711669861521,0.9825519552289572,0.29296576976776123,3138443.75
supervised_finetune,23,64,190,0.3422395135354509,0.7384535718987545,0.7411026311636988,0.9818779261177553,0.2966688573360443,3107291.0
supervised_finetune,23,64,200,0.37070810951663336,0.7445382712472147,0.7472675602804145,0.9824874628101902,0.29330697655677795,2973828.5
supervised_finetune,24,65,10,0.20129215179571985,0.5200338521706723,0.5203514131882943,0.9039711073118806,0.18585209548473358,14426915.0
supervised_finetune,24,65,20,0.3196171113156144,0.6255320093228888,0.6260101324663583,0.9478061939784923,0.25506919622421265,10476627.0
supervised_finetune,24,65,30,0.40063319163688854,0.6684469182708943,0.6690588650633049,0.9657425517804374,0.297961562871933,8281359.5
supervised_finetune,24,65,40,0.4529869163336787,0.6939365636590297,0.6946760280606625,0.9724860473567449,0.31402894854545593,7163963.0
supervised_finetune,24,65,50,0.4827932767368745,0.7099761329003534,0.710836093136487,0.976627054583447,0.3197871148586273,6327673.0
supervised_finetune,24,65,60,0.49002855041049564,0.7175308250943225,0.718522606991588,0.9788059035517686,0.3077622950077057,5972671.5
supervised_finetune,24,65,70,0.462186396674758,0.7240798031578809,0.7251963090883137,0.9788374887791362,0.32041147351264954,5283045.5
supervised_finetune,24,65,80,0.49257732672282845,0.7382525400906125,0.7394447721204901,0.9817316866711548,0.298780620098114,4920601.5
supervised_finetune,24,65,90,0.44788716008366863,0.7261166810132769,0.727514542314643,0.9803876919989213,0.30112114548683167,4758952.0
supervised_finetune,24,65,100,0.4941443939090219,0.7416651475385895,0.7431223382211838,0.9823950918866425,0.30766627192497253,4385729.0
supervised_finetune,24,65,110,0.4212861943046812,0.7341939849513824,0.735832374350891,0.9804849680692747,0.2912193834781647,4336631.5
supervised_finetune,24,65,120,0.5305755227815943,0.7541591050281479,0.7558086834934983,0.9841090979235935,0.33894097805023193,3965792.25
supervised_finetune,24,65,130,0.4151588069096755,0.7387376215231181,0.7406095178542321,0.9817917070073822,0.29041898250579834,3893889.25
supervised_finetune,24,65,140,0.42857286749686,0.743953821586013,0.745913226556948,0.9827258434725816,0.2984190285205841,3684680.5
supervised_finetune,24,65,150,0.4189780010256089,0.742333145165061,0.7444446181901341,0.9825405038805956,0.30758437514305115,3461195.75
supervised_finetune,24,65,160,0.3833428484271326,0.7452048893178899,0.7474166289603429,0.9821280825599031,0.3144684135913849,3307476.75
supervised_finetune,24,65,170,0.3638917860595675,0.7424509462540513,0.7448059897602628,0.9819266231644673,0.288110613822937,3328744.0
supervised_finetune,24,65,180,0.3987119500679049,0.7503764064395194,0.7527932818237957,0.98277855177779,0.30562713742256165,3072722.25
supervised_finetune,24,65,190,0.3836106331897149,0.7511818625508555,0.7537094352614909,0.9827847425016041,0.28762608766555786,3004122.25
supervised_finetune,24,65,200,0.35912188150980134,0.7462937270072574,0.7489990488582867,0.9823309385127683,0.2861992120742798,2993088.5
supervised_finetune,25,66,10,0.20665996362533876,0.5253411340514532,0.5256548078169571,0.9059849543932412,0.1800108104944229,14596299.0
supervised_finetune,25,66,20,0.35387281813495713,0.6364619297990114,0.6369230852421172,0.9532365798358018,0.2750736176967621,10149657.0
supervised_finetune,25,66,30,0.4125526315326365,0.6759872785106658,0.6765846934543853,0.9665739302941587,0.284942090511322,8280664.5
supervised_finetune,25,66,40,0.4468067941374959,0.6890823531250135,0.6898330447054803,0.9723727892841203,0.306188702583313,7196877.5
supervised_finetune,25,66,50,0.4887195063856024,0.7123540340005917,0.7132062255075559,0.9768645883672158,0.3302764296531677,6208974.0
supervised_finetune,25,66,60,0.4937764325537838,0.716823942858771,0.7178215986625293,0.978595169162785,0.32352495193481445,5792563.5
supervised_finetune,25,66,70,0.4911870861380123,0.722990470643928,0.7241082908307563,0.9803869669581379,0.31323471665382385,5317425.0
supervised_finetune,25,66,80,0.5312792560687097,0.7421105369393004,0.7432931865302351,0.9821857386199477,0.3345445692539215,4909294.5
supervised_finetune,25,66,90,0.48965742550246616,0.7358312728680955,0.7371779846716924,0.9820731964913508,0.33238324522972107,4526990.5
supervised_finetune,25,66,100,0.4893669805753481,0.7417153954891237,0.7431660343189963,0.982684247236087,0.3155004382133484,4422968.5
supervised_finetune,25,66,110,0.4743358294747197,0.7424136498998711,0.7439992665821201,0.9824828974712311,0.3169898986816406,4168577.5
supervised_finetune,25,66,120,0.4205368955867123,0.7317770662016496,0.7335618349630054,0.9815181677358698,0.3106141984462738,3923479.75
supervised_finetune,25,66,130,0.3970581749804714,0.7403024607543774,0.7421496441317432,0.9819034358273199,0.3008403182029724,3704907.0
supervised_finetune,25,66,140,0.45309481256819084,0.7473509596790232,0.7492886854267964,0.9832265378924231,0.3360268175601959,3500915.25
supervised_finetune,25,66,150,0.3797758761002719,0.743035433492914,0.7451294592991675,0.9818019473721332,0.2976035177707672,3511278.5
supervised_finetune,25,66,160,0.40104172337617344,0.7448192540705568,0.7470325927134818,0.9825257566308776,0.3089882433414459,3431729.75
supervised_finetune,25,66,170,0.36994137572025104,0.7418125267093889,0.7441725495864148,0.9821290543868687,0.3029893934726715,3245181.0
supervised_finetune,25,66,180,0.3530928057231321,0.743840409072838,0.7463079003658635,0.9819535205694604,0.28991299867630005,3144437.0
supervised_finetune,25,66,190,0.32527371525394516,0.739767456007441,0.7423908668345853,0.9817773934088175,0.2848232388496399,3050529.25
supervised_finetune,25,66,200,0.3398064645043106,0.7433708019608193,0.7460949234074962,0.982078038371687,0.2873050272464752,2859627.75
supervised_finetune,26,67,10,0.20409760241793523,0.5228556518540032,0.523171108758549,0.9051768183840898,0.19061630964279175,14395696.0
supervised_finetune,26,67,20,0.33021228497740085,0.6240430935310204,0.6245208257110064,0.9506247908456662,0.2576543688774109,10421449.0
supervised_finetune,26,67,30,0.40754800331650665,0.6641359323589646,0.6647570675277102,0.9658791007171597,0.29275980591773987,8347593.5
supervised_finetune,26,67,40,0.44791667245742806,0.6922918890523956,0.693033718260778,0.9726536052560256,0.2909218370914459,7176867.5
supervised_finetune,26,67,50,0.4431216641706376,0.7011832320773208,0.7020725884596001,0.9748028732763866,0.29859691858291626,6549654.0
supervised_finetune,26,67,60,0.5172548771579025,0.7258443251271581,0.7268074807196844,0.979585343580579,0.3322445750236511,5855761.0
supervised_finetune,26,67,70,0.49684517516265414,0.7259744865495487,0.7270780448015247,0.9807031437805871,0.3195815682411194,5238438.5
supervised_finetune,26,67,80,0.4800352680182462,0.7330131738444615,0.7342373941816026,0.9805979606926954,0.33019182085990906,4912990.0
supervised_finetune,26,67,90,0.4650586776461034,0.7352730524627883,0.7366202201442819,0.9813986575510015,0.2968890964984894,4781109.5
supervised_finetune,26,67,100,0.4779652951994933,0.7441519571552572,0.7455870250283789,0.9823924616917461,0.3175966739654541,4366000.5
supervised_finetune,26,67,110,0.4101283228283396,0.7272309667273713,0.728914653298776,0.9802438690027997,0.29346764087677,4328751.0
supervised_finetune,26,67,120,0.40311825179762534,0.7416407861141823,0.7433580811672511,0.9807429237177321,0.3050788938999176,4022257.75
supervised_finetune,26,67,130,0.42221338939966224,0.7390056028225395,0.7408775670601534,0.9818737396146596,0.2935279905796051,3858277.25
supervised_finetune,26,67,140,0.4118943978989694,0.7393777705084372,0.7413843371722646,0.981921301621,0.2989937961101532,3708087.0
supervised_finetune,26,67,150,0.4191676138976319,0.7497620803873659,0.7518077611169917,0.9827853891929099,0.312999963760376,3393700.75
supervised_finetune,26,67,160,0.3831936068346908,0.7463162557804125,0.7485069479988556,0.9822455688633227,0.30880576372146606,3348158.75
supervised_finetune,26,67,170,0.36068312111615025,0.7432510302004608,0.7455980776712423,0.9819275514443825,0.28603947162628174,3189191.75
supervised_finetune,26,67,180,0.3330238948563779,0.7375137938776152,0.740037242520983,0.9814931588760741,0.26764726638793945,3202898.5
supervised_finetune,26,67,190,0.3349002053420808,0.7342098626255984,0.7369043842833424,0.9815340528430192,0.27415215969085693,3144204.5
supervised_finetune,26,67,200,0.357903462899085,0.7489681132075154,0.7516403872947096,0.982351340188528,0.31101924180984497,2927064.75
supervised_finetune,27,68,10,0.19138138418787598,0.5075682505643,0.5078950832840008,0.8996238215806405,0.177781879901886,14698034.0
supervised_finetune,27,68,20,0.3196830242508644,0.6177732537686538,0.6182597719703393,0.9493208578165643,0.25859764218330383,10346441.0
supervised_finetune,27,68,30,0.41806362658697827,0.6685843230842295,0.66919496840666,0.9673149951596781,0.28763431310653687,8302583.0
supervised_finetune,27,68,40,0.4405437031274343,0.6971889706707125,0.6979214213994089,0.9712260746055652,0.31407955288887024,7081807.5
supervised_finetune,27,68,50,0.4640210589718455,0.7106726918390661,0.7115325366041427,0.9755585708898781,0.32525360584259033,6303345.5
supervised_finetune,27,68,60,0.494637047441946,0.7180156366768855,0.7190074423953138,0.978471677768059,0.32431846857070923,5678348.5
supervised_finetune,27,68,70,0.48664586409521093,0.7217636525471687,0.7228847496590073,0.9803548132128755,0.3056912124156952,5244117.5
supervised_finetune,27,68,80,0.5229557121304891,0.7368604647894901,0.7380683332882756,0.9820051120864977,0.31862708926200867,4920102.0
supervised_finetune,27,68,90,0.46636225602879033,0.7315848406962269,0.7329565735233555,0.9810642385639361,0.315825492143631,4676495.0
supervised_finetune,27,68,100,0.46111803814644725,0.7320373094291075,0.7335434855441576,0.9817449560795286,0.2934657037258148,4386850.5
supervised_finetune,27,68,110,0.46502493100285996,0.7367085711129566,0.7383372435939966,0.9817980244402014,0.2909306287765503,4302839.0
supervised_finetune,27,68,120,0.43034984738589166,0.7413412014028093,0.7430624625363134,0.9815055687290558,0.30197420716285706,3907527.5
supervised_finetune,27,68,130,0.46537497263385474,0.7475609493394417,0.7493684464668923,0.9832957647324301,0.28912994265556335,3898998.5
supervised_finetune,27,68,140,0.3987693630829713,0.7424448847995545,0.7444146665332675,0.9819746390108901,0.27523642778396606,3695679.5
supervised_finetune,27,68,150,0.39231029713201804,0.7469262690707055,0.7489845773893846,0.982312641356796,0.3077956438064575,3362537.25
supervised_finetune,27,68,160,0.37635438475124944,0.737943318904059,0.7402198415446792,0.9817288290573629,0.28096699714660645,3530286.0
supervised_finetune,27,68,170,0.47442394800395254,0.7546502269587926,0.7569096281032799,0.9842738772041361,0.3114467263221741,3179695.0
supervised_finetune,27,68,180,0.34975935405957964,0.7384794017529779,0.7409952339527156,0.9819180990347518,0.28345969319343567,3213754.0
supervised_finetune,27,68,190,0.3606236415255039,0.7426714055683676,0.7452804555702127,0.9823070267217249,0.30695095658302307,3033448.75
supervised_finetune,27,68,200,0.34531460759554056,0.7421655561735085,0.7449026209525536,0.9821979644837068,0.2922201454639435,2883544.5
supervised_finetune,28,69,10,0.1870111438407727,0.510788113410006,0.511112864914632,0.8992264893716188,0.18288105726242065,14357289.0
supervised_finetune,28,69,20,0.33937944265590525,0.6304224135703235,0.6308920047203401,0.9515787851766934,0.26952871680259705,10163573.0
supervised_finetune,28,69,30,0.40111562388489125,0.6651230898740382,0.6657418456122156,0.9652412152470123,0.2659592628479004,8528608.0
supervised_finetune,28,69,40,0.45013380033631234,0.6967543859055713,0.6974899010474019,0.9717835911770418,0.30952534079551697,7248717.0
supervised_finetune,28,69,50,0.48558872170587913,0.7125905573780484,0.7134415887785368,0.9769858650833758,0.3258906900882721,6265262.5
supervised_finetune,28,69,60,0.5084742189581383,0.72707596661596,0.7280305293422631,0.9798465492357924,0.32742059230804443,5746263.5
supervised_finetune,28,69,70,0.4618879970829251,0.7154125573388846,0.7165623998233619,0.9792352372087535,0.28806430101394653,5644526.5
supervised_finetune,28,69,80,0.4778221987953051,0.7291217536040865,0.7303686478790025,0.9801130756715195,0.31953105330467224,5011885.0
supervised_finetune,28,69,90,0.4585741045736321,0.7357428841237217,0.7370878971750271,0.9810218976846165,0.28979355096817017,4804474.0
supervised_finetune,28,69,100,0.42236754493806794,0.7387083291747306,0.7401753107618966,0.9805227882130829,0.29337069392204285,4458425.0
supervised_finetune,28,69,110,0.44743484203078815,0.7379787245149746,0.739580594604527,0.9820897055772609,0.29864072799682617,4215883.0
supervised_finetune,28,69,120,0.42676681856665327,0.7410513642950685,0.7427789639114509,0.981701074151084,0.29742294549942017,4086528.75
supervised_finetune,28,69,130,0.43281329920869815,0.7377049194885948,0.7395764318123039,0.9823993133095428,0.29453861713409424,3812383.5
supervised_finetune,28,69,140,0.45571543406461573,0.7445653135269581,0.7465363499403881,0.9827249074457519,0.3181452751159668,3674446.25
supervised_finetune,28,69,150,0.41756803080534866,0.7472331498653202,0.7493024263894521,0.9826725242175144,0.2997031807899475,3534002.0
supervised_finetune,28,69,160,0.4062612872906509,0.7448482292764776,0.7470587307240548,0.9826603379686597,0.30450865626335144,3333458.5
supervised_finetune,28,69,170,0.36998730761489357,0.7394094642672413,0.7417994003491919,0.9819209337012436,0.293573796749115,3295281.75
supervised_finetune,28,69,180,0.34828715423235657,0.7394876788446094,0.7419968493975452,0.9818999717827027,0.29734569787979126,3225178.75
supervised_finetune,28,69,190,0.3699820053389615,0.7465169148783614,0.7490901024081557,0.982426201383025,0.3069854974746704,3030602.5
supervised_finetune,28,69,200,0.36003485452173084,0.7439828923070728,0.746703197242106,0.9824131741831112,0.30572327971458435,2892888.75
supervised_finetune,29,70,10,0.19085131945977554,0.5141691906534213,0.5144914644397082,0.9006699954512106,0.1777256429195404,14644527.0
supervised_finetune,29,70,20,0.33700098659801475,0.6280058373949321,0.6284788697388553,0.9509779172230473,0.26091229915618896,10237411.0
supervised_finetune,29,70,30,0.4312851621237224,0.6770471639375066,0.6776415667721101,0.96818061128001,0.30072227120399475,8082946.0
supervised_finetune,29,70,40,0.4462206791001492,0.6914507000260951,0.6921910863667653,0.9733236199982276,0.2836655378341675,7114345.5
supervised_finetune,29,70,50,0.4451268709588794,0.7035543882216061,0.7044281930353787,0.9761161749662768,0.2896144390106201,6338534.5
supervised_finetune,29,70,60,0.4833020385813791,0.7176966026860009,0.7186848984511308,0.9788432849971913,0.3005888760089874,5773689.0
supervised_finetune,29,70,70,0.4672056677610088,0.7264938639937483,0.7275931671395277,0.9799895611534271,0.3115229904651642,5213037.0
supervised_finetune,29,70,80,0.517562700064777,0.7416846334126015,0.7428650331008795,0.9821947131271096,0.32035863399505615,4803956.0
supervised_finetune,29,70,90,0.47592325123691626,0.7362625527188519,0.7376080726740433,0.9814746738574218,0.3174295127391815,4665804.5
supervised_finetune,29,70,100,0.48114880362550555,0.7306285296516157,0.7321635410199032,0.980655659947658,0.2944406270980835,4636288.5
supervised_finetune,29,70,110,0.4775048042082742,0.7456662626519263,0.7472280969857527,0.9826138200938215,0.30416339635849,4222527.0
supervised_finetune,29,70,120,0.3996111098390281,0.7373179508988911,0.7390628820523577,0.9810283154751935,0.2757145166397095,4101102.25
supervised_finetune,29,70,130,0.45090495380829515,0.7385385327794759,0.7404120527092316,0.9826497792761436,0.3089303970336914,3789558.0
supervised_finetune,29,70,140,0.3927925695247634,0.7432741974213665,0.7452329526853785,0.981973075014465,0.30997195839881897,3540948.75
supervised_finetune,29,70,150,0.3711118019513324,0.7330198179141115,0.7351938226903098,0.9815073419508649,0.2743983268737793,3630073.25
supervised_finetune,29,70,160,0.3648583658996257,0.7441647893520239,0.7463699565409924,0.9818965282791471,0.3036130964756012,3308626.0
supervised_finetune,29,70,170,0.37422973578678226,0.745055884595945,0.7473898078589446,0.9820681200907807,0.28920668363571167,3224486.5
supervised_finetune,29,70,180,0.37244866495181,0.7456340495210675,0.7480893276564582,0.982411174598804,0.2933255434036255,3109960.75
supervised_finetune,29,70,190,0.3769855605489572,0.7506122200899664,0.7531451685332767,0.9826638619344878,0.2953321635723114,2946436.0
supervised_finetune,29,70,200,0.32448379529267884,0.740865483762888,0.7436075525435942,0.9818354631071526,0.2984327971935272,2908706.75
supervised_finetune,30,71,10,0.20229099253108684,0.52636887673916,0.5266847325365911,0.8963230428959886,0.1700400859117508,14915555.0
supervised_finetune,30,71,20,0.31339430823628206,0.6066071874071484,0.6071088439065568,0.9484350156758932,0.24314506351947784,10699737.0
supervised_finetune,30,71,30,0.4129167355993039,0.6623638466654905,0.6629893057454719,0.9659374416748846,0.2839227616786957,8518525.0
supervised_finetune,30,71,40,0.4637032702145721,0.6963064100100137,0.6970379771540706,0.9734078024916939,0.3011736571788788,7271332.0
supervised_finetune,30,71,50,0.4861826223187861,0.708332420495813,0.7091955099748729,0.9769819607557769,0.3071646988391876,6440390.5
supervised_finetune,30,71,60,0.5138811094449081,0.7319661498614572,0.7329017309901784,0.9804490168099335,0.30804815888404846,5769465.5
supervised_finetune,30,71,70,0.5133736565222593,0.7317935298690451,0.7328799848664485,0.9808683463830635,0.32735079526901245,5246991.5
supervised_finetune,30,71,80,0.4478453305002151,0.7278936272067328,0.7291369784716354,0.9796264710700494,0.30135130882263184,5028576.0
supervised_finetune,30,71,90,0.39622578875059494,0.716537381380058,0.7179740636843392,0.9794738925931707,0.27222710847854614,4848489.0
supervised_finetune,30,71,100,0.4136008014002404,0.7315047116614717,0.7330048999679066,0.9808026342360626,0.3006489872932434,4480498.0
supervised_finetune,30,71,110,0.47645761928925384,0.7426898325177078,0.7442777800590391,0.9822317204317687,0.3217914402484894,4183693.75
supervised_finetune,30,71,120,0.444418114665427,0.7371451369135695,0.7388954214453365,0.9821773989489648,0.30777880549430847,4023868.0
supervised_finetune,30,71,130,0.4333624783967422,0.7353951707780593,0.7372957621033913,0.9821614646606451,0.31349483132362366,3842658.5
supervised_finetune,30,71,140,0.4095205193613781,0.7387581014635384,0.7407644040264866,0.9819133586859484,0.2836686074733734,3795084.25
supervised_finetune,30,71,150,0.39085501831014174,0.7408658815034128,0.7429844960276235,0.9818476752964336,0.31280654668807983,3485132.25
supervised_finetune,30,71,160,0.37818477475810386,0.7368628535644254,0.7391428450036585,0.9819009751255255,0.3059994876384735,3338212.75
supervised_finetune,30,71,170,0.3558028685613022,0.7401100047661283,0.7424912867663757,0.9816527667389648,0.2925461232662201,3360641.25
supervised_finetune,30,71,180,0.350691533257436,0.7407882304246949,0.7432823163740448,0.9819821718876648,0.27574285864830017,3186563.0
supervised_finetune,30,71,190,0.36073190294436064,0.7424616109696994,0.7450738332889761,0.982275870626477,0.28962695598602295,3023810.75
supervised_finetune,30,71,200,0.33144478167218766,0.737781620802155,0.7405678068084223,0.9817757372710592,0.2878643572330475,2960322.25
supervised_finetune,31,72,10,0.20052691889194782,0.5221171097816552,0.5224348324934931,0.8992964185985527,0.17585335671901703,14805108.0
supervised_finetune,31,72,20,0.3238203920243157,0.6249026955265689,0.6253800450488876,0.9495660132144934,0.25318747758865356,10313540.0
supervised_finetune,31,72,30,0.4170706476626283,0.6716962407530787,0.6723009575173341,0.9672578696459085,0.2915133833885193,8171504.5
supervised_finetune,31,72,40,0.4357010597923375,0.6916374420956998,0.6923808121984348,0.9719284044283955,0.29407069087028503,7090059.5
supervised_finetune,31,72,50,0.5044049742272291,0.7189704351207246,0.719799701588685,0.9782166224001128,0.3090495467185974,6174279.5
supervised_finetune,31,72,60,0.49556163011273996,0.7218687625006505,0.7228426649062286,0.979184448201646,0.3222794532775879,5735637.0
supervised_finetune,31,72,70,0.47939820743786316,0.7229500382289051,0.7240652622366524,0.9801089716848024,0.3051150441169739,5305023.5
supervised_finetune,31,72,80,0.487361704698713,0.7324012317625804,0.7336274700520894,0.9809859934936506,0.30182886123657227,5002563.0
supervised_finetune,31,72,90,0.448537303078281,0.7355332811123062,0.736879311617308,0.9807895944767568,0.27931806445121765,4820667.5
supervised_finetune,31,72,100,0.4590499622824117,0.7393482742261709,0.7408115183191946,0.9818927136866427,0.3150065541267395,4326183.0
supervised_finetune,31,72,110,0.4686230002251024,0.73866488398987,0.7402783955116162,0.9818118385388382,0.315693736076355,4207749.0
supervised_finetune,31,72,120,0.41544450113673975,0.7358406646274651,0.7375926173991431,0.9817219527316037,0.2756248116493225,4088045.75
supervised_finetune,31,72,130,0.4826397131747444,0.7424488419186148,0.7443064719901747,0.9831105458045083,0.30894747376441956,3867038.75
supervised_finetune,31,72,140,0.4028653148351788,0.7434660135481895,0.745424091041423,0.9822108337522019,0.2897755801677704,3578697.25
supervised_finetune,31,72,150,0.415854825160321,0.7469712894191598,0.7490396202633482,0.98263685325563,0.304255872964859,3499034.5
supervised_finetune,31,72,160,0.3952758324236178,0.7392043318787065,0.7414647273512662,0.9823548191400869,0.2929675579071045,3441040.5
supervised_finetune,31,72,170,0.3564358614048234,0.7370643460696711,0.7394647134491739,0.981872385371817,0.2859415113925934,3238387.0
supervised_finetune,31,72,180,0.3595729811454344,0.742211085104374,0.7446983444487858,0.9820218496477008,0.29146286845207214,3226210.25
supervised_finetune,31,72,190,0.33533136294633875,0.7340434305348099,0.7367325721370311,0.9816981159447793,0.2849109172821045,3007869.0
supervised_finetune,31,72,200,0.34464410962593,0.7425531951539874,0.7452912948744057,0.9821196110153051,0.2805512249469757,2954568.0
ssl_contrastive,1,42,10,0.09460589171927299,0.29376919139492375,0.294239241224225,0.8855030085080484,0.0645359456539154,1613553.5
ssl_contrastive,1,42,20,0.18397493104994272,0.3800701479874075,0.38086153762175445,0.9378230982174983,0.07884348183870316,1428057.25
ssl_contrastive,1,42,30,0.2090922944256457,0.4152908646669251,0.41636904908328126,0.9553231564776711,0.08784797042608261,1317417.875
ssl_contrastive,1,42,40,0.20259206303064514,0.44473385020105705,0.4460663886686177,0.9615243265365265,0.08975367248058319,1234469.625
ssl_contrastive,1,42,50,0.24424195666292997,0.47100383119255246,0.4725672279319966,0.9671467508368097,0.09965254366397858,1187349.625
ssl_contrastive,1,42,60,0.2387201898000036,0.48661205173425254,0.48840100823631316,0.9699236565090958,0.11365529894828796,1117746.0
ssl_contrastive,1,42,70,0.23570807100727917,0.49697772202784174,0.49899471214242797,0.9715462494228541,0.10816950350999832,1087346.75
ssl_contrastive,1,42,80,0.2310840679387093,0.5147092618611586,0.5169158932745642,0.972586958021215,0.10759887844324112,1057973.0
ssl_contrastive,1,42,90,0.21605609316777855,0.499458594043347,0.5019980482820556,0.9733299553898035,0.09975685179233551,1040971.8125
ssl_contrastive,1,42,100,0.2419351660554775,0.5208232974032035,0.523494699505097,0.9753324873980735,0.10864345729351044,1021552.875
ssl_contrastive,1,42,110,0.2289210888476342,0.5253189119417819,0.5281987564705126,0.9760287409988357,0.10911162197589874,993422.5
ssl_contrastive,1,42,120,0.20822199806894728,0.5253970089479295,0.5285177831993307,0.9761409962568363,0.09740297496318817,983325.875
ssl_contrastive,1,42,130,0.23327546830114693,0.5344592563730166,0.5377673052168345,0.9767771305721433,0.10636945813894272,971895.8125
ssl_contrastive,1,42,140,0.22864921658066242,0.5388860426490365,0.542384983534138,0.9776431745334425,0.10069645196199417,952259.4375
ssl_contrastive,1,42,150,0.2243018542725988,0.5428078420573815,0.5465073301746157,0.9778455113843384,0.1068297028541565,934473.5
ssl_contrastive,1,42,160,0.2376782918934398,0.5502756518396712,0.5541387381723056,0.9785443508699927,0.10657810419797897,928684.9375
ssl_contrastive,1,42,170,0.21741035163915778,0.5495520729731597,0.5536578196767028,0.9778970383437536,0.10344307869672775,912885.5625
ssl_contrastive,1,42,180,0.2114322696348245,0.5596978763079629,0.5639160017109799,0.978403952773094,0.10718564689159393,896427.5
ssl_contrastive,1,42,190,0.22160224151319136,0.562251164142081,0.56666528265967,0.9788781849063144,0.1138312891125679,888396.1875
ssl_contrastive,1,42,200,0.20659071601553503,0.5635532528549989,0.5681598818320251,0.9788939776373758,0.1070411279797554,874066.1875
ssl_contrastive,2,43,10,0.06916008834198699,0.25870874783861725,0.25920562633653565,0.8743654819067671,0.06615178287029266,1650722.75
ssl_contrastive,2,43,20,0.12564812253772695,0.35928001746393873,0.3601004490202556,0.931903695005631,0.09357475489377975,1433054.0
ssl_contrastive,2,43,30,0.18863120384919296,0.40682808099889023,0.4079218203896215,0.9541111541478238,0.09284290671348572,1336798.375
ssl_contrastive,2,43,40,0.19633687268634606,0.43185835436876585,0.4332283060747782,0.9604632917948237,0.10742565989494324,1247049.125
ssl_contrastive,2,43,50,0.19989065233365322,0.44879256773944703,0.4504152810931704,0.965648084318772,0.10049304366111755,1195897.25
ssl_contrastive,2,43,60,0.22177653474344053,0.4738424444532642,0.47567732695968196,0.9687647930837956,0.10690674185752869,1141917.5
ssl_contrastive,2,43,70,0.20972881779088862,0.48173150461284525,0.4838056186087901,0.9708603062025184,0.10929372906684875,1110625.125
ssl_contrastive,2,43,80,0.1977534077714186,0.48748977160569434,0.48981755151206197,0.9714213680438384,0.1003977581858635,1084041.125
ssl_contrastive,2,43,90,0.218036829542349,0.49334870533194325,0.4959178021641172,0.9732650084853778,0.10228486359119415,1061229.0
ssl_contrastive,2,43,100,0.22052521002958164,0.5044802891182042,0.5072410242003396,0.9748004412733896,0.09724167734384537,1048087.375
ssl_contrastive,2,43,110,0.194519751206619,0.49814817487898444,0.5012111831285154,0.9743068459031031,0.10175624489784241,1024009.25
ssl_contrastive,2,43,120,0.22603312231902037,0.5095398432963754,0.5127640563907107,0.976452162938311,0.10162181407213211,999483.5
ssl_contrastive,2,43,130,0.20018736650071997,0.5160613621723114,0.5194941985098636,0.9761263211355886,0.10166045278310776,981542.5625
ssl_contrastive,2,43,140,0.1888953056157283,0.5217888963576659,0.5254258921454643,0.9762648661352932,0.10075163096189499,967471.125
ssl_contrastive,2,43,150,0.21416354096225568,0.5328866194506666,0.5366696960459864,0.9775081395316442,0.10912863910198212,956824.6875
ssl_contrastive,2,43,160,0.1794573654629913,0.5268161228401147,0.5308779432466788,0.9769383580683917,0.09073059260845184,944028.25
ssl_contrastive,2,43,170,0.2061051423351804,0.5398894875177859,0.5440649996695288,0.9780631156433189,0.10616707801818848,931972.875
ssl_contrastive,2,43,180,0.20124537966005338,0.5426776972189731,0.5470627023749247,0.9780503906317647,0.10676056891679764,917317.375
ssl_contrastive,2,43,190,0.18216767251586105,0.5453264969485424,0.5499028474823197,0.9778678928662975,0.10521424561738968,909208.25
ssl_contrastive,2,43,200,0.20291220061031767,0.5490164868836088,0.5537833928792232,0.9786388700364445,0.10343525558710098,904143.8125
ssl_contrastive,3,44,10,0.06444688188424785,0.26605415123278203,0.26655157115230577,0.8609095197882622,0.07401415705680847,1645072.375
ssl_contrastive,3,44,20,0.13729610866956302,0.355729749488896,0.3565535035524915,0.933378129585509,0.08402104675769806,1453482.25
ssl_contrastive,3,44,30,0.1563126266353609,0.39463809813654427,0.39576089884178844,0.9503526190219644,0.09626729786396027,1336089.625
ssl_contrastive,3,44,40,0.17611049972478138,0.42204272216987315,0.4234362960951163,0.9592756744633889,0.10331477224826813,1258287.625
ssl_contrastive,3,44,50,0.22385440557468939,0.4644147110974064,0.4659982270428931,0.965752690789722,0.09907425194978714,1201014.125
ssl_contrastive,3,44,60,0.21086192745381346,0.46915894288774845,0.4710200546482375,0.9677336109602643,0.11361154913902283,1153391.125
ssl_contrastive,3,44,70,0.20818604279752875,0.4898851206607483,0.49193466256075885,0.9702735015986187,0.10039101541042328,1113957.0
ssl_contrastive,3,44,80,0.21372360917415098,0.49782115190037046,0.5001033570902313,0.972065664027158,0.11495061963796616,1074351.75
ssl_contrastive,3,44,90,0.2267743651547724,0.5040554029066634,0.5065642298012611,0.973779628042966,0.11111752688884735,1055900.25
ssl_contrastive,3,44,100,0.21969827837850506,0.5112474414166315,0.5139742387529228,0.9745131526369286,0.11324067413806915,1038346.875
ssl_contrastive,3,44,110,0.21521014891678777,0.5125986556588383,0.5155621518928127,0.975222038638402,0.1146133542060852,1010606.875
ssl_contrastive,3,44,120,0.21133004164198696,0.5198998734207629,0.5230529142883601,0.9762504378002277,0.10348910838365555,991933.875
ssl_contrastive,3,44,130,0.22658996248148264,0.5294035112760638,0.5327377768112637,0.9770420020438869,0.1084362268447876,978460.25
ssl_contrastive,3,44,140,0.21436561661485928,0.5297611081063651,0.5333435538768028,0.9766616368103813,0.11414233595132828,967568.75
ssl_contrastive,3,44,150,0.21873504347540265,0.5385605444324564,0.5422977549978117,0.9775817960222266,0.11249721795320511,954701.9375
ssl_contrastive,3,44,160,0.18662835993788415,0.532863454974286,0.5368797238378299,0.9769633675737635,0.09670501947402954,937298.1875
ssl_contrastive,3,44,170,0.20158847019236867,0.5400120514473975,0.5441958091559186,0.9777186396351487,0.10162745416164398,925301.625
ssl_contrastive,3,44,180,0.2264738651963321,0.5447540038084117,0.5491134679260803,0.9787614384332426,0.11541581898927689,917153.3125
ssl_contrastive,3,44,190,0.1932430598810295,0.5450019062985441,0.5495957021140332,0.9779576300149352,0.10070852935314178,911839.4375
ssl_contrastive,3,44,200,0.18591543787977594,0.5506348976083095,0.5553773143321712,0.9782488674650657,0.1074335053563118,892373.5
ssl_contrastive,4,45,10,0.0840958629276093,0.3002639527393774,0.30073882569501387,0.8632541455110745,0.07362747937440872,1643875.25
ssl_contrastive,4,45,20,0.1563114990842258,0.36692296772261374,0.36773270076745596,0.9346417410977064,0.09271599352359772,1446149.875
ssl_contrastive,4,45,30,0.1930453269802192,0.40875546588913964,0.4098555643681036,0.9514554812338261,0.09971259534358978,1339021.375
ssl_contrastive,4,45,40,0.21426850362484465,0.42726369489293764,0.428647323875544,0.9606304263134818,0.10429307818412781,1270023.5
ssl_contrastive,4,45,50,0.20862942467889814,0.4593369507885516,0.46093538296408054,0.9647197148446314,0.10667826980352402,1194593.875
ssl_contrastive,4,45,60,0.20575879619369708,0.4601335160583734,0.462018637447824,0.9679738365034253,0.09920554608106613,1156230.5
ssl_contrastive,4,45,70,0.2163441449850346,0.47480272300982573,0.47691673930367984,0.9704865534888533,0.09944469481706619,1119741.125
ssl_contrastive,4,45,80,0.22040557047437553,0.4898535690468841,0.4921775677331194,0.9720665442996779,0.1052175760269165,1082751.0
ssl_contrastive,4,45,90,0.2074940251781129,0.4894557259663516,0.4920321216383135,0.9736269841281342,0.09318969398736954,1068829.375
ssl_contrastive,4,45,100,0.22411257783833896,0.5073954891913729,0.5101491931845586,0.9743572636451956,0.10303530097007751,1043690.1875
ssl_contrastive,4,45,110,0.2244497979088894,0.5130253510431816,0.5159839272999768,0.9756171947860535,0.10781179368495941,1011512.3125
ssl_contrastive,4,45,120,0.19651408756848646,0.5131928651873877,0.5163978886737365,0.9754221880423105,0.09566833823919296,995940.5625
ssl_contrastive,4,45,130,0.22694361124978635,0.5199917412102053,0.5233983639397893,0.9768118658593304,0.10364904999732971,985543.625
ssl_contrastive,4,45,140,0.19726398218970537,0.5188527133608896,0.5225098559055581,0.976530541877629,0.09709379822015762,968409.8125
ssl_contrastive,4,45,150,0.21073088634815162,0.5288630475269365,0.5326802580177348,0.9773545935707673,0.1007416769862175,950238.1875
ssl_contrastive,4,45,160,0.1795935822287724,0.5219619738072131,0.5260698169555851,0.976833776833603,0.09322790801525116,951137.8125
ssl_contrastive,4,45,170,0.21094059806555646,0.5365766255914672,0.5407888977893222,0.97798701729003,0.10198204219341278,930628.4375
ssl_contrastive,4,45,180,0.1892097776780942,0.537159318883167,0.5415900549911389,0.9778417122856632,0.09703609347343445,922028.5625
ssl_contrastive,4,45,190,0.20892057257962857,0.5393543382775376,0.5440212330797046,0.9780897822841579,0.10330471396446228,915001.1875
ssl_contrastive,4,45,200,0.22088407545926944,0.5463004319495995,0.5511193339230608,0.9786083176136506,0.10311784595251083,901586.25
ssl_contrastive,5,46,10,0.07266060349678112,0.2582754839845681,0.2587699022693618,0.8803130550130452,0.06982491165399551,1573804.625
ssl_contrastive,5,46,20,0.12943088470322517,0.35195943995959833,0.3527870827806875,0.9332644855756825,0.08043673634529114,1401223.875
ssl_contrastive,5,46,30,0.15356945489347074,0.3916487209764748,0.39278573351427887,0.9475109640502646,0.09675267338752747,1293251.25
ssl_contrastive,5,46,40,0.1915366807622096,0.4336994939358447,0.4350663866046297,0.9597522047305738,0.10156039148569107,1204857.0
ssl_contrastive,5,46,50,0.19641694965102136,0.44946266121090916,0.45108890487688796,0.9646410192208333,0.10071803629398346,1153726.0
ssl_contrastive,5,46,60,0.2061753555115299,0.46964236445721186,0.4714940034193812,0.9679265492777995,0.10097327828407288,1111926.125
ssl_contrastive,5,46,70,0.20811971364388257,0.4754768670536645,0.47758327492644725,0.9706091624982645,0.10206803679466248,1073757.875
ssl_contrastive,5,46,80,0.20940865760561694,0.487218391594736,0.4895413290446314,0.9724348386077172,0.09911173582077026,1057685.25
ssl_contrastive,5,46,90,0.2167692339616549,0.4948066088985039,0.4973613268904745,0.9736010537376294,0.10340262204408646,1020302.5625
ssl_contrastive,5,46,100,0.2290402082498815,0.507756231953254,0.5105089396554907,0.9746520273500152,0.10289712250232697,1008636.6875
ssl_contrastive,5,46,110,0.23179373254655902,0.5141444699777229,0.5170977481900279,0.9759353495366623,0.10794193297624588,981501.25
ssl_contrastive,5,46,120,0.21643051306742295,0.5220722265951522,0.52521572396023,0.9761665530934648,0.10805898159742355,960989.125
ssl_contrastive,5,46,130,0.21364369445418688,0.5170757496933294,0.5205122219006392,0.9761066997267235,0.10124005377292633,953334.0
ssl_contrastive,5,46,140,0.21821985317637155,0.5331914094612654,0.5367239853726565,0.9774675008020608,0.10579898953437805,932081.875
ssl_contrastive,5,46,150,0.20249817228395692,0.5287409397000132,0.5325356451810997,0.9775905591912097,0.10059158504009247,919072.4375
ssl_contrastive,5,46,160,0.2030284111280111,0.5414077233935728,0.5453397227757134,0.9776148445948181,0.10365438461303711,904010.125
ssl_contrastive,5,46,170,0.20388868616357264,0.5391960779007433,0.5433975940210094,0.9776274230605705,0.101157046854496,900065.875
ssl_contrastive,5,46,180,0.20704224957562004,0.5439325441735224,0.5483177120409666,0.9779150412930361,0.10832194983959198,877373.3125
ssl_contrastive,5,46,190,0.18238398792509858,0.5452753904869666,0.549846316581603,0.9779795128772978,0.10756970196962357,871075.0
ssl_contrastive,5,46,200,0.18604501853705446,0.5448074882976897,0.5496184743464027,0.9782047918637551,0.10455284267663956,866652.5
ssl_contrastive,6,47,10,0.0800659134744907,0.2951220547397142,0.2955990625880616,0.8620348454702629,0.07113031297922134,1618005.75
ssl_contrastive,6,47,20,0.16263593070404997,0.38297778881733585,0.3837698859538197,0.9324501652984793,0.09342033416032791,1439267.75
ssl_contrastive,6,47,30,0.18392271871879412,0.41262699502022837,0.4137220461977284,0.9497658827904553,0.10269492119550705,1318723.25
ssl_contrastive,6,47,40,0.2205227848182204,0.43621541819962767,0.43757787786139035,0.9608961143217658,0.10809312760829926,1240604.625
ssl_contrastive,6,47,50,0.2225844490453574,0.44728782842966214,0.4489273175492732,0.9647985350646399,0.11515878885984421,1183399.375
ssl_contrastive,6,47,60,0.23234664640568398,0.4682683455405341,0.47012146948328903,0.9695629579334795,0.10639317333698273,1141834.0
ssl_contrastive,6,47,70,0.20140558541620104,0.48163162293122724,0.48370959738789243,0.9703551593608675,0.10801327973604202,1103833.5
ssl_contrastive,6,47,80,0.2268797547787189,0.49074320342765265,0.4930535025014258,0.9728231461306982,0.10503777861595154,1087554.875
ssl_contrastive,6,47,90,0.23784449289410822,0.5029441558212856,0.5054642768410207,0.9739817038463141,0.10038303583860397,1065575.0
ssl_contrastive,6,47,100,0.21951869830167722,0.5009750881289737,0.50374662541966,0.974969033679218,0.09995497018098831,1042381.0
ssl_contrastive,6,47,110,0.21211278502321348,0.5097565238864489,0.5127406094972902,0.9751879747504832,0.09619057923555374,1016818.75
ssl_contrastive,6,47,120,0.21725640126428686,0.519173474790353,0.5223370949466879,0.9762777982594365,0.09820862859487534,997110.5
ssl_contrastive,6,47,130,0.21283143682892897,0.5258055781078289,0.5291705321440279,0.976506827808975,0.10576555132865906,977816.5
ssl_contrastive,6,47,140,0.21436858817902557,0.5283210038832085,0.5319185682016345,0.9767042038761328,0.10270798206329346,962002.75
ssl_contrastive,6,47,150,0.20705045346354037,0.531395818220156,0.5351857747276236,0.9772549975929241,0.09934329986572266,949024.4375
ssl_contrastive,6,47,160,0.19129753469021923,0.5296723765568712,0.5337084787647514,0.977375040260796,0.10045162588357925,943640.25
ssl_contrastive,6,47,170,0.2145279409902395,0.5442913613823275,0.5484293571700961,0.978178225111164,0.10576721280813217,927528.9375
ssl_contrastive,6,47,180,0.1961501181225981,0.5443958558670078,0.5487521607287956,0.97816161032682,0.0938592255115509,915131.4375
ssl_contrastive,6,47,190,0.18973572792884372,0.543642467133734,0.5482474822764137,0.9779599093685006,0.0974416509270668,904147.625
ssl_contrastive,6,47,200,0.20928183118063493,0.5488066341280381,0.5535957339959431,0.9784739974407938,0.09787116944789886,898882.6875
ssl_contrastive,7,48,10,0.08921460775817293,0.2977166934753169,0.2981885107138563,0.8740376992671733,0.0689530298113823,1664033.125
ssl_contrastive,7,48,20,0.14063797805550562,0.3649503892811034,0.3657727307155057,0.9269255502558182,0.08790036290884018,1461788.75
ssl_contrastive,7,48,30,0.19848994173081588,0.4214915948365879,0.4225675647339202,0.9519001534883461,0.10456542670726776,1336816.875
ssl_contrastive,7,48,40,0.19868662882978114,0.4442254861215961,0.44556673530561497,0.9596991780389116,0.10018983483314514,1260474.0
ssl_contrastive,7,48,50,0.21663975969768698,0.4648193909360493,0.4664035490556135,0.9648967109508659,0.10128889232873917,1204321.625
ssl_contrastive,7,48,60,0.24732778545037476,0.4860557698664262,0.4878461965222668,0.9698511847682539,0.11739624291658401,1147366.5
ssl_contrastive,7,48,70,0.21718533246531674,0.48613009489717723,0.48820106959154674,0.9703631639191037,0.09826716035604477,1132159.125
ssl_contrastive,7,48,80,0.22912235230184497,0.4999976808457464,0.5022699829979917,0.9725894549339663,0.11379247903823853,1077575.625
ssl_contrastive,7,48,90,0.21715871688925323,0.5070011574804487,0.5094863668133836,0.9739547631290255,0.11514326184988022,1051812.375
ssl_contrastive,7,48,100,0.20917623071207697,0.5092921830819936,0.5120238580941363,0.974239592765666,0.10220550745725632,1039524.3125
ssl_contrastive,7,48,110,0.229101858713253,0.5158130283351492,0.518761682722166,0.9755637045706654,0.10843943804502487,1019293.0
ssl_contrastive,7,48,120,0.21530357221622148,0.5210117731323807,0.5241674366187757,0.9759541194304936,0.11097487807273865,1004059.0
ssl_contrastive,7,48,130,0.21409955852270382,0.5244924116246837,0.5278621319697329,0.9766722153396941,0.09855809062719345,994016.3125
ssl_contrastive,7,48,140,0.1875904117352534,0.5246418187379615,0.5282602275218282,0.9761163003841297,0.09975024312734604,968523.6875
ssl_contrastive,7,48,150,0.18899405314493037,0.5300542917441873,0.5338495523950935,0.976873596913851,0.09910337626934052,950151.5
ssl_contrastive,7,48,160,0.19735034627934137,0.5377098602165215,0.5416833018546917,0.9772872846203314,0.10224704444408417,936627.5
ssl_contrastive,7,48,170,0.18662483983966566,0.5370019147809506,0.5412055178803005,0.9774537874133142,0.0991097167134285,931786.375
ssl_contrastive,7,48,180,0.19476068419852563,0.5420053147513391,0.5463944538942869,0.977856839662397,0.10769674181938171,917853.125
ssl_contrastive,7,48,190,0.18612295979936858,0.5429668262378465,0.5475630306499208,0.978150639463232,0.09754219651222229,904560.5
ssl_contrastive,7,48,200,0.1858103610297242,0.5430748331107604,0.5478991664870522,0.9782794695385396,0.10370305180549622,896092.25
ssl_contrastive,8,49,10,0.071027136713126,0.2631267673978634,0.26362227268099253,0.8720133710211316,0.05960780009627342,1657806.875
ssl_contrastive,8,49,20,0.1481035697916293,0.35149484497153705,0.35232603202997215,0.9331368469993215,0.08188686519861221,1449846.75
ssl_contrastive,8,49,30,0.19363483043318952,0.40419157965296454,0.40530081519577305,0.9503804022162197,0.09526603668928146,1332211.0
ssl_contrastive,8,49,40,0.1883288560918252,0.4256688806811654,0.42705148349512706,0.960278755710476,0.09756067395210266,1270147.75
ssl_contrastive,8,49,50,0.18418228750159557,0.4384894075887684,0.44014847077962715,0.964159881652235,0.09824071079492569,1207196.0
ssl_contrastive,8,49,60,0.20940175254484297,0.46219436012317383,0.46406531219487673,0.9689240023914037,0.10492201149463654,1159856.375
ssl_contrastive,8,49,70,0.19457448850263598,0.4763660056589585,0.47847532837408996,0.9694949521715476,0.10285525768995285,1119571.25
ssl_contrastive,8,49,80,0.19830819756992374,0.4793595465404236,0.481723893691615,0.9719429312431789,0.0990482047200203,1099709.125
ssl_contrastive,8,49,90,0.19991033355150714,0.49407986425629735,0.49665063844622054,0.9725317627803421,0.10555488616228104,1069723.875
ssl_contrastive,8,49,100,0.21451459312596793,0.5027664650472928,0.5055348990612176,0.9744699983902609,0.10418198257684708,1037196.0625
ssl_contrastive,8,49,110,0.21225409241079707,0.5096086200892656,0.5125894445448553,0.9753553868669158,0.11073771864175797,1020361.5625
ssl_contrastive,8,49,120,0.21282083283486627,0.5166535241578463,0.519845434714235,0.9756709617775734,0.11107654124498367,1006345.375
ssl_contrastive,8,49,130,0.1883044637045939,0.5178424156141774,0.5212531716562985,0.9759992624040502,0.09803175926208496,991646.125
ssl_contrastive,8,49,140,0.20773273086161112,0.5315317534370236,0.5350912015573297,0.9767035951564464,0.10958369076251984,971315.6875
ssl_contrastive,8,49,150,0.21121214042345704,0.5330462463206846,0.5368200619138551,0.9776047716690628,0.09556923806667328,966908.8125
ssl_contrastive,8,49,160,0.19898690278278328,0.5273303230882959,0.5314007413099212,0.9772326116506203,0.10091536492109299,956844.375
ssl_contrastive,8,49,170,0.18097643546067102,0.5334405541255254,0.5376690832557108,0.9775825587998745,0.09820403158664703,931342.5625
ssl_contrastive,8,49,180,0.1970282765882792,0.5404438714809993,0.5448474911790266,0.9781073420160211,0.1054885983467102,923193.25
ssl_contrastive,8,49,190,0.20852779230033686,0.547272575423966,0.551840887684659,0.978478256717936,0.10193414986133575,915925.1875
ssl_contrastive,8,49,200,0.18476066303879302,0.5478295712815783,0.5526189903134172,0.9779130614868367,0.10684823244810104,903498.5
ssl_contrastive,9,50,10,0.06645700874950455,0.2561184482765994,0.25662389016622755,0.8543493578812489,0.06605545431375504,1638928.125
ssl_contrastive,9,50,20,0.14708589100138758,0.36065391563046767,0.3614727076329062,0.9337944741902657,0.08993897587060928,1401483.75
ssl_contrastive,9,50,30,0.16202756132684368,0.39873177623191647,0.3998528474172217,0.9491526111461459,0.0918240174651146,1306918.0
ssl_contrastive,9,50,40,0.21061767508499346,0.44006288424695783,0.4414094806579748,0.9614384328552569,0.11176840960979462,1205527.0
ssl_contrastive,9,50,50,0.23295789531573557,0.4614038283496719,0.4629947389888183,0.9659476136672451,0.11119668930768967,1165842.625
ssl_contrastive,9,50,60,0.21182459865424175,0.4601048469913937,0.46199171358160845,0.9684233583851961,0.105483777821064,1134568.0
ssl_contrastive,9,50,70,0.2145127012477496,0.4820478557562976,0.48413437628645706,0.9701165322057377,0.10328565537929535,1093452.25
ssl_contrastive,9,50,80,0.25975499452830114,0.49044501119650136,0.4927675784605214,0.9732056806176793,0.11690914630889893,1058526.75
ssl_contrastive,9,50,90,0.24290507975747308,0.49424947942247677,0.496814063575131,0.9741426000445842,0.11760438233613968,1033179.6875
ssl_contrastive,9,50,100,0.2125980476345034,0.5047908160072991,0.507548072847197,0.9743626616014118,0.10426179319620132,1022314.0
ssl_contrastive,9,50,110,0.2132934057496073,0.5066848268542542,0.5096793275655692,0.9753735963418998,0.11455455422401428,987159.5625
ssl_contrastive,9,50,120,0.22175228671905578,0.5141249221253165,0.5173261473957617,0.9762384823155272,0.1002424955368042,986997.375
ssl_contrastive,9,50,130,0.2368397754657579,0.5196318243717152,0.5230526038704615,0.9767439562882553,0.09501621127128601,972390.375
ssl_contrastive,9,50,140,0.2400910922820104,0.5318176831841153,0.5353724142259497,0.97777267125423,0.10233946889638901,943504.25
ssl_contrastive,9,50,150,0.2069662514256846,0.5214382575434157,0.5253295421448168,0.9769588119771364,0.10034288465976715,937747.5625
ssl_contrastive,9,50,160,0.20966924428052192,0.5316557502492083,0.5356888038849087,0.9775441938484255,0.09358461201190948,925388.625
ssl_contrastive,9,50,170,0.19746969479500995,0.5344241238260581,0.5386608687934991,0.9775537455594165,0.1044493168592453,909168.75
ssl_contrastive,9,50,180,0.1956757835807466,0.5322461588590002,0.5367533529255349,0.9775586397901151,0.09460277110338211,914727.9375
ssl_contrastive,9,50,190,0.2019231871251226,0.5411096170790828,0.5457346413867122,0.9783940921245375,0.09698282927274704,885297.8125
ssl_contrastive,9,50,200,0.19844767723951032,0.5435355098491539,0.5483537465622078,0.9786460664506311,0.09556330740451813,881935.0625
ssl_contrastive,10,51,10,0.09009701168638402,0.3007981086549686,0.3012693428347076,0.8704046562354335,0.07909268885850906,1627862.875
ssl_contrastive,10,51,20,0.13837007873545099,0.3741345604313514,0.37494356308902504,0.9265514694133673,0.08788654208183289,1443094.5
ssl_contrastive,10,51,30,0.17733896042352282,0.4146471129625677,0.41573513669853057,0.9506393053945014,0.10244045406579971,1313191.125
ssl_contrastive,10,51,40,0.2612253505775091,0.4509669617035945,0.45228588883560494,0.9641235890591399,0.10638781636953354,1252401.25
ssl_contrastive,10,51,50,0.22098643618113045,0.45939448636499686,0.4609890362167035,0.9660471295349482,0.09248664975166321,1202564.125
ssl_contrastive,10,51,60,0.21616147821328097,0.47050642749407506,0.4723498514070305,0.9687432092992889,0.11017551273107529,1135115.0
ssl_contrastive,10,51,70,0.2370404271232718,0.48484071303774406,0.4869169223660094,0.9708021221198149,0.10576442629098892,1128435.0
ssl_contrastive,10,51,80,0.257666039138862,0.49762833878517315,0.4999019493074744,0.9741227483410749,0.11409099400043488,1073782.75
ssl_contrastive,10,51,90,0.22697880617243119,0.5016890440524854,0.5042121216058121,0.9737073729222901,0.11161956936120987,1044900.25
ssl_contrastive,10,51,100,0.23236359670376752,0.50896809468662,0.5116962902537683,0.9753761645027903,0.10709560662508011,1024830.1875
ssl_contrastive,10,51,110,0.21717880468738085,0.5181031974947019,0.5210322482458681,0.9755023086288916,0.09748835861682892,1008632.8125
ssl_contrastive,10,51,120,0.20246615625135472,0.5144248765992774,0.5176253748690842,0.9756250563785014,0.10158388316631317,990682.625
ssl_contrastive,10,51,130,0.24661794665010936,0.5271351253329433,0.5305019579340254,0.9771799094490415,0.10812319070100784,977050.75
ssl_contrastive,10,51,140,0.24020185948839085,0.5318299362148483,0.535386057629066,0.9777651110284992,0.1094401404261589,952802.9375
ssl_contrastive,10,51,150,0.21909322992020638,0.5331265832390726,0.5369162074871556,0.9773232094110476,0.10142167657613754,944649.625
ssl_contrastive,10,51,160,0.2457360878598882,0.5408983908121671,0.5448617258439705,0.9781477598998486,0.1016845554113388,933050.0625
ssl_contrastive,10,51,170,0.18561989726658204,0.5370016598719423,0.5412222061260062,0.9771793545469364,0.10012629628181458,923299.75
ssl_contrastive,10,51,180,0.21666037270434452,0.5507788791182714,0.5551025065594426,0.978179016881053,0.10631977766752243,909836.5625
ssl_contrastive,10,51,190,0.20181193886040244,0.5483438259104241,0.5529115148827053,0.9780093238264589,0.10078974813222885,898658.4375
ssl_contrastive,10,51,200,0.20746875603908332,0.558263497340243,0.5629345184637069,0.9788280362521281,0.09975843131542206,890116.125
ssl_contrastive,11,52,10,0.08695961362644625,0.2878121647519841,0.2882912739608199,0.8722601137149187,0.07691963762044907,1608808.0
ssl_contrastive,11,52,20,0.14459287583860214,0.36263621823618936,0.3634551597645785,0.9312433315105354,0.09247375279664993,1429590.5
ssl_contrastive,11,52,30,0.1481918944582989,0.39279290219403556,0.3939258383310777,0.9476195153440492,0.08432525396347046,1334049.0
ssl_contrastive,11,52,40,0.19976405956853593,0.432983667010799,0.43435323155449534,0.9598596124741184,0.0971839502453804,1249165.125
ssl_contrastive,11,52,50,0.23953855698066226,0.4583230713950627,0.45993072825763287,0.9656976413903862,0.10992580652236938,1179801.875
ssl_contrastive,11,52,60,0.20731218887128558,0.4561091133667322,0.45801175285829443,0.9676264677269035,0.10304489731788635,1145686.25
ssl_contrastive,11,52,70,0.23465658581174748,0.48875104772986533,0.49081829405816574,0.9698979365177499,0.11588484048843384,1100427.0
ssl_contrastive,11,52,80,0.2579250456234062,0.49652568910649486,0.4988074292208967,0.9738992477997253,0.12193181365728378,1063367.25
ssl_contrastive,11,52,90,0.2278593415870675,0.5042817190796655,0.5067902856975633,0.9736739800228187,0.1138404905796051,1037333.6875
ssl_contrastive,11,52,100,0.22239420330464812,0.5119636965678014,0.5146934093303728,0.9744502138266785,0.11149333417415619,1021454.1875
ssl_contrastive,11,52,110,0.22604230090077343,0.5138466763012581,0.5168104105069131,0.9753185600301545,0.1097831204533577,997341.3125
ssl_contrastive,11,52,120,0.24788037021035605,0.5208730526116949,0.5240384835270069,0.9767299898336306,0.10899347811937332,978116.0625
ssl_contrastive,11,52,130,0.24190875941629064,0.5271756293229535,0.5305419691377639,0.9768782433606589,0.11071377992630005,966362.375
ssl_contrastive,11,52,140,0.24200290475388625,0.5294476649908951,0.5330313034918666,0.9775566822269509,0.10626262426376343,955046.4375
ssl_contrastive,11,52,150,0.19987659674417846,0.5341361777882374,0.5379086388536248,0.9770910809782772,0.10964430868625641,933501.6875
ssl_contrastive,11,52,160,0.21312439701214,0.5333312213893342,0.5373378147817717,0.9778573675089898,0.10718760639429092,930283.6875
ssl_contrastive,11,52,170,0.2353249078770272,0.5424666991967312,0.5466350251324764,0.9785135884001726,0.09912975132465363,916737.125
ssl_contrastive,11,52,180,0.1957098336761735,0.5406126988608008,0.5450190474672328,0.9780476935903851,0.10026846826076508,904687.5
ssl_contrastive,11,52,190,0.2186453533519993,0.5442994424151603,0.5488974428989626,0.9785187227265362,0.1033303439617157,897293.1875
ssl_contrastive,11,52,200,0.19597391143413037,0.5527963059179076,0.5575039927646396,0.9786622098469573,0.09663200378417969,884628.75
ssl_contrastive,12,53,10,0.09202134598791639,0.27314149038993674,0.27362569925221775,0.8827553962088615,0.06708858907222748,1576014.5
ssl_contrastive,12,53,20,0.13006654793099148,0.34938763427761027,0.3502291900833136,0.9274755743283783,0.08635031431913376,1391904.875
ssl_contrastive,12,53,30,0.15141610078916468,0.3888635698350542,0.38999642597100037,0.9496351121717201,0.08736501634120941,1295389.875
ssl_contrastive,12,53,40,0.22462990144281433,0.4238396504216343,0.42523232569693353,0.9608524727237411,0.10386307537555695,1219891.75
ssl_contrastive,12,53,50,0.20327864981353555,0.44085872034949863,0.44250873862171286,0.9651894390364876,0.09139232337474823,1189495.875
ssl_contrastive,12,53,60,0.22765666734404189,0.4662232806333883,0.46807370989231245,0.9701954597087761,0.10469294339418411,1120909.125
ssl_contrastive,12,53,70,0.20529287732834933,0.46936291313098794,0.47150064875252423,0.9699390087224203,0.09484706073999405,1108181.125
ssl_contrastive,12,53,80,0.20510321623160102,0.48506768854472543,0.48740226451666885,0.9719602569243182,0.10429114103317261,1057508.75
ssl_contrastive,12,53,90,0.21408588577530077,0.4918329940746542,0.49439758746377,0.9737268645703351,0.10561644285917282,1032220.5
ssl_contrastive,12,53,100,0.22285886064314728,0.4984159554178931,0.501205890863976,0.9750302883571772,0.10360363870859146,1014946.1875
ssl_contrastive,12,53,110,0.20688354357249508,0.5034953545466221,0.5065238479568264,0.9748497553735902,0.10149791091680527,991533.75
ssl_contrastive,12,53,120,0.2138176347743815,0.5067245158048119,0.5099704656055609,0.9760868797151377,0.10205309838056564,968426.25
ssl_contrastive,12,53,130,0.18564792446973694,0.5128594361853881,0.5163222510422846,0.9754934002639479,0.10162802785634995,954645.0
ssl_contrastive,12,53,140,0.20117962845806256,0.5170947217218393,0.5207603489338651,0.9767564362156012,0.10059362649917603,948297.8125
ssl_contrastive,12,53,150,0.20543309167729842,0.5285047601432107,0.5323274513551391,0.9771569448943785,0.09897118806838989,941101.5
ssl_contrastive,12,53,160,0.1795301211666604,0.5245812883327691,0.528672558386098,0.9767222159808598,0.10025278478860855,920410.3125
ssl_contrastive,12,53,170,0.18168426665989482,0.5271102565954982,0.5313915758441218,0.977597407639814,0.1022680401802063,905224.0625
ssl_contrastive,12,53,180,0.17063406996477065,0.535123059454949,0.5395765953176744,0.9773249871518903,0.09253723174333572,893949.4375
ssl_contrastive,12,53,190,0.20153747623814,0.5461501286054163,0.5507172276424412,0.9784897936344912,0.10536830872297287,883189.4375
ssl_contrastive,12,53,200,0.17708520164032188,0.5408104030916124,0.5456653516646726,0.977956627904576,0.09910372644662857,874036.5625
ssl_contrastive,13,54,10,0.07754529368304036,0.25892880241327415,0.25942507953732713,0.8760848249810147,0.0699291005730629,1610788.375
ssl_contrastive,13,54,20,0.12408029495124054,0.3446461612303406,0.34548949584413363,0.9282754606363963,0.08159255981445312,1419715.75
ssl_contrastive,13,54,30,0.17279151764039993,0.3959039046389814,0.39703237422152177,0.9485012437556711,0.08912011235952377,1318963.875
ssl_contrastive,13,54,40,0.18407483284740855,0.43380186625859984,0.4351727609093042,0.9581235457479007,0.1074141263961792,1221508.875
ssl_contrastive,13,54,50,0.19624056297007011,0.44187256948023484,0.44352016127176047,0.9647730559319126,0.10607785731554031,1164896.125
ssl_contrastive,13,54,60,0.19994143285565144,0.46899917972706084,0.470850887149836,0.9680886752987681,0.09914348274469376,1125239.0
ssl_contrastive,13,54,70,0.23680708982811088,0.4789975910795214,0.48108074340963997,0.9720777149984503,0.11387789249420166,1094026.875
ssl_contrastive,13,54,80,0.20096620255611763,0.4838016222468566,0.4861409946210238,0.9719780028168876,0.09430278837680817,1067637.125
ssl_contrastive,13,54,90,0.24856817887578217,0.49875398487103995,0.5013030624985028,0.973724803891042,0.11890625208616257,1036290.25
ssl_contrastive,13,54,100,0.21808973152176114,0.5035645101497308,0.5063288946099888,0.9745057658951346,0.10768821835517883,1018243.0
ssl_contrastive,13,54,110,0.22704827993639745,0.510814295735034,0.5137957525110562,0.975366816265686,0.10316526889801025,992731.3125
ssl_contrastive,13,54,120,0.2090452059502976,0.5120707393009724,0.5152896089495935,0.9756629401409117,0.11035682260990143,975589.3125
ssl_contrastive,13,54,130,0.20405332344863958,0.5146087265979694,0.5180601127075587,0.9760568280247354,0.10060645639896393,959416.125
ssl_contrastive,13,54,140,0.2052565573541059,0.520652847425076,0.5243076631150319,0.9764499609365146,0.09321539103984833,961578.8125
ssl_contrastive,13,54,150,0.18179681250940927,0.5225845909614028,0.5264488315318495,0.9766969180202952,0.09191291779279709,936363.3125
ssl_contrastive,13,54,160,0.1970167785385743,0.5316315905116207,0.53565820420913,0.9773437410236937,0.09629487246274948,920096.0
ssl_contrastive,13,54,170,0.18388257395457575,0.5325273263819029,0.5367918541664914,0.9770373415704685,0.09817725419998169,910285.1875
ssl_contrastive,13,54,180,0.1911498876827386,0.5354793783556951,0.5399233039494481,0.9778996122561413,0.108734130859375,900998.9375
ssl_contrastive,13,54,190,0.17644578875669298,0.5377504409712587,0.5424093339671144,0.9776188523319896,0.0939641073346138,894292.625
ssl_contrastive,13,54,200,0.16790574766447514,0.5448510305217517,0.5496583230220223,0.9777653969600757,0.09193506091833115,876542.6875
ssl_contrastive,14,55,10,0.09008869494326352,0.2682105738159928,0.2687001745031457,0.8785250284979014,0.06798204034566879,1605099.875
ssl_contrastive,14,55,20,0.1613013665260132,0.36374994362079544,0.36456205358061633,0.9359836958664635,0.08675586432218552,1419061.875
ssl_contrastive,14,55,30,0.16756247514309247,0.40282147459972933,0.4039333214072078,0.9495110204497986,0.09291336685419083,1297124.5
ssl_contrastive,14,55,40,0.1884025502568223,0.43129702602035264,0.4326779845491291,0.9584621706640373,0.08591550588607788,1237699.0
ssl_contrastive,14,55,50,0.24073063716113258,0.463073559481,0.46466986294979756,0.9653377280702079,0.10973106324672699,1175800.0
ssl_contrastive,14,55,60,0.22866413484151607,0.4767113762284063,0.47854231090437704,0.9683886873621872,0.1047191396355629,1129484.125
ssl_contrastive,14,55,70,0.2758943132085769,0.4890022216978712,0.4910622934475976,0.972212347747575,0.10950232297182083,1089633.5
ssl_contrastive,14,55,80,0.23875238321847667,0.49974950422707115,0.5020178159281629,0.9729742685397578,0.10233466327190399,1057122.75
ssl_contrastive,14,55,90,0.2221490273537201,0.5017428357885881,0.5042690024586047,0.9733190813039596,0.1069626435637474,1027713.375
ssl_contrastive,14,55,100,0.22165333770784032,0.5021682669905232,0.5049490574835924,0.9743769821839373,0.09680414944887161,1023119.8125
ssl_contrastive,14,55,110,0.23083566235823488,0.511828064725994,0.5148177581872663,0.97491057293776,0.09770151227712631,1010740.1875
ssl_contrastive,14,55,120,0.2530200553477022,0.5213658471676165,0.5245287540284721,0.976652477140222,0.10059104114770889,982931.5
ssl_contrastive,14,55,130,0.2016329052456986,0.5248723729309764,0.5282346639916854,0.9764084543764258,0.09687469154596329,965966.5
ssl_contrastive,14,55,140,0.1975860284978364,0.5300992239512708,0.5336556180408515,0.976796871882119,0.0987577736377716,952751.375
ssl_contrastive,14,55,150,0.209077784876398,0.5375923251349941,0.5413369732199101,0.9771899306113216,0.10067567974328995,935698.0625
ssl_contrastive,14,55,160,0.21507633495545783,0.5398769348050552,0.5438326679865757,0.9777280628177832,0.10627681761980057,923600.8125
ssl_contrastive,14,55,170,0.18308811361174293,0.5369164996658312,0.541127933279291,0.9773053842299805,0.09614449739456177,908585.3125
ssl_contrastive,14,55,180,0.1951011010713986,0.543602291112053,0.547974215601326,0.9778937167954147,0.09906425327062607,900234.1875
ssl_contrastive,14,55,190,0.19447224738260052,0.5429890015821504,0.5476038317812983,0.978020557967767,0.10114572942256927,893141.8125
ssl_contrastive,14,55,200,0.20397053610114235,0.5497061990650268,0.5544444834778219,0.9786603259381709,0.09779032319784164,883390.625
ssl_contrastive,15,56,10,0.07998533532768354,0.28606715061880794,0.28655383037005755,0.8600324913475856,0.03949979692697525,1641055.375
ssl_contrastive,15,56,20,0.15047152286603338,0.3771638455529218,0.37796626874365574,0.9289977627094228,0.0860476940870285,1444699.375
ssl_contrastive,15,56,30,0.1928741231127263,0.41864265483454643,0.41971529747411546,0.9540813270592572,0.09198712557554245,1317157.5
ssl_contrastive,15,56,40,0.23980953893951681,0.4552805583332963,0.45659392195803167,0.9624205303515893,0.1052236333489418,1238568.25
ssl_contrastive,15,56,50,0.20430036347278765,0.4589688852486885,0.4605739255325455,0.9638307774007422,0.10163353383541107,1189369.625
ssl_contrastive,15,56,60,0.24600256832995124,0.4807968945551217,0.48260663196627057,0.9697942045091338,0.10552681982517242,1137134.625
ssl_contrastive,15,56,70,0.2172570403621139,0.49237485043000295,0.494419900554969,0.9701934860062064,0.10546112060546875,1103183.375
ssl_contrastive,15,56,80,0.24178710198493192,0.4993844945380792,0.5016445758887842,0.9737579497108876,0.09937787055969238,1080539.75
ssl_contrastive,15,56,90,0.23109728481946623,0.5073703111930626,0.5098564196042129,0.9742824171228853,0.10683867335319519,1049692.75
ssl_contrastive,15,56,100,0.2299731287443392,0.5159437577706304,0.518629910606411,0.9755080304883039,0.10075666755437851,1023315.75
ssl_contrastive,15,56,110,0.209547231373185,0.5146224509882678,0.5175703337502255,0.9754162424027051,0.10499455779790878,1007563.3125
ssl_contrastive,15,56,120,0.21533860470348726,0.518725391839465,0.5218995591319772,0.9759496413617017,0.10035162419080734,991394.375
ssl_contrastive,15,56,130,0.2230971109422577,0.5280763362643789,0.5314257078461334,0.9767689068701249,0.09914276748895645,978022.5625
ssl_contrastive,15,56,140,0.20598270983509728,0.5310724464824303,0.5346259636411155,0.9771572497237317,0.0957743376493454,961632.25
ssl_contrastive,15,56,150,0.19563189495948505,0.532682862615173,0.5364681856343924,0.9769392183867375,0.09243559837341309,950216.5625
ssl_contrastive,15,56,160,0.21951970189351203,0.5384776866728617,0.5424440998815635,0.9780745287266174,0.09825348109006882,943896.3125
ssl_contrastive,15,56,170,0.1862902773901731,0.5354091256437062,0.5396252543739675,0.9775464924519,0.09687397629022598,923329.125
ssl_contrastive,15,56,180,0.20207084613688484,0.5438932656275351,0.5482706508434375,0.9781093905467436,0.09212752431631088,918450.5625
ssl_contrastive,15,56,190,0.1984175114013062,0.5501266738958757,0.5546584727142949,0.9782521688831642,0.10494985431432724,898720.375
ssl_contrastive,15,56,200,0.23050369268472012,0.5534017214962128,0.5581473550349201,0.978875847979088,0.10044646263122559,893079.1875
ssl_contrastive,16,57,10,0.08496818612574819,0.27852345011122054,0.27900693211039856,0.876362085823367,0.04668466001749039,1615633.625
ssl_contrastive,16,57,20,0.14643447689355807,0.3717757799811813,0.3725839649475713,0.9308475670540187,0.08840420097112656,1397966.625
ssl_contrastive,16,57,30,0.17843835037052852,0.40507933046944267,0.406187366744906,0.9501129375234905,0.0974668487906456,1294910.125
ssl_contrastive,16,57,40,0.20850885404349545,0.43324724261332226,0.434624039226805,0.9591996556920412,0.10549770295619965,1230249.75
ssl_contrastive,16,57,50,0.2375271328164963,0.46570028889149273,0.46728898287393444,0.9651196879885903,0.11212039738893509,1155726.125
ssl_contrastive,16,57,60,0.21093922053797712,0.47267932013642244,0.474523720852518,0.968254410912447,0.1107475683093071,1117344.0
ssl_contrastive,16,57,70,0.2097187008593456,0.47738556793111325,0.47948367064399483,0.9706753550713504,0.10320527106523514,1086966.125
ssl_contrastive,16,57,80,0.2338838396032489,0.49356323563162424,0.49586406823947854,0.9730397581977179,0.11095753312110901,1055112.0
ssl_contrastive,16,57,90,0.21538193861026778,0.4904052872008936,0.492993068360113,0.9732446933168316,0.10283815860748291,1042097.0
ssl_contrastive,16,57,100,0.23807582921838788,0.49770195519827204,0.5005026422649727,0.9750989593560591,0.10843710601329803,1019644.6875
ssl_contrastive,16,57,110,0.23161020613312025,0.5115020597951054,0.5144770073162239,0.9758030704410569,0.10082545131444931,1001344.0
ssl_contrastive,16,57,120,0.22704382438487508,0.5215196751334612,0.5246783693845644,0.9761351297883507,0.10294787585735321,983184.3125
ssl_contrastive,16,57,130,0.24300541245999965,0.5262380621319872,0.5296074788833279,0.9771388455194844,0.11234882473945618,964483.5625
ssl_contrastive,16,57,140,0.21744598451578423,0.5333170350049149,0.5368705734798238,0.9769041183489863,0.10316000878810883,941281.5
ssl_contrastive,16,57,150,0.18936650393869417,0.525640284151809,0.5294917956169736,0.9763714663803645,0.08784143626689911,943920.25
ssl_contrastive,16,57,160,0.20309012409145483,0.5337350030717243,0.5377344206394339,0.9775886335547239,0.0933213159441948,928342.125
ssl_contrastive,16,57,170,0.22102127227143295,0.5434754724001778,0.5476373241449068,0.9780281026996687,0.10359775274991989,912644.625
ssl_contrastive,16,57,180,0.20665240834418405,0.5469965981819845,0.5513357681355607,0.9783080479066312,0.1053801029920578,899244.6875
ssl_contrastive,16,57,190,0.21547373547530815,0.5517934488916527,0.5563166101024369,0.9785975451180283,0.1041330099105835,888517.6875
ssl_contrastive,16,57,200,0.21813465924355852,0.555422722656463,0.5601459109942185,0.9786478616807205,0.10033220052719116,882370.5625
ssl_contrastive,17,58,10,0.09624304629933476,0.3063787995609277,0.3068422815238709,0.8799129039248048,0.06745371222496033,1633347.75
ssl_contrastive,17,58,20,0.1569964713467469,0.3612572776770438,0.3620719645468646,0.9360078887766061,0.07544278353452682,1456065.375
ssl_contrastive,17,58,30,0.18861294377785331,0.40371370765548187,0.4048233273422631,0.9513138634086934,0.09435050934553146,1331391.875
ssl_contrastive,17,58,40,0.2170897041260129,0.43833486657678056,0.43968890270691785,0.9607844301052759,0.10667900741100311,1244688.5
ssl_contrastive,17,58,50,0.21216256884346862,0.4556386736734947,0.45724158224888195,0.9658188746181846,0.09218136221170425,1205143.5
ssl_contrastive,17,58,60,0.21172504703791073,0.46650949000468556,0.46837781775598747,0.9673510970730336,0.10375265777111053,1146203.625
ssl_contrastive,17,58,70,0.27414061954751023,0.49143786250377014,0.49347688396134176,0.9730702366726901,0.11121192574501038,1100518.25
ssl_contrastive,17,58,80,0.21741168052326312,0.4852116534211709,0.4875484356929184,0.9724834753223971,0.10183855891227722,1079655.125
ssl_contrastive,17,58,90,0.23333133006737836,0.5045513969277834,0.5070580819286311,0.9740095875157045,0.09745073318481445,1055665.75
ssl_contrastive,17,58,100,0.238067399679697,0.5064972095841945,0.509250802642985,0.9750654991405945,0.10772807896137238,1032322.0
ssl_contrastive,17,58,110,0.19227975700145306,0.5050955895048576,0.5081064860715442,0.9746097598903184,0.08990361541509628,1015598.625
ssl_contrastive,17,58,120,0.20747940868345857,0.5184167081948642,0.5215837423391317,0.9759452093635762,0.09710393100976944,1003085.375
ssl_contrastive,17,58,130,0.1994051861848021,0.5252319612890535,0.5285937299310906,0.9762919224694138,0.09574350714683533,980680.5625
ssl_contrastive,17,58,140,0.21013156784227682,0.5265122258914067,0.530112441889499,0.9766796537862744,0.0962556004524231,965207.375
ssl_contrastive,17,58,150,0.19190080642442425,0.5266950297186793,0.5305085304299084,0.9772904187755003,0.09816529601812363,949517.375
ssl_contrastive,17,58,160,0.2086227448094748,0.54087524632753,0.5448192435264365,0.9776702916104165,0.09906025975942612,937462.6875
ssl_contrastive,17,58,170,0.19439187026262278,0.5378892987083859,0.5420958759606694,0.9774152051961229,0.09956195950508118,926519.8125
ssl_contrastive,17,58,180,0.1982177840101855,0.5442662071094851,0.5486352406521161,0.97800456733825,0.09412071853876114,920664.1875
ssl_contrastive,17,58,190,0.1883807735714631,0.5457367815006785,0.550315653547676,0.9780206795121625,0.08856154978275299,915155.5625
ssl_contrastive,17,58,200,0.19920384557488108,0.5496053886743604,0.5543555053955806,0.9785785148809142,0.09212824702262878,902799.875
ssl_contrastive,18,59,10,0.0792665628792396,0.2570085281734479,0.25750340823733553,0.882967589247969,0.06956809014081955,1634817.625
ssl_contrastive,18,59,20,0.13553525917102768,0.3494563001396689,0.3502890013346248,0.9334638359909863,0.08890258520841599,1422852.75
ssl_contrastive,18,59,30,0.17219829591732616,0.3987019899776218,0.3998188319712612,0.950711151219854,0.10117915272712708,1325178.25
ssl_contrastive,18,59,40,0.20387666722503225,0.4400250376145501,0.4413842780486171,0.9583531972807825,0.11640500277280807,1241550.75
ssl_contrastive,18,59,50,0.23775765282517092,0.4546685106072134,0.4562786469535371,0.9666627722046461,0.10527239739894867,1197700.25
ssl_contrastive,18,59,60,0.2538472185244802,0.4764355453388793,0.4782583132009137,0.9704564763275346,0.12255945801734924,1143893.625
ssl_contrastive,18,59,70,0.2436712754881362,0.49168956816861475,0.4937356190214873,0.971234111325235,0.10363679379224777,1123393.5
ssl_contrastive,18,59,80,0.22274460645987385,0.4943768629997274,0.49666963743122944,0.9727464951054765,0.10845335572957993,1083865.125
ssl_contrastive,18,59,90,0.21858898023197826,0.5048639536593755,0.5073706126554041,0.9733737411860801,0.10903790593147278,1047885.375
ssl_contrastive,18,59,100,0.20591906492607714,0.5007816804883705,0.5035587776009641,0.9737840764152519,0.10089956223964691,1038524.4375
ssl_contrastive,18,59,110,0.2311672367320077,0.5144043424844803,0.517355337328815,0.9758468608737445,0.1022626981139183,1015759.9375
ssl_contrastive,18,59,120,0.22357273553577758,0.5182137278668904,0.5213901569546219,0.9761463458535248,0.11187231540679932,992914.375
ssl_contrastive,18,59,130,0.21814112795429225,0.5203409941587681,0.5237536392554831,0.9764214085088493,0.10776679962873459,979957.8125
ssl_contrastive,18,59,140,0.23906085331096663,0.5313925011386993,0.5349527315806746,0.9775636012194294,0.1038932353258133,965779.0625
ssl_contrastive,18,59,150,0.22534129946609566,0.5325306174431595,0.536314623858225,0.9777120648521728,0.10611485689878464,952117.625
ssl_contrastive,18,59,160,0.20651964818699978,0.5373311066757175,0.5413177520792414,0.9774456275059641,0.0998869240283966,939094.5
ssl_contrastive,18,59,170,0.2370472435103152,0.5427649979707039,0.5469299213671348,0.9785324034843393,0.11336196213960648,920260.125
ssl_contrastive,18,59,180,0.23140554724198467,0.5491606778356434,0.5534892836116577,0.9786805517824437,0.11017671227455139,908558.3125
ssl_contrastive,18,59,190,0.20961076079321317,0.5477308283126295,0.552293086940544,0.9785395638049464,0.10363546013832092,909839.75
ssl_contrastive,18,59,200,0.2026836960829791,0.5531770077626832,0.5578908794930815,0.9788147370298709,0.09926087409257889,895799.5625
ssl_contrastive,19,60,10,0.06683736862690282,0.2844196818130678,0.284908053469698,0.853804808177654,0.06091616302728653,1593402.25
ssl_contrastive,19,60,20,0.14775126976130873,0.3588293433633616,0.3596480120870287,0.934996041073966,0.08449505269527435,1411371.0
ssl_contrastive,19,60,30,0.1774485148995041,0.3987379643572194,0.3998526053430389,0.9512517077410866,0.0945582166314125,1297558.375
ssl_contrastive,19,60,40,0.17781790333498582,0.4230451514349789,0.4244408817454427,0.957817811883758,0.09035646915435791,1227576.125
ssl_contrastive,19,60,50,0.22195635635504934,0.4568622860770287,0.4584652895321093,0.9661273176135886,0.1089928075671196,1166891.375
ssl_contrastive,19,60,60,0.20320475714860373,0.4675231712444439,0.469372435220981,0.9688044608667445,0.09762772172689438,1128289.0
ssl_contrastive,19,60,70,0.2248943755352505,0.4840983289549672,0.4861629874914641,0.97161818410297,0.10759121179580688,1088382.125
ssl_contrastive,19,60,80,0.22243933718939857,0.49629244545368995,0.49858524004480165,0.9722210854456418,0.10885568708181381,1053158.0
ssl_contrastive,19,60,90,0.21189946653794456,0.48952254202380413,0.49212522822094784,0.9726581760530383,0.0964585542678833,1046803.625
ssl_contrastive,19,60,100,0.22755559947516638,0.5080250881741162,0.5107650900450563,0.9749691422534004,0.10860244184732437,1014109.9375
ssl_contrastive,19,60,110,0.22473870482953232,0.5051844336807502,0.5082036220895467,0.975310728779789,0.1021585762500763,1000930.0
ssl_contrastive,19,60,120,0.22200291810799425,0.5158633146271808,0.5190547337620925,0.9762287347601867,0.10428200662136078,978420.5625
ssl_contrastive,19,60,130,0.21511049208855848,0.5211038724058317,0.5244989455765947,0.9765646973199934,0.10211873799562454,963295.8125
ssl_contrastive,19,60,140,0.19403488014300688,0.5208328152223367,0.524470378158522,0.9765006109099797,0.09330511838197708,950741.375
ssl_contrastive,19,60,150,0.2114137636446213,0.5307933174860981,0.5346005212501895,0.9772092541747945,0.09642830491065979,934937.625
ssl_contrastive,19,60,160,0.18085027675845547,0.5299880810325288,0.5340200783639131,0.9769390970184082,0.0964992567896843,920191.3125
ssl_contrastive,19,60,170,0.21495174531834055,0.5371199846473412,0.5413350017487015,0.9780264608819645,0.10363693535327911,915612.6875
ssl_contrastive,19,60,180,0.1889384108419784,0.5401935240934018,0.5446061503126993,0.9776434722614573,0.10060708224773407,895823.6875
ssl_contrastive,19,60,190,0.2028678614507311,0.5451939567661783,0.5497831156738414,0.9782089846465467,0.099964439868927,885147.5
ssl_contrastive,19,60,200,0.18739587827413645,0.544612647011956,0.5494164255695718,0.9783804817345423,0.09935611486434937,875699.4375
ssl_contrastive,20,61,10,0.09304184842688372,0.2724095555865738,0.2728948016447754,0.8825309239579238,0.06281265616416931,1611411.75
ssl_contrastive,20,61,20,0.16243315860140412,0.367224892632608,0.36803162852379334,0.9363229872520136,0.08130944520235062,1424685.0
ssl_contrastive,20,61,30,0.1906573969894787,0.4036996883534348,0.4048066400794276,0.9516274602151252,0.0883076936006546,1317221.0
ssl_contrastive,20,61,40,0.21273044609817487,0.42377210313160657,0.42517119076565846,0.9592396459696563,0.09029839932918549,1256189.375
ssl_contrastive,20,61,50,0.21827844962815035,0.45581995588510876,0.45742285096705165,0.9660566769029719,0.09751587361097336,1182035.875
ssl_contrastive,20,61,60,0.24006210913833287,0.4751493433185958,0.47698075724704453,0.9697993024484741,0.10461552441120148,1133023.0
ssl_contrastive,20,61,70,0.22948361277180288,0.4809647916991342,0.4830504510007713,0.9713045451580177,0.0991394892334938,1102553.5
ssl_contrastive,20,61,80,0.2539619710478231,0.49393629827119756,0.49622877829929407,0.9740474183995537,0.10111047327518463,1080895.0
ssl_contrastive,20,61,90,0.23204523487513057,0.4966363760931349,0.4991950283054207,0.973543885439763,0.09925050288438797,1056317.625
ssl_contrastive,20,61,100,0.2308554046211571,0.5123916263390774,0.5151080640565776,0.9748957954046483,0.10261629521846771,1026972.8125
ssl_contrastive,20,61,110,0.20597058419309572,0.5105474490070847,0.5135192006173187,0.9753597264302644,0.09907497465610504,1004318.0625
ssl_contrastive,20,61,120,0.21984761481216455,0.5254854893340621,0.5286089346561486,0.9762452408529708,0.1042705699801445,985147.0
ssl_contrastive,20,61,130,0.2309491291939345,0.5273810536392002,0.5307280492229247,0.9772752222634222,0.10256588459014893,971363.1875
ssl_contrastive,20,61,140,0.22790464677607075,0.5306599967364131,0.5342381749937148,0.9772565219157563,0.10147551447153091,959298.5
ssl_contrastive,20,61,150,0.21152440198184203,0.5329844085931621,0.5367766105582534,0.9772153158420533,0.10015200078487396,946193.5625
ssl_contrastive,20,61,160,0.1901148575102153,0.5356422750344498,0.5396405729643833,0.9771003843771786,0.10041159391403198,930599.5625
ssl_contrastive,20,61,170,0.20718189079713734,0.5429038610514714,0.5470593357977508,0.9780704014991565,0.10172182321548462,921186.0625
ssl_contrastive,20,61,180,0.2037511371502014,0.5449849375682415,0.5493434095966301,0.9783067511787609,0.09978603571653366,915551.25
ssl_contrastive,20,61,190,0.19223060858063473,0.5459442205707683,0.550515323973507,0.9782089349371779,0.09928177297115326,896971.4375
ssl_contrastive,20,61,200,0.1974912552323143,0.5522446852535927,0.5569688863098775,0.9785517669561603,0.10113290697336197,884513.5
ssl_contrastive,21,62,10,0.06765523075532305,0.23634695191137267,0.23685979067602414,0.8725319597573845,0.05031561478972435,1660290.625
ssl_contrastive,21,62,20,0.12021266630233386,0.33945801944506243,0.34031228664554175,0.9263618853338033,0.07955660670995712,1451957.875
ssl_contrastive,21,62,30,0.1810681749789469,0.4005696797525755,0.40167937384393293,0.9522523438975862,0.09196656197309494,1324144.5
ssl_contrastive,21,62,40,0.18136222455029657,0.4281879812311246,0.42958383368288866,0.9553847016062403,0.0909268707036972,1254729.125
ssl_contrastive,21,62,50,0.22152531806732806,0.45338691788161894,0.45500674913750655,0.9647504834767701,0.09459587931632996,1211384.875
ssl_contrastive,21,62,60,0.19519796804516054,0.4542503891940382,0.45615495168372333,0.9678374294174051,0.09239660948514938,1156993.875
ssl_contrastive,21,62,70,0.2483275732075998,0.48487894066527953,0.4869568650662792,0.9713446060381956,0.10000508278608322,1115702.25
ssl_contrastive,21,62,80,0.2412862562234185,0.5022211516537591,0.5044802797275039,0.9730739272558716,0.1070982813835144,1077207.5
ssl_contrastive,21,62,90,0.24248467820410496,0.4959971445214881,0.49854848978648303,0.974129798620281,0.10031303018331528,1059125.875
ssl_contrastive,21,62,100,0.22171498254396635,0.5064559012552909,0.509210145325943,0.9744065724634088,0.10043340176343918,1041299.8125
ssl_contrastive,21,62,110,0.19589212829484248,0.5075140087111336,0.5105200033580045,0.9742455934553164,0.09629669040441513,1019109.9375
ssl_contrastive,21,62,120,0.1989018934435408,0.5147092466833063,0.5179005188714706,0.9756716210282712,0.10196972638368607,997277.5625
ssl_contrastive,21,62,130,0.20674011568002543,0.5203447927859306,0.5237447004746469,0.9763472664862609,0.09270709753036499,995337.1875
ssl_contrastive,21,62,140,0.255152837121663,0.526126264789623,0.5297297863480719,0.9778364360499087,0.0997258871793747,971207.9375
ssl_contrastive,21,62,150,0.18303319229282095,0.5257740398104505,0.5296116701089351,0.9765601595060567,0.09884615242481232,953689.1875
ssl_contrastive,21,62,160,0.1856468798705536,0.5322396440181755,0.5362635345907988,0.9768126540492059,0.10217742621898651,937168.375
ssl_contrastive,21,62,170,0.19741086050638926,0.5355543442857874,0.5397908581279519,0.9773746712846422,0.09350326657295227,938725.0625
ssl_contrastive,21,62,180,0.19835082057960526,0.541572613710257,0.5459689044484997,0.978031310333149,0.10147413611412048,915692.9375
ssl_contrastive,21,62,190,0.1969517533312393,0.5488239496320011,0.5533666268964236,0.9783178981672793,0.0997021347284317,906208.0
ssl_contrastive,21,62,200,0.1694086546593274,0.5386678384906899,0.5435484073269556,0.977621446081174,0.09408604353666306,898958.5
ssl_contrastive,22,63,10,0.0886888176981905,0.2633170517320138,0.2638060214931148,0.8875474679921026,0.06429506093263626,1601267.875
ssl_contrastive,22,63,20,0.14050936305591558,0.3443362078131836,0.34517255120976253,0.934769118098321,0.08768774569034576,1406490.75
ssl_contrastive,22,63,30,0.18133207001634302,0.40056848043391413,0.4016794067284232,0.95221594126309,0.09487123787403107,1299545.0
ssl_contrastive,22,63,40,0.19537420479130588,0.4249626858979823,0.42635399275735036,0.9592237103901842,0.09872733056545258,1223267.875
ssl_contrastive,22,63,50,0.22484404378293113,0.4485509856954112,0.4501761899820625,0.9663733701863969,0.09697920829057693,1169941.875
ssl_contrastive,22,63,60,0.2125785904347623,0.4588264691973243,0.4607235517682306,0.9678582141546181,0.10543455928564072,1119935.625
ssl_contrastive,22,63,70,0.21260811630442364,0.4715392796061806,0.47365583059871064,0.9710288012437152,0.10031082481145859,1095283.625
ssl_contrastive,22,63,80,0.18884489675658078,0.4722614025136985,0.47466273158650946,0.9711053273792827,0.08840575069189072,1071628.75
ssl_contrastive,22,63,90,0.2055554095962225,0.48895939248873443,0.4915470582476381,0.9730131393295193,0.09284179657697678,1028689.25
ssl_contrastive,22,63,100,0.19753680705894724,0.4947582403271963,0.49758704307682083,0.9733325544796638,0.09214907139539719,1019432.0625
ssl_contrastive,22,63,110,0.20246416256542063,0.5100161245623601,0.5129932884356815,0.9748274871609133,0.09980365633964539,993360.875
ssl_contrastive,22,63,120,0.19828250935606354,0.5079353952986605,0.5111818735357267,0.9752522874643063,0.10383891314268112,972051.5625
ssl_contrastive,22,63,130,0.20683531763197258,0.5180096074317896,0.5214389745006517,0.9761171869950342,0.09862808883190155,960278.625
ssl_contrastive,22,63,140,0.18322909670665502,0.516073465260403,0.5197541752109527,0.9758784620644515,0.09493640810251236,948355.6875
ssl_contrastive,22,63,150,0.19855361563652982,0.5252518743377006,0.5290987883065966,0.9768320867737487,0.09490548074245453,928603.25
ssl_contrastive,22,63,160,0.19894571844850845,0.5276558031027744,0.531715532117445,0.9774671176232301,0.0995633453130722,926225.5625
ssl_contrastive,22,63,170,0.19063687471113663,0.5329540859692422,0.5371989772800239,0.9773832967111354,0.09422621130943298,906813.4375
ssl_contrastive,22,63,180,0.21272280060802984,0.5405374653053999,0.5449412536187236,0.9783329109248898,0.09855199605226517,893440.875
ssl_contrastive,22,63,190,0.17115909920945102,0.5343415539037256,0.5390215190985386,0.9777354088295866,0.09157411754131317,888699.5625
ssl_contrastive,22,63,200,0.17226114458921155,0.5390005095459731,0.5438787692076745,0.9776983360869744,0.09628666937351227,881288.9375
ssl_contrastive,23,64,10,0.07368701954993859,0.25186782886706127,0.2523709566291025,0.8721195850942461,0.06755681335926056,1652813.375
ssl_contrastive,23,64,20,0.1252399151630302,0.3581866188683607,0.35901428577357175,0.9273336411686067,0.07705777883529663,1455547.0
ssl_contrastive,23,64,30,0.1481404816314672,0.4073545349172508,0.40846086968710116,0.9469757126396501,0.09445057064294815,1323385.875
ssl_contrastive,23,64,40,0.1823758385920345,0.42511604458436447,0.426506186142665,0.9587538281495317,0.1036226823925972,1260745.25
ssl_contrastive,23,64,50,0.20044121832205145,0.45982677421422974,0.46142686784689446,0.9640609928737962,0.11018668115139008,1184596.125
ssl_contrastive,23,64,60,0.20190123725561004,0.4690989412599339,0.4709478926204033,0.9681866180732901,0.0984133929014206,1150570.25
ssl_contrastive,23,64,70,0.2270534935889971,0.48481286955721054,0.4868874483589594,0.9706173077334278,0.0952184870839119,1129656.125
ssl_contrastive,23,64,80,0.21463003558667432,0.49290138021231,0.49520796800375144,0.9722364248648194,0.10282167047262192,1081723.375
ssl_contrastive,23,64,90,0.238407617619937,0.5106611039517562,0.5131430940622751,0.9738070877448464,0.10405071079730988,1062962.875
ssl_contrastive,23,64,100,0.2231135785970024,0.508584225909061,0.5113350413450293,0.9743545828019103,0.09884000569581985,1056351.5
ssl_contrastive,23,64,110,0.20707374926512032,0.5183304113917261,0.5212494507789003,0.9754540132479658,0.10459515452384949,1010074.75
ssl_contrastive,23,64,120,0.20106182999885136,0.5177455631631651,0.52092162984485,0.9757118433611929,0.09480348974466324,1002233.5625
ssl_contrastive,23,64,130,0.2159290063059485,0.526571881473052,0.5299286088986448,0.9766285156984983,0.1101645901799202,981209.125
ssl_contrastive,23,64,140,0.2009333059606712,0.534102827265273,0.537634773885785,0.9767490498259396,0.1070207729935646,959128.875
ssl_contrastive,23,64,150,0.20620797946572156,0.5331135988161316,0.5368961545781397,0.9771748720177995,0.10076785832643509,949075.8125
ssl_contrastive,23,64,160,0.21037227466494282,0.5404971195308573,0.5444588255824077,0.9774292313958923,0.10524055361747742,936830.8125
ssl_contrastive,23,64,170,0.20210699700238577,0.539373190220266,0.5435645386033177,0.9778315800842733,0.09878087043762207,924827.4375
ssl_contrastive,23,64,180,0.22365172857916674,0.5559993575882117,0.5602564503963836,0.9786096273117342,0.10688688606023788,913693.5
ssl_contrastive,23,64,190,0.189594065717146,0.5438295305795192,0.5484269758382075,0.9780093754138677,0.10229507088661194,903967.5
ssl_contrastive,23,64,200,0.194887671509649,0.5522308061484427,0.5569678091737748,0.9783822831269502,0.09859613329172134,897354.625
ssl_contrastive,24,65,10,0.0737908373946389,0.25582550910445484,0.25632207222296544,0.8787145675045076,0.06792769581079483,1647285.625
ssl_contrastive,24,65,20,0.13597516851317518,0.36823818681112214,0.36905825366533096,0.9248887061649175,0.09055781364440918,1442679.875
ssl_contrastive,24,65,30,0.19088606298989672,0.4194198872306121,0.42049761907729016,0.9519836379378529,0.10834047943353653,1315653.375
ssl_contrastive,24,65,40,0.18648615892065554,0.4323315778910328,0.43370857660433126,0.9579573682079551,0.09074608236551285,1267657.375
ssl_contrastive,24,65,50,0.2368005360939457,0.45476118737442595,0.4563701134642215,0.9667257838476315,0.1099051982164383,1184839.625
ssl_contrastive,24,65,60,0.18785458591685558,0.4538785079444275,0.45578623539625196,0.96734846112664,0.09381478279829025,1159978.25
ssl_contrastive,24,65,70,0.23727081526171975,0.4876703877640459,0.4897301234790253,0.9715546352818811,0.10424089431762695,1115534.0
ssl_contrastive,24,65,80,0.22065053627350648,0.4929437180794542,0.4952512597762619,0.9724846564334353,0.10138919949531555,1090860.75
ssl_contrastive,24,65,90,0.20638576573706446,0.496927760460777,0.4994688383253037,0.9734229735915445,0.09698893129825592,1058659.125
ssl_contrastive,24,65,100,0.2615173979845048,0.5124253143634016,0.5151417106414343,0.9759978335678099,0.1084524393081665,1034710.625
ssl_contrastive,24,65,110,0.23104850108328945,0.5141269835229675,0.5170762613344788,0.97601149947736,0.1057419404387474,1018364.75
ssl_contrastive,24,65,120,0.2631201032753275,0.5219577852576884,0.5251231520464841,0.9768125207670609,0.10250485688447952,1007973.75
ssl_contrastive,24,65,130,0.21803266570836266,0.5259122810940454,0.5292729075590942,0.9767832390730224,0.1069023460149765,977168.4375
ssl_contrastive,24,65,140,0.21847901691993615,0.5267483267348476,0.5303493033946257,0.9769099178536111,0.10564064979553223,965085.25
ssl_contrastive,24,65,150,0.20214176859156205,0.5315958417651941,0.5353779543284577,0.9773340770998179,0.095805324614048,956973.5
ssl_contrastive,24,65,160,0.20633588430740527,0.5409035730548952,0.5448440231161925,0.9777032735712798,0.0988708958029747,943658.875
ssl_contrastive,24,65,170,0.1997344409567026,0.539709786367704,0.543887085049589,0.9778279039385236,0.10307365655899048,921769.0625
ssl_contrastive,24,65,180,0.18822201700522506,0.5445475502629165,0.5489085095270438,0.9778583046509057,0.09472759068012238,910228.4375
ssl_contrastive,24,65,190,0.1760638158255227,0.5459483837936353,0.5505089029491885,0.978035641210563,0.09449175000190735,905876.8125
ssl_contrastive,24,65,200,0.18540207678223802,0.5485762161359965,0.5533561324950482,0.9780858688598031,0.09858707338571548,895041.5
ssl_contrastive,25,66,10,0.08190151272529847,0.2768420533859904,0.27732830191368407,0.8727157825973869,0.05985713005065918,1631553.375
ssl_contrastive,25,66,20,0.15194137689434362,0.36900902319538037,0.3698160850400302,0.9341484286658703,0.07688088715076447,1444522.875
ssl_contrastive,25,66,30,0.20651374456661414,0.41712194154399707,0.41819979675549923,0.9543086685443588,0.08861897885799408,1346974.875
ssl_contrastive,25,66,40,0.22739563799554657,0.4374986133163699,0.4388505669584342,0.9623703343355839,0.1020100861787796,1259273.625
ssl_contrastive,25,66,50,0.26223423804626983,0.47346961176214963,0.47502637857974084,0.9674353597940174,0.10912001878023148,1194291.625
ssl_contrastive,25,66,60,0.258605538183279,0.47332318661627587,0.47517244460536323,0.968986053945173,0.10471013188362122,1168775.0
ssl_contrastive,25,66,70,0.23124067105971025,0.4871114386058792,0.4891773492755653,0.970860798542419,0.10527901351451874,1117033.125
ssl_contrastive,25,66,80,0.24890156946958722,0.5000756175532185,0.5023397437816084,0.9737952420081032,0.11450998485088348,1081056.5
ssl_contrastive,25,66,90,0.230261949284303,0.5110150599698641,0.5134853179780409,0.9741170031235412,0.11385394632816315,1046076.0
ssl_contrastive,25,66,100,0.2114801078897339,0.511277162900761,0.5139929513811545,0.9747717299165968,0.10630276054143906,1028065.9375
ssl_contrastive,25,66,110,0.2906401449556669,0.522456978676918,0.525365965977916,0.9772336179278804,0.10687682777643204,1027338.25
ssl_contrastive,25,66,120,0.22545581393673136,0.5230538709137504,0.5261951226377968,0.9763809162076903,0.11122443526983261,994130.6875
ssl_contrastive,25,66,130,0.21083463761652338,0.5248525920918051,0.5282365145578474,0.9761466782079004,0.10338764637708664,978552.0
ssl_contrastive,25,66,140,0.22709658391200263,0.5369445341135869,0.5404722214315151,0.977110477022353,0.09877263754606247,967350.3125
ssl_contrastive,25,66,150,0.20840406396299038,0.5381532533876476,0.5418767488249343,0.9776105807986423,0.10420797020196915,945463.4375
ssl_contrastive,25,66,160,0.2868052462114793,0.5466479116537192,0.5505572878886917,0.9792405937307141,0.11094338446855545,937912.6875
ssl_contrastive,25,66,170,0.22454219941287848,0.545819535244053,0.549949422070902,0.978392613872372,0.10243100672960281,922154.125
ssl_contrastive,25,66,180,0.20674292741922556,0.5483745062192547,0.5526985807496038,0.9783680678907258,0.10028808563947678,913344.5625
ssl_contrastive,25,66,190,0.2106746295655451,0.5511378594366754,0.5556649073088917,0.97854704051659,0.10576864331960678,906715.75
ssl_contrastive,25,66,200,0.19721497361162815,0.5541956258805636,0.5589081854477673,0.978539642389179,0.10494958609342575,892462.3125
ssl_contrastive,26,67,10,0.07090024247789935,0.2608146982207469,0.2613149638154656,0.8607869779187778,0.06979408860206604,1626997.0
ssl_contrastive,26,67,20,0.15267003500854986,0.3727085464519534,0.37351286892557317,0.9331191206501048,0.08152106404304504,1441536.75
ssl_contrastive,26,67,30,0.1768446368467128,0.4006432748986468,0.40176163444805146,0.9493307510960641,0.09851211309432983,1330355.0
ssl_contrastive,26,67,40,0.21887584600533327,0.43246777379149604,0.43384521001581505,0.9601724871155154,0.09995308518409729,1245611.625
ssl_contrastive,26,67,50,0.19902008983112499,0.4524012341703768,0.45403210233669655,0.9629496138096237,0.09913171082735062,1187610.0
ssl_contrastive,26,67,60,0.2715224174728401,0.47184429478980705,0.47369450112603934,0.9702034739506555,0.11629369854927063,1147400.875
ssl_contrastive,26,67,70,0.24552570195070397,0.4778910731096673,0.4799967629094677,0.9709406377164571,0.11407612264156342,1100232.875
ssl_contrastive,26,67,80,0.2687600044625931,0.4946721809603674,0.4969734122854889,0.9735268084815346,0.11686262488365173,1077695.75
ssl_contrastive,26,67,90,0.21752152152898865,0.49041373696080837,0.4929991515212495,0.9733062912065846,0.10092876106500626,1053067.75
ssl_contrastive,26,67,100,0.21351873721437928,0.4973891428183785,0.5001894827510931,0.9744568564538463,0.10559550672769547,1033111.8125
ssl_contrastive,26,67,110,0.23821058123768973,0.5046775412373679,0.5076981848333103,0.9756833682852964,0.10235406458377838,1015970.9375
ssl_contrastive,26,67,120,0.26141501497650205,0.5117284636177003,0.5149527603648514,0.9768112284408467,0.10300318896770477,996449.0
ssl_contrastive,26,67,130,0.22272206686488924,0.5122386755864988,0.5157188453863696,0.9760494382898153,0.09313072264194489,985672.4375
ssl_contrastive,26,67,140,0.2958418679741898,0.5268129151746355,0.5304143552575644,0.9788983974869305,0.12694694101810455,961575.75
ssl_contrastive,26,67,150,0.21327879417678805,0.5289607748768623,0.5327777400592721,0.9773025823704985,0.09930189698934555,947333.625
ssl_contrastive,26,67,160,0.19367720406738714,0.5272778361648551,0.5313440120814849,0.9771673569237154,0.09260103106498718,939527.0
ssl_contrastive,26,67,170,0.1979597230791521,0.5318964942952826,0.5361528597182796,0.9777037433160127,0.09916543960571289,930827.1875
ssl_contrastive,26,67,180,0.21253233625580256,0.5414963332882837,0.5459021314286917,0.9780650445076857,0.10062328726053238,918177.5
ssl_contrastive,26,67,190,0.22705187960760573,0.5448729418982615,0.5494791048784288,0.9787433087162661,0.10005195438861847,913806.3125
ssl_contrastive,26,67,200,0.20299215611019777,0.544451296500706,0.5492848983931787,0.9783118505266312,0.10691213607788086,895802.1875
ssl_contrastive,27,68,10,0.08702246548246333,0.27220187413216074,0.27268799045653985,0.8808574653308654,0.06862115114927292,1623031.375
ssl_contrastive,27,68,20,0.1523342461226136,0.37130978305194245,0.37212082758610787,0.9296385836733295,0.08701979368925095,1425455.25
ssl_contrastive,27,68,30,0.18954789074306552,0.4025380691205278,0.40365275405280426,0.9507936030408529,0.10010170191526413,1301017.625
ssl_contrastive,27,68,40,0.1887098466298996,0.42741817265872506,0.42880972664286093,0.9575658891450732,0.10220541059970856,1244013.75
ssl_contrastive,27,68,50,0.24859972918322482,0.4478664545064218,0.44950123932545993,0.9666892341978234,0.10228410363197327,1203254.375
ssl_contrastive,27,68,60,0.2655837671485005,0.4764490315547455,0.4782733870702559,0.9705835321833244,0.11595545709133148,1138561.25
ssl_contrastive,27,68,70,0.21684173879924476,0.4845034947456913,0.48658149186095473,0.9701325693167425,0.10239072889089584,1100244.375
ssl_contrastive,27,68,80,0.286153261494276,0.499599363934903,0.5018860230019129,0.9738716896768157,0.11903444677591324,1079921.125
ssl_contrastive,27,68,90,0.2532370408865721,0.4927269479352205,0.4953097624974764,0.9741711414974538,0.11945337057113647,1048314.0625
ssl_contrastive,27,68,100,0.2654218763003829,0.5044785981439763,0.5072502338810069,0.9755695515544869,0.1193380132317543,1019749.375
ssl_contrastive,27,68,110,0.21826777239744774,0.5048144354846766,0.5078321756934223,0.9751666095815601,0.09780842810869217,1013445.8125
ssl_contrastive,27,68,120,0.23242280031043497,0.5210701223270315,0.5242120496867592,0.9769428404214622,0.10106580704450607,990174.25
ssl_contrastive,27,68,130,0.2274941123022364,0.5249459771075909,0.5283112009844537,0.9771087913641547,0.10389990359544754,967796.9375
ssl_contrastive,27,68,140,0.24782650023428895,0.5271892203720762,0.530784356791412,0.9777040378161465,0.11019416153430939,948586.75
ssl_contrastive,27,68,150,0.22959759559457085,0.5288694043142715,0.5326920736034235,0.9776383656361823,0.09743717312812805,942281.6875
ssl_contrastive,27,68,160,0.20321235080538383,0.5335358522674837,0.5375353618318616,0.9777794820833473,0.10495412349700928,927370.375
ssl_contrastive,27,68,170,0.26525171179173207,0.5433719365425695,0.5475332102049155,0.9790972154192304,0.11405057460069656,914769.125
ssl_contrastive,27,68,180,0.17391045813744177,0.5334683409670626,0.5379328902377102,0.9774974568884939,0.0961335226893425,908128.4375
ssl_contrastive,27,68,190,0.17824742662620155,0.5437807379158608,0.5483640316969268,0.9779825155696729,0.10307516902685165,892217.0625
ssl_contrastive,27,68,200,0.2195307830873547,0.5499047317497313,0.5546762024767835,0.9787661834771458,0.10561047494411469,885151.875
ssl_contrastive,28,69,10,0.07661617975503685,0.25904796172543854,0.25954565307354793,0.8750552009263453,0.0531901977956295,1621350.0
ssl_contrastive,28,69,20,0.14313674624636644,0.36037002990467937,0.36118456162365287,0.9359453211726824,0.08411514759063721,1416914.5
ssl_contrastive,28,69,30,0.16405047090168376,0.4027748224053826,0.4038869876763467,0.9491110676708351,0.0971430242061615,1306033.75
ssl_contrastive,28,69,40,0.19526645360753217,0.43236729378477035,0.4337321769061742,0.9608348276584393,0.10133046656847,1244160.125
ssl_contrastive,28,69,50,0.20934521385049587,0.44341600657655517,0.4450574935907929,0.9658567029784175,0.10031990706920624,1182529.75
ssl_contrastive,28,69,60,0.21516831394453276,0.4577174390492431,0.45960936479201214,0.9687062726558816,0.10561953485012054,1137954.25
ssl_contrastive,28,69,70,0.20240915177634744,0.46990313998584576,0.47203326203688023,0.9702244480764559,0.10580212622880936,1100939.875
ssl_contrastive,28,69,80,0.20513614714392445,0.48132126778355416,0.48366523078574586,0.9724381670813282,0.09487972408533096,1076003.875
ssl_contrastive,28,69,90,0.2135010887694492,0.4945508405499597,0.49710821777795655,0.9735695275511413,0.1067950427532196,1044930.375
ssl_contrastive,28,69,100,0.19113374285855583,0.494944643641063,0.49775382030652066,0.9738197472597587,0.10485700517892838,1029766.5625
ssl_contrastive,28,69,110,0.2386011222944958,0.513930596493165,0.5169000014536701,0.9757330117467465,0.10796928405761719,1011996.1875
ssl_contrastive,28,69,120,0.2240451125151284,0.5138945817143125,0.5170902025867558,0.9765342461939773,0.10509299486875534,994731.75
ssl_contrastive,28,69,130,0.20800722706732755,0.5194848905566374,0.5228915641922539,0.9765030273604587,0.10551758855581284,971713.25
ssl_contrastive,28,69,140,0.19115780106671784,0.5218824705221865,0.525511044359222,0.9763858808061969,0.0969446450471878,965110.8125
ssl_contrastive,28,69,150,0.20850976104974872,0.5298637117757021,0.5336687725004202,0.9773712699782958,0.10092554986476898,947762.0
ssl_contrastive,28,69,160,0.20149373466215537,0.5329028879517714,0.536915428583291,0.9776275132064862,0.09275529533624649,941154.375
ssl_contrastive,28,69,170,0.21664873640621973,0.5402377857112576,0.5444265858030517,0.978037725834865,0.11293482780456543,919007.4375
ssl_contrastive,28,69,180,0.2029596154585256,0.541063341645215,0.545464820180779,0.9781213609383859,0.10533376783132553,913309.3125
ssl_contrastive,28,69,190,0.19300490735459772,0.5424501165954321,0.5470461293730986,0.978417273886254,0.09734243154525757,901610.8125
ssl_contrastive,28,69,200,0.19701305869048968,0.5484255441992433,0.5531979616798083,0.9785773127593045,0.10297761112451553,895253.5625
ssl_contrastive,29,70,10,0.09924408354338084,0.30405487148490484,0.30452107658855715,0.8790416361368023,0.0666484534740448,1667069.375
ssl_contrastive,29,70,20,0.12789975335957096,0.37682578979555237,0.37762841236010936,0.9274140682278259,0.07495938986539841,1475114.0
ssl_contrastive,29,70,30,0.20641550027262626,0.4153109959375554,0.4164000605580173,0.9519658083551298,0.09874075651168823,1356513.5
ssl_contrastive,29,70,40,0.22739724358214883,0.4530238313379195,0.4543540577945769,0.9587299084941961,0.10731381922960281,1276190.375
ssl_contrastive,29,70,50,0.18889326574359208,0.4536639533294095,0.45528598939415205,0.9630961787440163,0.10502073913812637,1206529.75
ssl_contrastive,29,70,60,0.20410107024208557,0.4762813206467206,0.47810641405435844,0.9681797072972362,0.09904392063617706,1160935.625
ssl_contrastive,29,70,70,0.22228476602475172,0.4885018327728251,0.4905531183814627,0.9711701026778115,0.11588453501462936,1113591.625
ssl_contrastive,29,70,80,0.23383736961645088,0.49926831544092043,0.501539717319339,0.9729079614649261,0.11238623410463333,1089495.25
ssl_contrastive,29,70,90,0.23549197580319456,0.5116020719021285,0.514071426014194,0.9741589386983724,0.10741706192493439,1062977.0
ssl_contrastive,29,70,100,0.23517108305417297,0.5199001814477404,0.5225839157302589,0.9746001052979535,0.11189103871583939,1041346.0625
ssl_contrastive,29,70,110,0.22980026681387922,0.5200283567369234,0.5229453458093248,0.9758856301319733,0.1164187341928482,1019513.625
ssl_contrastive,29,70,120,0.2040088803354263,0.5219343488151256,0.5250784215910532,0.975825673883858,0.10217183083295822,1005365.3125
ssl_contrastive,29,70,130,0.20626468047481158,0.5284983610547616,0.5318426917720291,0.9763038982604209,0.10622350871562958,983065.3125
ssl_contrastive,29,70,140,0.23022169758080144,0.5349410309048073,0.5384767987344421,0.9772701216830882,0.10868135094642639,977439.4375
ssl_contrastive,29,70,150,0.21713611930716592,0.5404090641674187,0.5441312259607533,0.9775897114322558,0.09915200620889664,960090.5625
ssl_contrastive,29,70,160,0.2137953338727717,0.5396045087430694,0.5435563322694518,0.9779748164276774,0.1131361797451973,936999.5
ssl_contrastive,29,70,170,0.19966325753811276,0.5475200119210691,0.5516261727268036,0.9778525769813075,0.10218647122383118,925516.5625
ssl_contrastive,29,70,180,0.20519809464354022,0.5509048858831378,0.5552184525787247,0.9781340854217414,0.10620411485433578,922851.75
ssl_contrastive,29,70,190,0.20489497395932524,0.5473036225706329,0.5518578270584598,0.9786594794703694,0.10642416775226593,905894.5
ssl_contrastive,29,70,200,0.19277681202694152,0.5547966497124219,0.5595042079589838,0.9783383277788827,0.09883464127779007,901834.125
ssl_contrastive,30,71,10,0.09036203693329103,0.27411017429927964,0.2745981383207881,0.8744717742119816,0.06653793156147003,1617238.375
ssl_contrastive,30,71,20,0.15391146493621038,0.36105959867481013,0.3618797160615191,0.9331182673744086,0.08039167523384094,1420455.25
ssl_contrastive,30,71,30,0.20597703563765957,0.4113791190570246,0.41246728064276694,0.9544124860037909,0.08533165603876114,1327064.625
ssl_contrastive,30,71,40,0.24042018201747126,0.44882007529818385,0.45015118043872193,0.9618175549437183,0.1024007722735405,1240775.875
ssl_contrastive,30,71,50,0.24496833965448767,0.45538126003389345,0.45698604916385105,0.9672972273762059,0.09601942449808121,1201654.75
ssl_contrastive,30,71,60,0.2335975397697729,0.47138880250886955,0.47323640805524636,0.9685676647418399,0.0995403453707695,1157041.5
ssl_contrastive,30,71,70,0.25687505333563015,0.4946744096424079,0.49669665359943166,0.9728155498700766,0.10377544164657593,1101941.875
ssl_contrastive,30,71,80,0.21290922318000274,0.4820436701557877,0.4843882976741936,0.972518947857627,0.09892891347408295,1095158.875
ssl_contrastive,30,71,90,0.22831291421266678,0.4992099228738345,0.5017415197541124,0.9739631560307023,0.10056949406862259,1063477.375
ssl_contrastive,30,71,100,0.21165260091359714,0.5078567601477594,0.510583206134023,0.9749898644284087,0.10124535113573074,1026207.3125
ssl_contrastive,30,71,110,0.2155220666713267,0.5140596879852674,0.517008167506344,0.9755463254240775,0.09926655143499374,1014966.6875
ssl_contrastive,30,71,120,0.261680882657238,0.5172195115086883,0.5204198789089279,0.9766794075869797,0.1087968498468399,993938.625
ssl_contrastive,30,71,130,0.21241086448015653,0.5190816788732463,0.5225037926884929,0.9763473602121903,0.09430622309446335,983336.375
ssl_contrastive,30,71,140,0.2094950989435169,0.5273838344336743,0.530960134084587,0.9773270118549814,0.10755199939012527,965186.625
ssl_contrastive,30,71,150,0.22320058232952072,0.5358842018564962,0.539626289685353,0.9780029545127871,0.10609908401966095,948906.5625
ssl_contrastive,30,71,160,0.21554641547211947,0.5432939456294102,0.5472144609731241,0.9779992182697602,0.10984842479228973,931749.9375
ssl_contrastive,30,71,170,0.204705093690497,0.5401362539840127,0.5443230423813176,0.9777708820103929,0.09505604207515717,932925.0
ssl_contrastive,30,71,180,0.1939414172551179,0.5407552013870247,0.5451502310745382,0.978051221781803,0.09474632143974304,918482.1875
ssl_contrastive,30,71,190,0.2025845481092588,0.5514531086228839,0.555966866596513,0.9784798641440342,0.10440046340227127,898091.5
ssl_contrastive,30,71,200,0.20566358589608846,0.5544151814447685,0.5591089060615655,0.9789210828592229,0.10549291968345642,890049.25
ssl_contrastive,31,72,10,0.07608731225580537,0.26661162230642627,0.2671000674046709,0.8819191113745596,0.07159288227558136,1613825.5
ssl_contrastive,31,72,20,0.13216949929820815,0.35769897009352497,0.35853007552886285,0.9273213961136274,0.08435983955860138,1425481.5
ssl_contrastive,31,72,30,0.16186342562980693,0.3976009936158817,0.39872299324472815,0.9490943207194323,0.0875244215130806,1330692.0
ssl_contrastive,31,72,40,0.16769430712686267,0.4238724638984469,0.4252731347790485,0.9567269986477713,0.09510932862758636,1247692.625
ssl_contrastive,31,72,50,0.22430940764364077,0.4595377960709599,0.461129948346551,0.9665200810797039,0.1065458282828331,1181678.625
ssl_contrastive,31,72,60,0.21538917396890284,0.47390428628183123,0.47574680540410325,0.967945174973379,0.10378540307283401,1141057.375
ssl_contrastive,31,72,70,0.21791139538242085,0.47747364874454157,0.4795755801814365,0.9705312791267282,0.1053711399435997,1107715.25
ssl_contrastive,31,72,80,0.24238972412940293,0.49306484963572145,0.49537910879433594,0.9723429258085304,0.1025654748082161,1085765.125
ssl_contrastive,31,72,90,0.23711551312325893,0.5045534106783341,0.5070520525737654,0.9744746848041057,0.11395242065191269,1042777.9375
ssl_contrastive,31,72,100,0.24789988866352167,0.5119856495920873,0.5146982709333408,0.9756908530372983,0.11076471954584122,1024128.5625
ssl_contrastive,31,72,110,0.2266040372478552,0.5151094667521122,0.5180674762951077,0.97539856235891,0.10999453067779541,1008241.25
ssl_contrastive,31,72,120,0.21794402973947902,0.5241413545883112,0.5272712892864551,0.9762302887208362,0.10494432598352432,982033.9375
ssl_contrastive,31,72,130,0.22461144823181148,0.5283827709599356,0.5317236096242394,0.9770822645199118,0.10709719359874725,976061.625
ssl_contrastive,31,72,140,0.1963190295542972,0.5263476764251662,0.5299542548801474,0.9763092303091739,0.10493757575750351,961493.6875
ssl_contrastive,31,72,150,0.20765064324404722,0.542365966211585,0.5460654200325802,0.9773691930422197,0.1108696311712265,941585.875
ssl_contrastive,31,72,160,0.19709614897730568,0.5424437842899382,0.5463709229660577,0.9773928467201527,0.10992024093866348,925577.875
ssl_contrastive,31,72,170,0.20707423200879152,0.5475369199280218,0.55164905140269,0.9779412104880534,0.1064276397228241,915102.4375
ssl_contrastive,31,72,180,0.17735372037875619,0.5376075254668249,0.5420335024688241,0.9776821831830713,0.09829647094011307,910308.3125
ssl_contrastive,31,72,190,0.2040115454675162,0.5503256396228813,0.5548552811641799,0.9783955946738444,0.10717734694480896,893632.0625
ssl_contrastive,31,72,200,0.19078680380603733,0.5520618528302199,0.5568032935995714,0.9782354546800824,0.11338257789611816,884414.5625
supervised_contrastive,1,42,10,0.09647855850165586,0.29389364417260117,0.294365710769788,0.880215014521759,0.06673742830753326,1633536.875
supervised_contrastive,1,42,20,0.16051420822805892,0.3833839822867479,0.3841772635771634,0.9325307114958554,0.09324464201927185,1403223.75
supervised_contrastive,1,42,30,0.2379927751012506,0.43726327989735664,0.43830399093654027,0.9559950220868947,0.10284657031297684,1288865.25
supervised_contrastive,1,42,40,0.24637375753898838,0.46461649659167575,0.46591000559848306,0.9628286355257433,0.10687999427318573,1214148.0
supervised_contrastive,1,42,50,0.2609737819808238,0.47723355934622963,0.47877442842403245,0.9681575369773897,0.10639963299036026,1172268.5
supervised_contrastive,1,42,60,0.27309231832657027,0.49919685932431135,0.50095291486474,0.9703655371159758,0.10999550670385361,1121603.375
supervised_contrastive,1,42,70,0.2396337923579776,0.5037918050317449,0.5057813356018732,0.9718604745510139,0.10623205453157425,1077692.25
supervised_contrastive,1,42,80,0.24346193702957994,0.5124919955234031,0.5146955381091283,0.9738461872446559,0.10051596164703369,1056152.75
supervised_contrastive,1,42,90,0.24616371308846297,0.5226213294852015,0.5250272475018196,0.9750783726933681,0.10753881931304932,1022124.625
supervised_contrastive,1,42,100,0.28562943764146176,0.5282412683852568,0.5308805899027457,0.97617705186477,0.10816668719053268,1023615.4375
supervised_contrastive,1,42,110,0.25372378720701855,0.5316123303501797,0.5344615153433364,0.9765184193060651,0.10056638717651367,993510.0625
supervised_contrastive,1,42,120,0.22823503888756067,0.5337651325580899,0.5368317936565389,0.9766495610724377,0.10657063126564026,970139.875
supervised_contrastive,1,42,130,0.2904672468883897,0.5490938758845183,0.5523011712924244,0.9784948205017586,0.11818825453519821,959913.875
supervised_contrastive,1,42,140,0.2643351396658148,0.544991044141987,0.5484510194915191,0.9783346346133963,0.1073245108127594,936978.9375
supervised_contrastive,1,42,150,0.2436231321870219,0.5573063576946105,0.5608976747487664,0.9782092162910321,0.11093401908874512,920459.8125
supervised_contrastive,1,42,160,0.24968344014292743,0.5595820316655504,0.5633710403740197,0.9787880539561826,0.11181118339300156,911508.0625
supervised_contrastive,1,42,170,0.22510475044857603,0.5565994364224329,0.5606415817661368,0.9781451143871892,0.10689003765583038,899385.6875
supervised_contrastive,1,42,180,0.24393536229532184,0.5568658149459836,0.5611244993594944,0.9789263063924823,0.10546586662530899,892640.9375
supervised_contrastive,1,42,190,0.21288141830010512,0.558956109437584,0.5634014570701699,0.9787193601860669,0.09829708933830261,880711.5
supervised_contrastive,1,42,200,0.21960994953153196,0.5655055134390208,0.5700974705867288,0.9791161088528748,0.10499289631843567,869025.6875
supervised_contrastive,2,43,10,0.09268690536855008,0.2884156895350338,0.28889196461091815,0.8758797051684134,0.06479709595441818,1637581.75
supervised_contrastive,2,43,20,0.16668410024488436,0.393845404221826,0.3946200305188064,0.9353039590398373,0.08283184468746185,1424563.375
supervised_contrastive,2,43,30,0.18284387543728373,0.4170735199704975,0.41815848948683365,0.9506018794043194,0.09722816199064255,1304255.0
supervised_contrastive,2,43,40,0.23832013817794925,0.45512926823001965,0.4564394110760285,0.9630197441042057,0.10361573845148087,1237995.375
supervised_contrastive,2,43,50,0.21263973155367247,0.47324080115423883,0.4747916985418777,0.9660663042637581,0.1074681431055069,1170464.0
supervised_contrastive,2,43,60,0.21243184040152294,0.4741596715438216,0.47599120576645854,0.9687248566824505,0.10179661959409714,1140400.625
supervised_contrastive,2,43,70,0.23219816731356543,0.48778857938186937,0.4898467324593473,0.9713183403001892,0.10052607208490372,1106040.375
supervised_contrastive,2,43,80,0.2601376391007519,0.5112835884667145,0.5135045163310111,0.9735756916302641,0.11231208592653275,1068167.75
supervised_contrastive,2,43,90,0.29809431384407403,0.5177345557571911,0.5201777900578314,0.9758232317277078,0.11981652677059174,1044322.625
supervised_contrastive,2,43,100,0.22464806647460725,0.5128597336951312,0.5155734729428058,0.9749808531820912,0.1061665266752243,1024674.1875
supervised_contrastive,2,43,110,0.22150230439159319,0.5185650268622681,0.5214979744737195,0.975220969388116,0.10759402066469193,1006379.9375
supervised_contrastive,2,43,120,0.2539386418635698,0.5229775423331302,0.5261355354301283,0.976503663722545,0.10156524926424026,993533.0625
supervised_contrastive,2,43,130,0.22429081584480218,0.5223618695210814,0.5257565117333259,0.9767646945439804,0.10248630493879318,982075.1875
supervised_contrastive,2,43,140,0.20623906240047124,0.5283750958519835,0.5319594635952675,0.9768604546253038,0.10071481019258499,961417.875
supervised_contrastive,2,43,150,0.2318648341481264,0.5358612912002477,0.5396360824192494,0.9776989502647143,0.1039099395275116,948755.6875
supervised_contrastive,2,43,160,0.21362450622548323,0.5423364129084759,0.5462712493821773,0.9777363151599103,0.10063298046588898,930366.9375
supervised_contrastive,2,43,170,0.22455818437929026,0.54702043518877,0.5511562599459845,0.9781227756306381,0.10675866901874542,920949.9375
supervised_contrastive,2,43,180,0.21180393085631935,0.5468616806417305,0.5512066845459713,0.9783387427670144,0.10109411925077438,909623.25
supervised_contrastive,2,43,190,0.1984026095717367,0.5561778606054352,0.560640083008106,0.9784857665300329,0.09965803474187851,896841.6875
supervised_contrastive,2,43,200,0.20281193836874112,0.554715233907617,0.5594269116163864,0.9786032676817056,0.09826131910085678,889188.4375
supervised_contrastive,3,44,10,0.07674188356340543,0.28299071124516423,0.28347463627026964,0.8693654595765791,0.06603622436523438,1676506.0
supervised_contrastive,3,44,20,0.19004453799938528,0.3736219988194677,0.3744197287054884,0.9392333240800136,0.0912463366985321,1455803.125
supervised_contrastive,3,44,30,0.19771713503302737,0.4100822326978519,0.4111772661919967,0.9521021017610465,0.10464847087860107,1328395.25
supervised_contrastive,3,44,40,0.21096351234038507,0.4442631153224781,0.4456019642454859,0.9609618870942426,0.11286091059446335,1245300.375
supervised_contrastive,3,44,50,0.19989341246619485,0.45693256212353517,0.4585348657912355,0.9651650982307018,0.10480200499296188,1185041.75
supervised_contrastive,3,44,60,0.2041837098843693,0.47179170985143976,0.4736431925074439,0.9674431722052952,0.1101338267326355,1139832.875
supervised_contrastive,3,44,70,0.21945620480928552,0.4847989674488285,0.48686956307740265,0.9708048719810669,0.09904277324676514,1107092.5
supervised_contrastive,3,44,80,0.22142331264040815,0.49172083722682053,0.494026848206425,0.9724915531828786,0.11376691609621048,1071423.75
supervised_contrastive,3,44,90,0.22870555364902811,0.5035665942404672,0.5060864069533999,0.9735628315759024,0.10609443485736847,1055305.0
supervised_contrastive,3,44,100,0.23686579262087462,0.5096314290701963,0.5123590127788403,0.9753232637571797,0.10864236205816269,1033073.5
supervised_contrastive,3,44,110,0.24367805043649737,0.5187286555533381,0.5216502342801614,0.9763044886105293,0.11624814569950104,1009376.8125
supervised_contrastive,3,44,120,0.2363503846626537,0.5192069340853545,0.522369984542516,0.9768492267636917,0.11104665696620941,1000399.8125
supervised_contrastive,3,44,130,0.22472618209931902,0.5243249083122047,0.5277046265925904,0.9767599870021867,0.10596548765897751,981213.9375
supervised_contrastive,3,44,140,0.22267005511927365,0.5311564403524219,0.5347328390106457,0.9768767739704941,0.0962405726313591,970383.875
supervised_contrastive,3,44,150,0.23288500796682188,0.5367824418050496,0.5405318548978132,0.9778965103210947,0.1132618859410286,947332.25
supervised_contrastive,3,44,160,0.20334295297777139,0.5329256124432599,0.5369417190070817,0.9774930820532083,0.10236704349517822,940517.6875
supervised_contrastive,3,44,170,0.21893722703988555,0.5427365163814145,0.5469030980590678,0.9780925751055728,0.0971723198890686,929145.0
supervised_contrastive,3,44,180,0.21904142940597704,0.5409522588348058,0.5453944689299297,0.9777842591713065,0.10560353100299835,924359.625
supervised_contrastive,3,44,190,0.20318566743951416,0.5438792373780768,0.548483728516399,0.978253387496312,0.09906475991010666,906378.0625
supervised_contrastive,3,44,200,0.1790678725285955,0.5478964522691934,0.5526658478137931,0.9780908363927471,0.09181302040815353,897881.25
supervised_contrastive,4,45,10,0.08933073444904699,0.2864838926024653,0.28696930593355585,0.8651319486136942,0.08289914578199387,1648464.875
supervised_contrastive,4,45,20,0.15480540076303187,0.36742558929868047,0.3682399227416755,0.930900883726781,0.09299050271511078,1452654.75
supervised_contrastive,4,45,30,0.19627947147606378,0.41453240448750545,0.41563074729653904,0.9491334412885021,0.10876428335905075,1319447.25
supervised_contrastive,4,45,40,0.2513123127089191,0.4474893262134216,0.4488235039140494,0.9628103653665947,0.11443755030632019,1247261.625
supervised_contrastive,4,45,50,0.27521786618712074,0.4698944250326196,0.47145804940606967,0.9683754293981193,0.11248902231454849,1199057.75
supervised_contrastive,4,45,60,0.23299829609205672,0.4817025718122024,0.48350588075138773,0.9698157142871301,0.10412824898958206,1139692.125
supervised_contrastive,4,45,70,0.21881837539390042,0.483026296290069,0.48510996136939577,0.9704966584586645,0.09540887176990509,1117840.125
supervised_contrastive,4,45,80,0.23147908239794449,0.4983640951521782,0.5006450959077411,0.972710098339855,0.10057957470417023,1081489.75
supervised_contrastive,4,45,90,0.23029257661138244,0.5056067394176008,0.5081020849475836,0.9742483434926346,0.10595046728849411,1053553.5
supervised_contrastive,4,45,100,0.22745648097548501,0.5108646721672514,0.5135933680959122,0.9747823237636726,0.0981019139289856,1042542.75
supervised_contrastive,4,45,110,0.25566153141557074,0.5182292908796532,0.5211702221615673,0.976081225289096,0.10457491129636765,1011710.3125
supervised_contrastive,4,45,120,0.21062199091585548,0.5136987663022649,0.5169002099932519,0.9760743105222073,0.0907740667462349,1001990.5625
supervised_contrastive,4,45,130,0.22017663418549646,0.531414511066586,0.5347310151355126,0.9768405738121759,0.10966567695140839,974371.8125
supervised_contrastive,4,45,140,0.2167293295507731,0.5319288810304861,0.535495816875537,0.9767951081091982,0.09935823082923889,960133.0
supervised_contrastive,4,45,150,0.2262909426997464,0.5365131799253823,0.5402741829814718,0.9776519816016085,0.09780918061733246,949120.0
supervised_contrastive,4,45,160,0.1871066548054248,0.5355929500728487,0.5395847522836934,0.9770323627105963,0.08955908566713333,939756.8125
supervised_contrastive,4,45,170,0.20240010265128128,0.5460853097197981,0.550205090419952,0.9779337277314689,0.09742816537618637,921987.5625
supervised_contrastive,4,45,180,0.19868686910796154,0.5448977052378172,0.5492507814459155,0.978217482131571,0.09969791024923325,913344.5
supervised_contrastive,4,45,190,0.19308833555669794,0.5487856652656743,0.553331122935112,0.9781810054318758,0.09552188962697983,903753.5625
supervised_contrastive,4,45,200,0.19913188240149637,0.5494788341523049,0.5542432860496812,0.9784101769494938,0.09579334408044815,901922.9375
supervised_contrastive,5,46,10,0.07736214204899433,0.26835814022522053,0.268844751703966,0.8829611277342753,0.06258468329906464,1619285.625
supervised_contrastive,5,46,20,0.1316550432301819,0.37425322531353283,0.375056280569709,0.9310681571617039,0.08954866975545883,1409741.0
supervised_contrastive,5,46,30,0.1764326926491306,0.4173256056455741,0.41840749548869055,0.9514294321159856,0.10077811032533646,1303115.5
supervised_contrastive,5,46,40,0.18952435763972542,0.4532011317592989,0.45452452777396285,0.9587021388570416,0.10624929517507553,1230915.75
supervised_contrastive,5,46,50,0.23250734923624017,0.46701934866362776,0.4685896258807931,0.9670646143504495,0.10857529193162918,1183812.75
supervised_contrastive,5,46,60,0.21451562357093965,0.4801204730278488,0.48193056942261153,0.9689672401521587,0.1090296283364296,1133676.875
supervised_contrastive,5,46,70,0.2154467836372799,0.49563109315294523,0.4976511127514513,0.9708178122042573,0.12031091004610062,1078457.75
supervised_contrastive,5,46,80,0.20449553416099556,0.5004457287109148,0.5027211478305667,0.9713420247897145,0.11453799158334732,1056149.875
supervised_contrastive,5,46,90,0.22394823787875492,0.5134734631325126,0.5159268196534265,0.9742478802623525,0.11750460416078568,1027803.3125
supervised_contrastive,5,46,100,0.22826293634592232,0.5211566670184649,0.5238248899745175,0.9747690957308657,0.1139213964343071,1004124.75
supervised_contrastive,5,46,110,0.2304637041454108,0.5243744421058192,0.5272643674782069,0.9759690055964764,0.11150112003087997,992141.5625
supervised_contrastive,5,46,120,0.2430314532175706,0.5361311485549037,0.5391924615644368,0.976380295867632,0.1147555410861969,974566.8125
supervised_contrastive,5,46,130,0.22109350464329416,0.5359610011980186,0.5392597577332868,0.976457964027532,0.10536475479602814,957927.9375
supervised_contrastive,5,46,140,0.2078285811922001,0.5386430615678182,0.5421343514168923,0.97719938079078,0.10807386785745621,936032.8125
supervised_contrastive,5,46,150,0.19755404499732368,0.5388304800836635,0.5425553773954195,0.9770718746162327,0.10756496340036392,933075.875
supervised_contrastive,5,46,160,0.18127838027124646,0.5445090685147121,0.5484271342950524,0.97659686444629,0.107936792075634,911982.625
supervised_contrastive,5,46,170,0.1890010604374446,0.5503630983939981,0.5544553089205762,0.9772439428631163,0.10581780970096588,903082.0625
supervised_contrastive,5,46,180,0.19771142307146738,0.555556461220182,0.5598189663683247,0.9779637972632503,0.10651950538158417,893606.375
supervised_contrastive,5,46,190,0.19080651050889982,0.5560435212785554,0.5605070055783952,0.9782254775343627,0.10916118323802948,876034.625
supervised_contrastive,5,46,200,0.19071239029255424,0.5571752365804198,0.5618437100153765,0.978501294633533,0.10279897600412369,869992.8125
supervised_contrastive,6,47,10,0.09677773732260281,0.2802572768888485,0.2807379542945946,0.8832130427260454,0.06135987117886543,1602983.125
supervised_contrastive,6,47,20,0.1840904442085718,0.38100755633242106,0.3817934611435921,0.9403859602184103,0.0828038677573204,1403829.125
supervised_contrastive,6,47,30,0.2272435891663061,0.4263854545846832,0.427445879646766,0.9552794070684176,0.10553215444087982,1282858.25
supervised_contrastive,6,47,40,0.2633945746565271,0.4497458420604685,0.45106517622301295,0.9647101321459819,0.11024702340364456,1211640.75
supervised_contrastive,6,47,50,0.26975361475800863,0.47195003524781876,0.47351214064400127,0.967567449148903,0.10598135739564896,1156365.875
supervised_contrastive,6,47,60,0.24576923008748905,0.4839491905668694,0.4857476930276848,0.9698579018127531,0.10004352778196335,1125204.125
supervised_contrastive,6,47,70,0.21021509928124518,0.4860235265267076,0.48809086746251906,0.9702496182716176,0.10107236355543137,1086796.625
supervised_contrastive,6,47,80,0.2578985512570941,0.5028213264644579,0.5050666318511975,0.9745377473302349,0.10355306416749954,1051105.125
supervised_contrastive,6,47,90,0.242946481758235,0.5101113277896047,0.5125875052034842,0.9745801474265005,0.10601236671209335,1028293.375
supervised_contrastive,6,47,100,0.22363651109303434,0.5060546484790747,0.5087953428778736,0.9752193826791455,0.10320273786783218,1009223.0625
supervised_contrastive,6,47,110,0.21776937204987745,0.5173117587704428,0.5202422594753686,0.9756077728358826,0.10748874396085739,979072.3125
supervised_contrastive,6,47,120,0.23316223285719445,0.5248774441635009,0.5280045246651699,0.9766553969640859,0.1085091084241867,965713.75
supervised_contrastive,6,47,130,0.21536385162777777,0.5295821094804526,0.5329272469864346,0.9762665531433327,0.10340519994497299,956915.0625
supervised_contrastive,6,47,140,0.2307113237816755,0.5321385544110749,0.535694998763587,0.9775130494322384,0.09946791082620621,941774.6875
supervised_contrastive,6,47,150,0.22442601168797086,0.5405163665996983,0.5442380539601362,0.9776157814432903,0.10019559413194656,924666.6875
supervised_contrastive,6,47,160,0.21393166123406546,0.5423452401242953,0.546288058466586,0.9776802287304106,0.10060600936412811,915623.3125
supervised_contrastive,6,47,170,0.20816832342880193,0.5489368031117253,0.5530346167244429,0.9779722849472539,0.09905257821083069,905172.0625
supervised_contrastive,6,47,180,0.20762193393703998,0.5536319092422718,0.557905777826685,0.9783323208682251,0.10335489362478256,885310.75
supervised_contrastive,6,47,190,0.20318212062567392,0.553455079389602,0.5579523954650659,0.9784302317160686,0.10600525885820389,880988.875
supervised_contrastive,6,47,200,0.19707973542385726,0.5515641589727303,0.5563040455926861,0.9784227473161992,0.09832736104726791,873647.0
supervised_contrastive,7,48,10,0.08340865394434029,0.2841177725626977,0.28459784937518884,0.8741892367817422,0.06995567679405212,1633199.125
supervised_contrastive,7,48,20,0.1687639890993461,0.37062081230053695,0.37142626418374103,0.9349138907957504,0.08114787936210632,1449480.0
supervised_contrastive,7,48,30,0.16698794482576296,0.41381616161162527,0.41491357450559574,0.9475171643403444,0.09574518352746964,1327095.125
supervised_contrastive,7,48,40,0.25193258326356044,0.45933691570765045,0.46063739486249716,0.963186124883283,0.10639671981334686,1233860.25
supervised_contrastive,7,48,50,0.21447085144159284,0.47428375661836175,0.47583932092085296,0.9647855456602793,0.10447365790605545,1170183.625
supervised_contrastive,7,48,60,0.26147480218783475,0.4917453992165395,0.49351617600821346,0.9706785810744087,0.11253227293491364,1140997.375
supervised_contrastive,7,48,70,0.24088295791818254,0.49966858860031,0.5016778705235584,0.9717198355954965,0.11131724715232849,1090828.875
supervised_contrastive,7,48,80,0.22346711735806254,0.5094135022947437,0.5116402503896681,0.9725104973822893,0.10752707719802856,1062636.25
supervised_contrastive,7,48,90,0.23104922482848464,0.5080431711909122,0.5105248266970717,0.9744952146560893,0.10379356890916824,1048413.125
supervised_contrastive,7,48,100,0.23713604828151416,0.5181279273422928,0.5208069771602,0.9754979471159517,0.10631328076124191,1024670.1875
supervised_contrastive,7,48,110,0.232748505621499,0.5270069628562255,0.529887797366583,0.9758454885547678,0.11234255135059357,995704.5625
supervised_contrastive,7,48,120,0.2055220735930026,0.5269275358196588,0.5300447668358528,0.9756757435019436,0.09487270563840866,982854.0
supervised_contrastive,7,48,130,0.23392661755057342,0.5365532634241261,0.5398397364463506,0.977262339789959,0.104469433426857,973265.5625
supervised_contrastive,7,48,140,0.21011193751681426,0.5345247412909954,0.5380570528287741,0.9769597115582541,0.10676228255033493,955457.6875
supervised_contrastive,7,48,150,0.20220734966515735,0.5402133417601421,0.5439359858278363,0.9770438478636764,0.10435444116592407,937366.3125
supervised_contrastive,7,48,160,0.21149063700530835,0.5443419963249088,0.5482500828603671,0.9779113426694962,0.11077503859996796,920968.3125
supervised_contrastive,7,48,170,0.1874481549921762,0.5454526396649473,0.5495907116855293,0.9773136386849025,0.10024593770503998,917309.4375
supervised_contrastive,7,48,180,0.2070821683308353,0.5517597592617676,0.5560695529401509,0.9780713211518257,0.10496867448091507,905538.5625
supervised_contrastive,7,48,190,0.20902370374711268,0.55276005746086,0.5572699024260216,0.9785435375613335,0.10655426979064941,894499.625
supervised_contrastive,7,48,200,0.20378490279005662,0.5528473344282574,0.5575819890376603,0.9785446023512746,0.10050617158412933,882661.5625
supervised_contrastive,8,49,10,0.10668583482474586,0.2832311791120451,0.28370746214905007,0.888656849056564,0.0693572387099266,1604760.75
supervised_contrastive,8,49,20,0.16257416442356662,0.37660375511080996,0.377402057068455,0.9346109834403635,0.09007878601551056,1427251.375
supervised_contrastive,8,49,30,0.21169380936587331,0.41145038797933714,0.4125423243935396,0.9537575625447433,0.10058017075061798,1306840.875
supervised_contrastive,8,49,40,0.22008035329621456,0.4461769251891229,0.4475097697379796,0.961545318503706,0.102909155189991,1229243.375
supervised_contrastive,8,49,50,0.26159679854023143,0.4758059529555927,0.4773553798357697,0.9674175299765393,0.11154912412166595,1172677.5
supervised_contrastive,8,49,60,0.22845159479669605,0.4806814346504671,0.4824909515730774,0.9694398613379561,0.10027153044939041,1130667.75
supervised_contrastive,8,49,70,0.23527433065604436,0.4879804473465027,0.490037329326098,0.9714227280381782,0.100638248026371,1097715.625
supervised_contrastive,8,49,80,0.24156599982236096,0.5033975178175897,0.5056423471940503,0.9737683698979602,0.10607560724020004,1061980.25
supervised_contrastive,8,49,90,0.24236659772281044,0.5123952482019609,0.5148686861305287,0.9740404248723661,0.10658285021781921,1039941.9375
supervised_contrastive,8,49,100,0.21754264562860068,0.5199295718045471,0.5226054903911457,0.9745423958311489,0.09856058657169342,1015826.875
supervised_contrastive,8,49,110,0.2729091956095167,0.5223115771117081,0.5252262034962427,0.9766685481733227,0.10325408726930618,1004348.125
supervised_contrastive,8,49,120,0.2095928335237732,0.5241915886371855,0.5273251352718658,0.9757409207597022,0.10088326781988144,980810.4375
supervised_contrastive,8,49,130,0.20882990166804632,0.5311963171333681,0.5345224029888961,0.9764276488246547,0.09349080920219421,969870.1875
supervised_contrastive,8,49,140,0.22579212148061636,0.5355945682361279,0.539119414129345,0.9775359501335443,0.10214019566774368,956813.125
supervised_contrastive,8,49,150,0.20572476469671203,0.5394839187803826,0.543203593515647,0.9773926718863747,0.10615736991167068,935699.5
supervised_contrastive,8,49,160,0.22506413290562802,0.5425879326396709,0.5465242552192342,0.9780241442610447,0.10142730921506882,928626.5625
supervised_contrastive,8,49,170,0.20946283309401112,0.5481684370434728,0.5522547148629523,0.9784621069832252,0.10536008328199387,906679.6875
supervised_contrastive,8,49,180,0.2359480302546662,0.5569428804501771,0.5612008087896133,0.9788263501244199,0.1083308607339859,905241.4375
supervised_contrastive,8,49,190,0.2087045136600704,0.5573061791178385,0.5617674786153453,0.9785537745808259,0.10232352465391159,895835.6875
supervised_contrastive,8,49,200,0.20690247221539773,0.5578602868105176,0.5625479189832285,0.9784229999125673,0.10169050097465515,880906.875
supervised_contrastive,9,50,10,0.098486064661072,0.28261215801191736,0.28309024068327665,0.8833727477775015,0.06947778165340424,1644338.375
supervised_contrastive,9,50,20,0.18796552135811867,0.3983487140569849,0.39911658909121694,0.9377180054515887,0.09763415157794952,1413982.25
supervised_contrastive,9,50,30,0.20917581874598132,0.4298937341870921,0.4309563375781967,0.9516466171025559,0.10434487462043762,1308545.875
supervised_contrastive,9,50,40,0.23857498936433696,0.4427072697734682,0.44404729649941305,0.9627973867609635,0.1018393486738205,1234910.25
supervised_contrastive,9,50,50,0.2319795838868593,0.4654507591698654,0.4670265600256895,0.9668909345692553,0.10455905646085739,1170705.375
supervised_contrastive,9,50,60,0.25082007547055535,0.4806258084564512,0.4824401026321826,0.9699773921021361,0.10389743745326996,1141129.75
supervised_contrastive,9,50,70,0.24050601826050802,0.483585106812794,0.4856632684504372,0.9715239513962936,0.10378487408161163,1105366.125
supervised_contrastive,9,50,80,0.23165163917208287,0.49237979537563886,0.49466593369167083,0.9728337094009366,0.11062604933977127,1061717.75
supervised_contrastive,9,50,90,0.23905097755105417,0.50985201503524,0.5123313892050383,0.9743074491060473,0.11321061849594116,1029914.5625
supervised_contrastive,9,50,100,0.23690305344051973,0.5165731139238716,0.5192698947901856,0.9749811770852871,0.11409683525562286,1007962.0625
supervised_contrastive,9,50,110,0.22729900019559215,0.5195352313193128,0.5224583959600215,0.9756117815707629,0.1083492562174797,992152.9375
supervised_contrastive,9,50,120,0.23163577353329348,0.5269734515923854,0.5300904824767768,0.9763277466089285,0.11750143766403198,969475.25
supervised_contrastive,9,50,130,0.24335896082484024,0.5331260678045256,0.5364398462926054,0.9772170617149063,0.10813259333372116,954440.875
supervised_contrastive,9,50,140,0.23845199088216962,0.5328737695002169,0.5364383298822036,0.9772667698513557,0.10700959712266922,949909.125
supervised_contrastive,9,50,150,0.20735542787557526,0.5292138892650359,0.5330369788682141,0.9770181597403202,0.10815217345952988,928797.8125
supervised_contrastive,9,50,160,0.21464856598187754,0.5387502310946641,0.5427345009082117,0.9774619349960274,0.09808097779750824,925426.4375
supervised_contrastive,9,50,170,0.2180826048707486,0.542469270279981,0.5466420297877215,0.9779326736815684,0.09786515682935715,909407.125
supervised_contrastive,9,50,180,0.20549417381322202,0.5475282677952175,0.5518697282387073,0.978089631101945,0.09927166998386383,893091.3125
supervised_contrastive,9,50,190,0.19697830361095922,0.5463289822089675,0.5508937026452696,0.9783502764556885,0.09730929136276245,888313.375
supervised_contrastive,9,50,200,0.19443185758670647,0.5527778486605909,0.5574899189469465,0.9786602343837251,0.09063734114170074,876114.875
supervised_contrastive,10,51,10,0.1008221016068261,0.2859185945205985,0.28639734166421965,0.8774392708866683,0.06268279999494553,1665527.625
supervised_contrastive,10,51,20,0.14170354053768064,0.36641702028853246,0.36723786819128357,0.9272454754111764,0.0902603268623352,1444556.0
supervised_contrastive,10,51,30,0.2256689260635565,0.44381836631994215,0.4448468027837961,0.955359337444769,0.10832958668470383,1302097.125
supervised_contrastive,10,51,40,0.2565081124850923,0.4702314668406002,0.47150593972734023,0.9635177923658116,0.12278598546981812,1223905.125
supervised_contrastive,10,51,50,0.27708501596098933,0.4834081177046351,0.4849334770696719,0.9682622520225221,0.12232685834169388,1175277.25
supervised_contrastive,10,51,60,0.27284807981984865,0.4960252199517392,0.497781865301616,0.9708068863549384,0.1137029156088829,1133530.75
supervised_contrastive,10,51,70,0.300331170236992,0.5123805658575676,0.5143331570407471,0.9740822482343126,0.11899233609437943,1088777.0
supervised_contrastive,10,51,80,0.2343340294097206,0.5054649703009582,0.5077055989826499,0.973248890794723,0.09676282852888107,1068794.625
supervised_contrastive,10,51,90,0.23619558499675103,0.5092212070971978,0.5117087362344214,0.9739641265078266,0.10174348950386047,1043718.125
supervised_contrastive,10,51,100,0.21797114685603727,0.520549260620379,0.5232307164214809,0.9738865419207026,0.10081829875707626,1018275.625
supervised_contrastive,10,51,110,0.22201351055866203,0.5252681227224408,0.5281503141910417,0.9755948451720841,0.09858810156583786,1005246.1875
supervised_contrastive,10,51,120,0.2207341836932689,0.5281400471409491,0.5312486003963411,0.9760794923864562,0.09762031584978104,983803.8125
supervised_contrastive,10,51,130,0.23297896835625115,0.5326707087030309,0.535987204758573,0.9769781444612988,0.10115468502044678,972830.6875
supervised_contrastive,10,51,140,0.2190088239439918,0.5394970610920254,0.5429824714441385,0.9774495730917523,0.09385672956705093,956473.375
supervised_contrastive,10,51,150,0.250031896648454,0.5451127414530781,0.5488096178642218,0.9780031435492419,0.1009552851319313,948036.1875
supervised_contrastive,10,51,160,0.23839358934616034,0.5466532698168654,0.5505599917142707,0.9781769491004215,0.10058983415365219,931826.25
supervised_contrastive,10,51,170,0.18648789137479982,0.5459166616218006,0.5500382631300693,0.9775345935431519,0.09566362202167511,913688.3125
supervised_contrastive,10,51,180,0.19251322767490772,0.5455643232898196,0.5499281617525513,0.9776153033060665,0.09320924431085587,906895.8125
supervised_contrastive,10,51,190,0.19170987978247772,0.5566729901288548,0.5611364791511927,0.9780297488016513,0.09671353548765182,889651.5625
supervised_contrastive,10,51,200,0.201708039466092,0.5565517029066078,0.561241755021026,0.9785856368190806,0.09447014331817627,883401.375
supervised_contrastive,11,52,10,0.09439611118853455,0.3038329130485599,0.30430126444195815,0.8715999206519451,0.07306092232465744,1620860.0
supervised_contrastive,11,52,20,0.1613900904863258,0.37826189187442844,0.37905498325306203,0.9363014254170985,0.09533502161502838,1409066.375
supervised_contrastive,11,52,30,0.18390244332905956,0.4289146194927928,0.42998383737325263,0.9480455905430986,0.09675934165716171,1303212.25
supervised_contrastive,11,52,40,0.21105230467386618,0.438457157181511,0.43981017799747674,0.9608323131390638,0.09733913838863373,1232133.0
supervised_contrastive,11,52,50,0.17672084825364626,0.44690691715719727,0.44855211249060833,0.9626507749929506,0.09044507145881653,1183877.0
supervised_contrastive,11,52,60,0.20106738941148591,0.4679927690329877,0.4698549190962504,0.9676248626483552,0.0992603674530983,1133448.875
supervised_contrastive,11,52,70,0.24427906766287433,0.4896381432532129,0.4916996115184223,0.9707977535642253,0.10790996253490448,1098866.5
supervised_contrastive,11,52,80,0.23923823864314067,0.5014750393409573,0.5037370485558516,0.9733051877994477,0.11325815320014954,1053514.875
supervised_contrastive,11,52,90,0.2074509595997209,0.499368924558944,0.5019046111569496,0.9731352984309941,0.10854074358940125,1029661.875
supervised_contrastive,11,52,100,0.21477272995148325,0.5117702819545915,0.5144950527959156,0.9742458982259807,0.10270706564188004,1011661.625
supervised_contrastive,11,52,110,0.21578662903102638,0.5153675731146803,0.5183231563242198,0.9752698564103028,0.11215268820524216,985576.8125
supervised_contrastive,11,52,120,0.21148234875144203,0.5248534655668633,0.5279854681155843,0.9759993037209284,0.10927029699087143,968038.25
supervised_contrastive,11,52,130,0.2101334683878166,0.5305058490643731,0.5338341625479004,0.9765029742471424,0.10641302168369293,953544.25
supervised_contrastive,11,52,140,0.20514988116121666,0.5236648932231114,0.5272804759861068,0.9768700351524697,0.09806119650602341,951324.3125
supervised_contrastive,11,52,150,0.20901732172878204,0.5388865095227077,0.5426162632210214,0.977397898940959,0.10567692667245865,929378.125
supervised_contrastive,11,52,160,0.22659390277280003,0.5448152974426439,0.5487407069282485,0.9777986198969352,0.11153637617826462,920816.875
supervised_contrastive,11,52,170,0.20932121978626483,0.5439836247987309,0.5481283137786361,0.9780440661562957,0.10442399978637695,904869.4375
supervised_contrastive,11,52,180,0.18782780800326432,0.5462445686584336,0.5505658605257507,0.9782647250471928,0.09676814079284668,891447.4375
supervised_contrastive,11,52,190,0.20427962729986193,0.5493174714856378,0.5538647534980565,0.978262957987702,0.10281943529844284,884344.8125
supervised_contrastive,11,52,200,0.1921064024024598,0.5528960126368178,0.5576130962562953,0.9784034209356665,0.09955340623855591,872705.5
supervised_contrastive,12,53,10,0.09858885519546641,0.27118959722282454,0.2716755931691655,0.8837371335910408,0.06472058594226837,1620312.25
supervised_contrastive,12,53,20,0.16671346205430404,0.37361732792768093,0.374423296783106,0.9330566431334081,0.0845336765050888,1410494.875
supervised_contrastive,12,53,30,0.2285818578444068,0.4232874087300831,0.4243584002604437,0.9537087485900468,0.10144780576229095,1306421.25
supervised_contrastive,12,53,40,0.19037950741809279,0.43807030058208757,0.4394373421922675,0.9570279668095718,0.09453672915697098,1233899.0
supervised_contrastive,12,53,50,0.2035646945026683,0.4610685146025642,0.4626579871944356,0.9648984773060917,0.10667296499013901,1170200.0
supervised_contrastive,12,53,60,0.18981524157219617,0.4702031512311146,0.47205838264784,0.9665989177912504,0.09893705695867538,1127900.375
supervised_contrastive,12,53,70,0.23237544272611477,0.4918420472034014,0.49389394494545263,0.9706948728945766,0.11178369075059891,1088871.25
supervised_contrastive,12,53,80,0.22610419066640142,0.4955610392905795,0.4978415134672402,0.9732277286888653,0.0985989049077034,1065486.625
supervised_contrastive,12,53,90,0.22415647176520512,0.4913775922591249,0.4939600041277512,0.9733178471969827,0.09351687133312225,1046577.5
supervised_contrastive,12,53,100,0.22562541938537828,0.5103187874476909,0.5130452862208925,0.9749216117042285,0.09946078062057495,1017178.4375
supervised_contrastive,12,53,110,0.2347760191640142,0.5236555096399781,0.5265637873134941,0.9756045049877475,0.11133752763271332,991766.0
supervised_contrastive,12,53,120,0.21977423780117958,0.5197812308970667,0.5229393400656183,0.9762546829333819,0.10171790421009064,975714.0
supervised_contrastive,12,53,130,0.20852162871695973,0.5271154615470692,0.5304717436115903,0.9762334057975797,0.09879972785711288,956603.875
supervised_contrastive,12,53,140,0.1961656520607923,0.5306018066271788,0.5341617680496675,0.9767491157920916,0.09552786499261856,940496.6875
supervised_contrastive,12,53,150,0.22175168811811316,0.5335072231978961,0.5372860330340016,0.977736640530325,0.10486408323049545,940644.375
supervised_contrastive,12,53,160,0.20570786270009317,0.5394040548975978,0.5433726621587226,0.9774598582947064,0.10954546928405762,916518.5
supervised_contrastive,12,53,170,0.20549941448903117,0.5434048419430287,0.547558384259248,0.9778927202017978,0.1006060317158699,908443.875
supervised_contrastive,12,53,180,0.18253969032925402,0.5367743860438071,0.5412071365119,0.977738461407397,0.09853145480155945,896020.75
supervised_contrastive,12,53,190,0.20678076800940734,0.551157082223343,0.5556826532083989,0.9784158526208621,0.10431346297264099,891187.5625
supervised_contrastive,12,53,200,0.1987466686589272,0.5524496264591244,0.5571811849554942,0.9785475628464405,0.09463971853256226,877786.125
supervised_contrastive,13,54,10,0.094457187133562,0.29983954552878234,0.30030799138021064,0.8791761205207741,0.07558563351631165,1641353.875
supervised_contrastive,13,54,20,0.14467239587958994,0.3721991396244011,0.3730120407875933,0.9257035618595617,0.08839336037635803,1448638.125
supervised_contrastive,13,54,30,0.17604975153368038,0.4075764403620179,0.40867449969520486,0.9514037784429241,0.0970727875828743,1322085.0
supervised_contrastive,13,54,40,0.19906480400528645,0.4409811596112354,0.44233628466836417,0.9584679442869246,0.11434546113014221,1231323.0
supervised_contrastive,13,54,50,0.1968217262317992,0.46591552720300544,0.4674966588318174,0.9639895252387308,0.10960913449525833,1171260.0
supervised_contrastive,13,54,60,0.21270468440185478,0.4776638906288806,0.47948493496140754,0.9687320228719323,0.11008374392986298,1127617.875
supervised_contrastive,13,54,70,0.2335005388881145,0.49204895100439705,0.49410135265543365,0.9704685306440854,0.11779212951660156,1095783.5
supervised_contrastive,13,54,80,0.2157165706742615,0.492892117667327,0.4951981887487373,0.9720124044585468,0.10041975229978561,1072262.125
supervised_contrastive,13,54,90,0.27733994550072383,0.512276590131486,0.5147469308181971,0.975248686440153,0.11676843464374542,1045945.375
supervised_contrastive,13,54,100,0.23031578745657547,0.5090898952689094,0.5118230880903999,0.9749224738419254,0.10055210441350937,1033900.125
supervised_contrastive,13,54,110,0.21125143117649267,0.5183997195409886,0.5213389140146305,0.9745813278919625,0.10233460366725922,1008099.5
supervised_contrastive,13,54,120,0.20252586122682856,0.5208895106575601,0.5240479436127933,0.9754689213048512,0.10376600176095963,992463.5
supervised_contrastive,13,54,130,0.2303535422346843,0.527486701953042,0.5308439110642187,0.9768148093347596,0.10579652339220047,973189.3125
supervised_contrastive,13,54,140,0.2732257975168105,0.54215145632657,0.545646647329363,0.9780930743120568,0.10937471687793732,960208.3125
supervised_contrastive,13,54,150,0.2322465311722299,0.5404771941714934,0.5442081466117827,0.9775794734150546,0.1054777204990387,939682.1875
supervised_contrastive,13,54,160,0.19578873710378347,0.5421974248500008,0.5461301707285653,0.9772900590721685,0.10155642777681351,926623.6875
supervised_contrastive,13,54,170,0.1803828675096689,0.5371423111478876,0.5413659875209333,0.9768507302520184,0.09412851929664612,918892.5
supervised_contrastive,13,54,180,0.20454947917165264,0.5459022735122806,0.5502588497986489,0.9781105672561258,0.10098657757043839,911246.4375
supervised_contrastive,13,54,190,0.19193659595761414,0.5499053308507003,0.5544448594391403,0.9780724938116844,0.10498163849115372,894233.6875
supervised_contrastive,13,54,200,0.23038534760214582,0.5591116926381011,0.5637787355900474,0.9791239045965484,0.10809754580259323,879862.4375
supervised_contrastive,14,55,10,0.08901148148991112,0.30130625526360105,0.3017746400487867,0.8742966584932087,0.0676872506737709,1578887.75
supervised_contrastive,14,55,20,0.14920215780812285,0.3671888184419793,0.3680012030136247,0.9327624188368643,0.08571180701255798,1395187.375
supervised_contrastive,14,55,30,0.17474619456438853,0.4182904939070273,0.4193740248401909,0.9500215853779062,0.08570314943790436,1291857.125
supervised_contrastive,14,55,40,0.22866837835742101,0.44941596005781975,0.4507498983425748,0.9604078653789755,0.10474638640880585,1216617.125
supervised_contrastive,14,55,50,0.2277222759301355,0.4729433351286979,0.4745045293143796,0.9655753198971476,0.10684657841920853,1152413.625
supervised_contrastive,14,55,60,0.23496439657890153,0.4789990094186164,0.48081660528097425,0.9693980501245805,0.10831485688686371,1111779.25
supervised_contrastive,14,55,70,0.27512778863276227,0.4968997639484418,0.4989199691946527,0.9729446508526414,0.10639408975839615,1079562.5
supervised_contrastive,14,55,80,0.24515889677941435,0.5019266934799884,0.5041930452146169,0.9727942663372008,0.10981704294681549,1043999.375
supervised_contrastive,14,55,90,0.21411746207444535,0.5104628027053804,0.5129430247566747,0.9729925379359528,0.09509872645139694,1038437.0625
supervised_contrastive,14,55,100,0.22438643803805625,0.5159422028440205,0.5186384610326543,0.9749978487390272,0.09586576372385025,1000616.0625
supervised_contrastive,14,55,110,0.22082615740890635,0.5264162431547115,0.5292943943871866,0.9755262206546901,0.1000613272190094,980793.625
supervised_contrastive,14,55,120,0.24912491571390305,0.5338367406170459,0.5369168075034362,0.976684139367226,0.09479501098394394,980004.3125
supervised_contrastive,14,55,130,0.20596512808476738,0.5268696376610987,0.5302263772083916,0.9763258293062449,0.0985395759344101,952797.5
supervised_contrastive,14,55,140,0.19564809938649036,0.5300771522561614,0.533647554833372,0.9765968365104463,0.09201937168836594,950332.1875
supervised_contrastive,14,55,150,0.22319842728973716,0.545666933046444,0.5493561734837855,0.9774143305577228,0.09821463376283646,925448.6875
supervised_contrastive,14,55,160,0.2259889134275052,0.5487841364728492,0.5526712818181198,0.9779331548119183,0.11285100132226944,911364.8125
supervised_contrastive,14,55,170,0.2165638304901535,0.5493426443297906,0.5534365286652771,0.9783608207107728,0.1035413071513176,901738.25
supervised_contrastive,14,55,180,0.20047374781076208,0.549665564784567,0.5539696947832844,0.9782926743306025,0.09734497964382172,893346.0
supervised_contrastive,14,55,190,0.2037826842585307,0.5590554482534602,0.5634960616035155,0.9784958155107794,0.09842033684253693,878956.125
supervised_contrastive,14,55,200,0.19030006799390012,0.5568234103490657,0.5615060270049044,0.9784129346163493,0.09687773883342743,871954.625
supervised_contrastive,15,56,10,0.09388454205675258,0.28920950533163653,0.2896819778126305,0.886481604281588,0.06580402702093124,1638954.625
supervised_contrastive,15,56,20,0.17917028509452274,0.38436025705478344,0.3851436442855426,0.93912033579956,0.08441870659589767,1443163.625
supervised_contrastive,15,56,30,0.21054071710003883,0.415470779725825,0.41655194889191444,0.9547289415977895,0.09661056846380234,1324716.875
supervised_contrastive,15,56,40,0.22930071067121918,0.4584974619537765,0.4597979859622101,0.9624724590941681,0.09679397940635681,1244552.375
supervised_contrastive,15,56,50,0.24329730677568398,0.4642942170145807,0.46586756097859816,0.9679355945049017,0.10135306417942047,1192976.625
supervised_contrastive,15,56,60,0.22661657963540685,0.4883522731776284,0.490135836069096,0.9691795532684431,0.09895160049200058,1140893.875
supervised_contrastive,15,56,70,0.24138655313035456,0.4987697821709971,0.5007883159133452,0.9711723358433326,0.10385832190513611,1100535.875
supervised_contrastive,15,56,80,0.25992737560845103,0.5090607928677113,0.5112808483735843,0.9742611686271917,0.10358569025993347,1075811.0
supervised_contrastive,15,56,90,0.19946292232149154,0.5057135350520074,0.5082081511019457,0.9731035814473888,0.09916464239358902,1048408.0625
supervised_contrastive,15,56,100,0.2362738707950617,0.5193603110343806,0.5220247138876509,0.9758511090587135,0.09757167100906372,1033360.0625
supervised_contrastive,15,56,110,0.2375891529934534,0.524174638247571,0.5270648680791082,0.9761028303189291,0.10067737102508545,1014164.75
supervised_contrastive,15,56,120,0.24262602232271452,0.5209521276801412,0.5241179405601898,0.9763913331668819,0.09917239099740982,996110.375
supervised_contrastive,15,56,130,0.23909299935440909,0.5334320312096021,0.5367467177864264,0.9770744285744464,0.10427061468362808,970197.8125
supervised_contrastive,15,56,140,0.23632560701171373,0.5407449973179616,0.5442287164940369,0.9777622875715581,0.09887521713972092,959092.6875
supervised_contrastive,15,56,150,0.20514844845404812,0.5418729706855664,0.5455684924816727,0.9775012556350365,0.09840121120214462,943701.3125
supervised_contrastive,15,56,160,0.20729158331707612,0.5438168179078141,0.5477214147356058,0.9780221241356759,0.09463836997747421,938872.25
supervised_contrastive,15,56,170,0.2241293173620728,0.5466980736926396,0.5508188450585473,0.9782923576461224,0.09848812222480774,925592.4375
supervised_contrastive,15,56,180,0.19647545103264713,0.5467344770434733,0.551065248275253,0.9782285429650086,0.09850418567657471,907383.0625
supervised_contrastive,15,56,190,0.20961147250614803,0.5521796099672609,0.5566993013184812,0.9784896005485128,0.09463153034448624,903093.8125
supervised_contrastive,15,56,200,0.1915600256289541,0.5555965163290929,0.5602896686215866,0.9783627494577621,0.1006237268447876,893539.5
supervised_contrastive,16,57,10,0.09949418398853867,0.28909214427725755,0.2895653403998678,0.8863060692904048,0.05630773305892944,1618725.125
supervised_contrastive,16,57,20,0.16219367906016055,0.38929432646016443,0.390078736502225,0.9328166917253855,0.08732467889785767,1408755.25
supervised_contrastive,16,57,30,0.20858346282510293,0.43479279929321024,0.435841842189441,0.9528084921409209,0.10517655313014984,1290351.5
supervised_contrastive,16,57,40,0.20391722999981077,0.44394485994226696,0.44529648933475485,0.9584502246869139,0.11116412281990051,1217796.0
supervised_contrastive,16,57,50,0.21966893633002327,0.46017849222181395,0.4617779478545792,0.9651423920239042,0.10212069749832153,1175003.0
supervised_contrastive,16,57,60,0.23357281380759595,0.4824564568307195,0.48427576014586393,0.9681941987813938,0.10569089651107788,1129995.75
supervised_contrastive,16,57,70,0.27643423653264376,0.4967717562848033,0.4987918376146095,0.972951294653584,0.11479749530553818,1095503.25
supervised_contrastive,16,57,80,0.24450021838410527,0.5076292208624121,0.5098629064132565,0.9733556229134094,0.10154735296964645,1057171.875
supervised_contrastive,16,57,90,0.25473447829392715,0.5107224401195638,0.5131974894844177,0.9747950661470961,0.10827715694904327,1039608.4375
supervised_contrastive,16,57,100,0.22781264634859705,0.5128640975901688,0.5155806002503133,0.9747076452672456,0.10082627832889557,1008246.125
supervised_contrastive,16,57,110,0.2262560375067575,0.5213080161650641,0.524227260109128,0.9753410512013823,0.10463863611221313,991981.875
supervised_contrastive,16,57,120,0.24150912972853425,0.5284373653239457,0.5315392052466177,0.9770294604933565,0.11651328206062317,965203.375
supervised_contrastive,16,57,130,0.23727184434777993,0.5305331883727554,0.5338749436458615,0.976863714785213,0.10456064343452454,959140.75
supervised_contrastive,16,57,140,0.21021771759764768,0.5303250150033652,0.5338830670780268,0.9771875755492724,0.10472128540277481,938971.5625
supervised_contrastive,16,57,150,0.20400348559872372,0.537096949428592,0.5408468553710062,0.9769269392922847,0.10415932536125183,929528.8125
supervised_contrastive,16,57,160,0.21894158323863464,0.5440778621896931,0.5479990361342667,0.9778378340745567,0.10557668656110764,917163.0625
supervised_contrastive,16,57,170,0.21286400406165004,0.5460408794289277,0.5501770624929788,0.977912547549477,0.11005600541830063,905893.125
supervised_contrastive,16,57,180,0.20624372757645942,0.5462577319239423,0.5506267489798539,0.9778207949118815,0.09928713738918304,899895.875
supervised_contrastive,16,57,190,0.216747168852265,0.5523290058123748,0.5568634740927304,0.9783720739846126,0.10311128199100494,886038.3125
supervised_contrastive,16,57,200,0.18220893855564999,0.5501268175749577,0.5548739325286046,0.9782065029341809,0.094068743288517,873570.125
supervised_contrastive,17,58,10,0.09448712274551684,0.2976404811107082,0.2981102364441933,0.8801933243932424,0.07997164130210876,1603640.5
supervised_contrastive,17,58,20,0.1740394393153681,0.38072299308523694,0.38151418590953634,0.9365749264235477,0.09265071153640747,1409683.25
supervised_contrastive,17,58,30,0.19176339484728205,0.431260821196426,0.43232263876593635,0.9503992846750683,0.10008673369884491,1309696.375
supervised_contrastive,17,58,40,0.22989257752676526,0.4579179663347893,0.4592159347059775,0.9634906369650856,0.10481369495391846,1215350.375
supervised_contrastive,17,58,50,0.24189533671199032,0.473338183635139,0.47488813295761945,0.9674028202876196,0.10693749785423279,1172678.375
supervised_contrastive,17,58,60,0.246388553147378,0.48812404937987164,0.4899129989833883,0.9699843510616514,0.10597551614046097,1129794.75
supervised_contrastive,17,58,70,0.2703802060754252,0.5026548540149384,0.5046411457383616,0.9735161400410611,0.11016134917736053,1089006.0
supervised_contrastive,17,58,80,0.25057635522714655,0.5055679849023319,0.5078096243964774,0.97363893045739,0.10442520678043365,1064788.25
supervised_contrastive,17,58,90,0.2546705076498711,0.5135598094742821,0.5160186724762017,0.9750175268412221,0.10509810596704483,1036948.0625
supervised_contrastive,17,58,100,0.25633959469269707,0.5187437860091739,0.5214343588355016,0.9756413700308832,0.10234935581684113,1023871.9375
supervised_contrastive,17,58,110,0.24405440114612192,0.5267735802637734,0.5296549442660341,0.9761816086938608,0.09740196913480759,1002481.25
supervised_contrastive,17,58,120,0.23817552841703932,0.5303830595918161,0.5334753722382594,0.9766516419993487,0.10221753269433975,982124.125
supervised_contrastive,17,58,130,0.22030142746136894,0.5324645127594976,0.5357790570413229,0.9769571560741329,0.09508213400840759,970411.125
supervised_contrastive,17,58,140,0.2683279565473305,0.549597031435542,0.5530236876267146,0.9783170750575992,0.11220412701368332,948964.875
supervised_contrastive,17,58,150,0.19957524232997972,0.5396837434613465,0.5434006992962896,0.9773116265998921,0.09106673300266266,936691.375
supervised_contrastive,17,58,160,0.21875567009166946,0.5418156456328286,0.5457543924959357,0.9778310361569638,0.09965343028306961,928465.6875
supervised_contrastive,17,58,170,0.2004345061587758,0.544949208555566,0.5490769350351947,0.9779395704310117,0.09459603577852249,916589.875
supervised_contrastive,17,58,180,0.19689363733393922,0.545997875375954,0.5503495480767384,0.9779668052376127,0.09618014842271805,905403.0625
supervised_contrastive,17,58,190,0.21470666915837952,0.5534950284896224,0.55801099081106,0.978476921138115,0.09466477483510971,899148.3125
supervised_contrastive,17,58,200,0.22216721315076546,0.5596285616377659,0.564277277944912,0.9791021713904913,0.09740415960550308,883852.1875
supervised_contrastive,18,59,10,0.08316150565159071,0.2877640503928377,0.28824200957630286,0.8717586562826743,0.07371148467063904,1642340.375
supervised_contrastive,18,59,20,0.1632960838795964,0.3796858785374753,0.3804794580064449,0.9351275140796281,0.08469598740339279,1453211.5
supervised_contrastive,18,59,30,0.2156548631156747,0.4389128268784115,0.4399503164249514,0.9542392715069848,0.10468605905771255,1324408.375
supervised_contrastive,18,59,40,0.2153458087960174,0.46321251345511555,0.4645079597673585,0.9606520396184283,0.10485878586769104,1247114.5
supervised_contrastive,18,59,50,0.2658317213073788,0.4718405056727488,0.47339904902324764,0.9678796165908957,0.11552231758832932,1189248.0
supervised_contrastive,18,59,60,0.2650994642398543,0.4898494130021568,0.4916291107541216,0.97050036899602,0.12142772227525711,1137909.0
supervised_contrastive,18,59,70,0.241246777629295,0.5026663061798547,0.5046589280419356,0.9721575422586727,0.11235751956701279,1106327.625
supervised_contrastive,18,59,80,0.23960242516473532,0.5086415124290187,0.5108820061753472,0.9722864575500412,0.1145450696349144,1075361.125
supervised_contrastive,18,59,90,0.24480365283768243,0.5128552152459339,0.5153098416468124,0.9749106406058855,0.10738512873649597,1060255.875
supervised_contrastive,18,59,100,0.22573282889900947,0.5096306353156165,0.5123705379402201,0.9746121230514148,0.10458291321992874,1034510.9375
supervised_contrastive,18,59,110,0.21803126512019763,0.5217178705019714,0.5246224837756888,0.9755593972274392,0.09974918514490128,1016068.8125
supervised_contrastive,18,59,120,0.24017904919441618,0.5268098239438389,0.5299243109975681,0.9769097149079231,0.10931000858545303,999166.0
supervised_contrastive,18,59,130,0.21532051440809719,0.5310313220137614,0.5343534312329941,0.9767093846839843,0.10663758218288422,974336.125
supervised_contrastive,18,59,140,0.21914004503205478,0.533911246128446,0.5374428146370568,0.9774281147250986,0.10402299463748932,957335.75
supervised_contrastive,18,59,150,0.2178655672665387,0.537917379013322,0.541660632083983,0.9774599896988114,0.10008879750967026,947482.4375
supervised_contrastive,18,59,160,0.23838388388286433,0.547915028278327,0.5518051267602426,0.9784080324626697,0.11256852746009827,934109.3125
supervised_contrastive,18,59,170,0.20903212001283816,0.5452917712523917,0.549421693458831,0.9781751999996875,0.10517185181379318,923979.25
supervised_contrastive,18,59,180,0.2314962344981788,0.5523070149651761,0.5566051196862015,0.9787951059960511,0.11016225814819336,918014.3125
supervised_contrastive,18,59,190,0.19907026148211285,0.5485424223278469,0.5530943497878172,0.9783099527086115,0.10012562572956085,904558.875
supervised_contrastive,18,59,200,0.18732252891171353,0.5554317207613974,0.5601206061285828,0.9783710070818764,0.10447116941213608,887645.4375
supervised_contrastive,19,60,10,0.08907926168639495,0.26973719181508815,0.2702243353465309,0.882348892357176,0.05887370556592941,1603561.0
supervised_contrastive,19,60,20,0.1526664759453362,0.3659749194608035,0.3667890273626198,0.9327182444037034,0.09182614833116531,1400736.625
supervised_contrastive,19,60,30,0.1938335010137807,0.41747402347877105,0.41855422761767475,0.952144316107427,0.10384023189544678,1286570.0
supervised_contrastive,19,60,40,0.19731347526999876,0.43715507724446495,0.4385127438337133,0.9599405501841274,0.08980486541986465,1240226.5
supervised_contrastive,19,60,50,0.22350490538309703,0.4688192687973962,0.47038995146112267,0.965346084878305,0.10845962166786194,1162317.0
supervised_contrastive,19,60,60,0.22645284880952882,0.4762635358771961,0.478093007849193,0.9687903225127792,0.1002521812915802,1124507.625
supervised_contrastive,19,60,70,0.25570890972707827,0.48156744987408623,0.4836560549185659,0.9712193134271281,0.1069343164563179,1102705.875
supervised_contrastive,19,60,80,0.238922775955248,0.5018894880407555,0.5041543630250446,0.9730386488630176,0.11272036284208298,1052208.25
supervised_contrastive,19,60,90,0.22669764066667714,0.5028050074228205,0.5053236035475672,0.973781387825052,0.10520424693822861,1030119.5
supervised_contrastive,19,60,100,0.22641953029398335,0.5123077556040628,0.515022715190911,0.97508229327775,0.10865219682455063,1007814.875
supervised_contrastive,19,60,110,0.21544900303516384,0.5166762528003126,0.5196234024187953,0.9751435153247657,0.09564803540706635,996199.5625
supervised_contrastive,19,60,120,0.21996898926549005,0.5254439144927155,0.5285752216725994,0.9758903662551869,0.10567653924226761,972960.375
supervised_contrastive,19,60,130,0.2257235900697646,0.5254655053952413,0.5288354548439863,0.976743382370996,0.1091301292181015,958738.625
supervised_contrastive,19,60,140,0.21126098552166644,0.5353324992955598,0.5388605205818787,0.9770489100615697,0.10148561745882034,939599.1875
supervised_contrastive,19,60,150,0.23935063907473608,0.537993724321331,0.5417597095074301,0.9775631565934804,0.1005474105477333,938454.6875
supervised_contrastive,19,60,160,0.20120076161990896,0.539396161178774,0.5433520725576112,0.9775517374065522,0.09447980672121048,916596.5625
supervised_contrastive,19,60,170,0.1999432444563394,0.5440022094935466,0.5481475956784054,0.9777385127600507,0.10239273309707642,903060.0
supervised_contrastive,19,60,180,0.21252859963307968,0.5496585095708801,0.5539722440314989,0.9784666132226159,0.10204123705625534,888466.125
supervised_contrastive,19,60,190,0.21580241403418438,0.5490333635135333,0.5535889214143397,0.9785221456303416,0.10125187039375305,887825.875
supervised_contrastive,19,60,200,0.17654207712109898,0.5491640221357172,0.5539219126249145,0.9780920067050558,0.08996063470840454,880247.9375
supervised_contrastive,20,61,10,0.09295589304141777,0.29213673441579985,0.29260916669887493,0.8817110839453538,0.06968891620635986,1610311.375
supervised_contrastive,20,61,20,0.1793329874304212,0.3924472010832262,0.3932264512814723,0.9344947900500457,0.09306096285581589,1410965.25
supervised_contrastive,20,61,30,0.21450675625421223,0.42314075457844913,0.42421186764620655,0.9535037141695728,0.1041676253080368,1297613.5
supervised_contrastive,20,61,40,0.23655758259113718,0.44811818311160856,0.449452789286928,0.9613543379254014,0.09349929541349411,1239570.625
supervised_contrastive,20,61,50,0.26352734922355825,0.4696946966677021,0.47125546831825277,0.9681285158027002,0.10712505131959915,1174516.375
supervised_contrastive,20,61,60,0.2397448290866233,0.4814658363858076,0.48326887354225373,0.9700740175490374,0.11220104992389679,1121522.125
supervised_contrastive,20,61,70,0.23432339932857119,0.4944211522034688,0.49645631908204363,0.9709658059748902,0.10912495106458664,1088804.0
supervised_contrastive,20,61,80,0.24572380328161514,0.498186027764034,0.5004753961091436,0.9727203701030859,0.10761646926403046,1072387.875
supervised_contrastive,20,61,90,0.24907716669295113,0.502346326753064,0.5048764096128968,0.9742481056858308,0.10540737211704254,1047321.75
supervised_contrastive,20,61,100,0.2450742437981452,0.5178867489247986,0.5205775184040807,0.9753402584337845,0.10789518803358078,1013320.0625
supervised_contrastive,20,61,110,0.21021032353432495,0.5177848956900721,0.5207102825569969,0.9754411907544023,0.09629124402999878,997086.375
supervised_contrastive,20,61,120,0.21287875566964257,0.5184102962191836,0.5215828669313636,0.9760932729738184,0.10053551942110062,976864.9375
supervised_contrastive,20,61,130,0.22821985420291466,0.5281998768641839,0.5315414652791587,0.9772252529620474,0.10304245352745056,967598.25
supervised_contrastive,20,61,140,0.23995986181917361,0.5397734919932361,0.5432616913406,0.9778641808030345,0.11175131797790527,944762.75
supervised_contrastive,20,61,150,0.2176343601712474,0.5416433643888244,0.5453460880610229,0.9777539099289557,0.1052626445889473,930244.5625
supervised_contrastive,20,61,160,0.2200682004820001,0.5430462634461839,0.5469729832871294,0.9780004878247405,0.10464688390493393,920620.875
supervised_contrastive,20,61,170,0.20596433409860881,0.5438563793151528,0.5479980673736355,0.9779714239246431,0.09817290306091309,912432.125
supervised_contrastive,20,61,180,0.20819018874115897,0.5515506958441592,0.5558500058749443,0.9782046821744865,0.10223660618066788,901992.0
supervised_contrastive,20,61,190,0.19201412119005704,0.5487603575708397,0.5533038303689805,0.978147235515892,0.0903426855802536,902077.3125
supervised_contrastive,20,61,200,0.19202064739275462,0.5531820797716455,0.5579016157968087,0.9784174471941246,0.09777044504880905,887481.125
supervised_contrastive,21,62,10,0.06842261776856856,0.27158390166838037,0.27207931744665725,0.8596745358840153,0.06354344636201859,1609010.5
supervised_contrastive,21,62,20,0.14697868154021768,0.371713536140976,0.3725144231654624,0.9355568037200526,0.08185865730047226,1405995.75
supervised_contrastive,21,62,30,0.15382630083662638,0.41551960660031284,0.4166140804020467,0.9460538985811988,0.08559061586856842,1288599.625
supervised_contrastive,21,62,40,0.2229423379173076,0.44749558969271985,0.4488313419787861,0.9606504635908099,0.10329876840114594,1208255.625
supervised_contrastive,21,62,50,0.2472717011914466,0.4729174468385643,0.4744750082588306,0.9668275841161322,0.1059706062078476,1143523.375
supervised_contrastive,21,62,60,0.22811419872352393,0.48985026975087737,0.4916288122464298,0.9690596286236418,0.10510263592004776,1101672.5
supervised_contrastive,21,62,70,0.2800877490007687,0.4961729671284167,0.49819870012295664,0.972740506505708,0.1075558140873909,1077104.5
supervised_contrastive,21,62,80,0.22988197008239683,0.5009554407498863,0.5032159158283672,0.9730853058888755,0.10147997736930847,1042492.8125
supervised_contrastive,21,62,90,0.23661441772873001,0.5075752976088913,0.5100571215777011,0.9747338119973356,0.09919660538434982,1026686.0
supervised_contrastive,21,62,100,0.2833613992464678,0.5188635130754959,0.5215488831594346,0.9763632918595163,0.10545286536216736,1008018.4375
supervised_contrastive,21,62,110,0.19504749063842133,0.5140079750994597,0.5169660690682462,0.9746548804447736,0.09051749855279922,984378.125
supervised_contrastive,21,62,120,0.22313992446145997,0.5290469037245702,0.5321520964093056,0.9760941557699544,0.09515983611345291,969632.4375
supervised_contrastive,21,62,130,0.24178268239438921,0.5361527072225396,0.5394496909678353,0.9771206082260342,0.10030095279216766,957969.3125
supervised_contrastive,21,62,140,0.20189179395861165,0.5320771143943037,0.5356280643885779,0.9767483558315034,0.09533140808343887,938285.0625
supervised_contrastive,21,62,150,0.21809802523186672,0.5379559864429126,0.5417030053799713,0.9774628317013966,0.09669742733240128,921507.125
supervised_contrastive,21,62,160,0.1922426164807276,0.5305606795565873,0.5345863186622581,0.9774743491332877,0.08748790621757507,916288.6875
supervised_contrastive,21,62,170,0.20065899455793032,0.5439678357881277,0.5481113681168627,0.9778128488076375,0.10376345366239548,895678.0625
supervised_contrastive,21,62,180,0.19086104114674196,0.5421079541483779,0.5464941111310739,0.9779258251155866,0.09131146967411041,891150.5
supervised_contrastive,21,62,190,0.19129412527764272,0.5469958830835513,0.5515556264308855,0.9782154983932255,0.09291616082191467,879260.4375
supervised_contrastive,21,62,200,0.19406590974552512,0.554469641762955,0.5591803501621205,0.97845758924084,0.0981331542134285,869512.9375
supervised_contrastive,22,63,10,0.08748679017684675,0.27954470769531803,0.2800276449184949,0.8797453727875928,0.06895875185728073,1604511.625
supervised_contrastive,22,63,20,0.14498835775534105,0.3699944505820658,0.3708070835193539,0.9297020397661978,0.09303084015846252,1383206.75
supervised_contrastive,22,63,30,0.2133256548661344,0.4296750104978038,0.4307338138840476,0.9533941885838952,0.10366266220808029,1266304.125
supervised_contrastive,22,63,40,0.2314211759783862,0.442428890849455,0.44377304389323546,0.9620347671618674,0.11234767735004425,1203849.5
supervised_contrastive,22,63,50,0.2567973749400176,0.46247071568439274,0.46406053520803214,0.9671529407389812,0.10487006604671478,1166227.75
supervised_contrastive,22,63,60,0.22754822097742994,0.47418714414086205,0.4760301757573101,0.9683476122817681,0.11113431304693222,1105176.125
supervised_contrastive,22,63,70,0.2776866251740342,0.488145364169784,0.49020281968232754,0.9729128615644995,0.10794204473495483,1083762.375
supervised_contrastive,22,63,80,0.2249737968528627,0.4939245270943248,0.49622957143067403,0.9720998510440685,0.10516755282878876,1047355.8125
supervised_contrastive,22,63,90,0.23638352286362288,0.5013581105024438,0.5038789456455677,0.974310189048901,0.09919532388448715,1021526.125
supervised_contrastive,22,63,100,0.2491458472521712,0.5140586550736134,0.516767917031897,0.9752748578066539,0.10832829773426056,996505.0
supervised_contrastive,22,63,110,0.24954461774898265,0.5132260975495355,0.5161920803961415,0.9762879724819695,0.10408733785152435,988901.8125
supervised_contrastive,22,63,120,0.2132361469531296,0.5193391019784553,0.5225043939089781,0.9759169950417839,0.10279513150453568,963197.6875
supervised_contrastive,22,63,130,0.21584064664316488,0.5247218813144587,0.5280932642890215,0.9766825315303066,0.10870885103940964,939661.4375
supervised_contrastive,22,63,140,0.22950996217868694,0.5322980558209182,0.5358473392072587,0.9774040154821965,0.10350832343101501,930519.3125
supervised_contrastive,22,63,150,0.2051040556768408,0.5354787926256291,0.5392250407499249,0.9775914858865287,0.0987539067864418,919533.375
supervised_contrastive,22,63,160,0.21141989332230227,0.541649406692887,0.5455935360658953,0.977518668821098,0.10305576026439667,910781.875
supervised_contrastive,22,63,170,0.19504701965479934,0.5413625633861338,0.5455277048420711,0.9777128184743761,0.0910651907324791,897426.75
supervised_contrastive,22,63,180,0.21324509059042937,0.5467510801053187,0.551098473448288,0.9783387460535843,0.10528535395860672,888797.3125
supervised_contrastive,22,63,190,0.18163153324333328,0.5445293331458847,0.5490991783612035,0.9782095048636023,0.0844782367348671,880279.75
supervised_contrastive,22,63,200,0.19663986639306014,0.5514417827140685,0.5561741135947308,0.9785798778096914,0.10041958093643188,858798.625
supervised_contrastive,23,64,10,0.06594376669511105,0.2585193101680102,0.2590208626244816,0.8650874377179455,0.06546042859554291,1640261.625
supervised_contrastive,23,64,20,0.16619160040421188,0.38361889045232184,0.38441006528507504,0.9336972531699572,0.0962982177734375,1411345.25
supervised_contrastive,23,64,30,0.18267153918483173,0.42094078281309305,0.422013337385236,0.9523542779177419,0.11043129861354828,1287853.875
supervised_contrastive,23,64,40,0.19026381953626248,0.4508738878201829,0.45219992240348456,0.9588799428138819,0.11057721823453903,1214027.625
supervised_contrastive,23,64,50,0.22252130179509277,0.47541399392037587,0.47696193905421436,0.9659169654057271,0.11750661581754684,1157621.5
supervised_contrastive,23,64,60,0.2386583249913435,0.482417271080453,0.4842209361424441,0.9699393757618456,0.10434688627719879,1125679.25
supervised_contrastive,23,64,70,0.2350555134273062,0.4907736837169486,0.49282358848663216,0.9712651589636779,0.10243033617734909,1097813.375
supervised_contrastive,23,64,80,0.2117377881546755,0.5027977622393831,0.5050535838358796,0.9721496763819462,0.10600550472736359,1054745.25
supervised_contrastive,23,64,90,0.22778910475956327,0.5016371298405068,0.5041531068059063,0.974125702967366,0.10722742974758148,1032643.375
supervised_contrastive,23,64,100,0.20514665202598312,0.5046729568773447,0.5074469812897061,0.9737873069960326,0.10251101106405258,1018290.625
supervised_contrastive,23,64,110,0.2251174915768281,0.5199318680156644,0.5228478403479951,0.975917002201811,0.10564833879470825,989543.25
supervised_contrastive,23,64,120,0.2268042827878559,0.5235157007149309,0.5266627385297155,0.9762748795506587,0.09968671947717667,982950.25
supervised_contrastive,23,64,130,0.21862355989494633,0.5321026543032067,0.5354172059620863,0.9767550016278636,0.10544344782829285,954573.3125
supervised_contrastive,23,64,140,0.19577896428484276,0.5298354173563061,0.5334058741240691,0.9766573336340562,0.09068827331066132,954175.875
supervised_contrastive,23,64,150,0.2029436100408481,0.5351907635880949,0.53894333124829,0.9774635277499388,0.09995544701814651,928407.25
supervised_contrastive,23,64,160,0.22711419380615047,0.5447279792014275,0.5486373413362371,0.9782573020357529,0.11176678538322449,913975.5625
supervised_contrastive,23,64,170,0.23151702830578483,0.5494729090415968,0.5535737094705676,0.9785173177179273,0.10939023643732071,905439.0
supervised_contrastive,23,64,180,0.19865964993586074,0.5482985939467239,0.5526220833789284,0.9780773935591253,0.09927085041999817,891788.375
supervised_contrastive,23,64,190,0.19632238758214005,0.548513422822498,0.5530453626322799,0.9785311469582609,0.09922974556684494,879685.3125
supervised_contrastive,23,64,200,0.19977549090250257,0.5570166088170744,0.5616894110317168,0.9787307461551642,0.09976895153522491,871922.125
supervised_contrastive,24,65,10,0.08444724055179934,0.2779672776881798,0.27845306860566477,0.8727730169787826,0.06634799391031265,1644646.125
supervised_contrastive,24,65,20,0.13326985864381838,0.35278647669571567,0.35361646338890046,0.9317892583455843,0.08049995452165604,1437623.75
supervised_contrastive,24,65,30,0.1739536152720526,0.41811119800302393,0.419197726499581,0.9489558152172546,0.09782455116510391,1305178.75
supervised_contrastive,24,65,40,0.1980757910563937,0.437100188901049,0.43845708146778517,0.9600296439867179,0.09292548149824142,1257664.875
supervised_contrastive,24,65,50,0.23347102660558408,0.4675081102497439,0.46908278340732085,0.9660171366506707,0.10735055059194565,1169391.625
supervised_contrastive,24,65,60,0.2263324446794821,0.47765915270807097,0.47947616752462563,0.9694935755096036,0.09902999550104141,1128426.875
supervised_contrastive,24,65,70,0.2648117675160053,0.49504505388349196,0.4970684436408061,0.9729098643888666,0.10597125440835953,1094917.875
supervised_contrastive,24,65,80,0.2295949129707633,0.4923573042167657,0.4946642006108156,0.9726163294503479,0.10226377844810486,1075148.0
supervised_contrastive,24,65,90,0.2294377093460879,0.5086698310188763,0.5111491896123819,0.9744155441535108,0.09622672200202942,1041544.75
supervised_contrastive,24,65,100,0.2597149710188062,0.5165958299770632,0.5193046978469947,0.9752348320223467,0.10568570345640182,1025285.6875
supervised_contrastive,24,65,110,0.2115900470670646,0.5163320426613334,0.51926942618598,0.9754066345265829,0.09578563272953033,1009109.75
supervised_contrastive,24,65,120,0.2173665799359186,0.5226978359128934,0.525844256468964,0.9760640844188218,0.10493136942386627,982263.0
supervised_contrastive,24,65,130,0.21819010772680056,0.5280792088164039,0.5314252378688836,0.9768442780111468,0.10328597575426102,964005.3125
supervised_contrastive,24,65,140,0.22986561641015454,0.5359210588473418,0.5394434303812006,0.9776040357121725,0.10158757865428925,945847.75
supervised_contrastive,24,65,150,0.19019264429607582,0.5351441440596052,0.5389051850766984,0.9768208325608889,0.0869656503200531,946468.875
supervised_contrastive,24,65,160,0.21779721547422784,0.5459379370645753,0.5498366625715073,0.9780295546005866,0.09726688265800476,932302.1875
supervised_contrastive,24,65,170,0.2033324984351369,0.5467649291212318,0.5508801916084346,0.9778355419855332,0.09498145431280136,911579.6875
supervised_contrastive,24,65,180,0.20627708946199402,0.5487249628096085,0.5530575072771026,0.9781617764159747,0.09740288555622101,901493.8125
supervised_contrastive,24,65,190,0.17526126067560374,0.5448351722731916,0.5494026507225757,0.9780033993734911,0.09122276306152344,892208.5625
supervised_contrastive,24,65,200,0.18567023208044062,0.5531017016691202,0.5578211717795817,0.9783004233580332,0.09788753092288971,879793.375
supervised_contrastive,25,66,10,0.08781843352315824,0.281841570198083,0.2823260093587312,0.87027212595199,0.05515148490667343,1615452.5
supervised_contrastive,25,66,20,0.16055382769666426,0.3854513362675174,0.38624172363605974,0.9321818708055529,0.08376948535442352,1411662.375
supervised_contrastive,25,66,30,0.21831696417988636,0.4284798923013436,0.42953994462452,0.9534166809288979,0.09626749157905579,1309833.625
supervised_contrastive,25,66,40,0.2867045342977476,0.45463468034993537,0.4559444794591883,0.9656753452418655,0.10092023015022278,1243815.375
supervised_contrastive,25,66,50,0.26960564988240354,0.4667867882971279,0.4683672278919435,0.9669351078873301,0.10747206956148148,1191733.375
supervised_contrastive,25,66,60,0.3028825236273572,0.48597460946521176,0.4877684304592826,0.9718410404179412,0.11856698244810104,1125958.75
supervised_contrastive,25,66,70,0.2683492366178668,0.49315550625233645,0.4951894448671476,0.9726415019343708,0.1050570085644722,1095330.125
supervised_contrastive,25,66,80,0.32466618628662836,0.5050743939965558,0.5073173795571361,0.9759496145409442,0.10732778161764145,1086781.875
supervised_contrastive,25,66,90,0.23012545682825697,0.5068577082608933,0.5093488901355895,0.9741210064590569,0.10183658450841904,1044756.375
supervised_contrastive,25,66,100,0.24425631680165805,0.5134341717459494,0.516142936260642,0.9754670175592681,0.10798000544309616,1022712.125
supervised_contrastive,25,66,110,0.21355229714605742,0.5197721750514978,0.5226955989213903,0.9750262540926918,0.10957357287406921,1002361.5625
supervised_contrastive,25,66,120,0.24642333518470863,0.5293934699311356,0.5325035302790043,0.9765885270641682,0.11260567605495453,978013.875
supervised_contrastive,25,66,130,0.22690659012071762,0.5269346273558723,0.5302891883343287,0.9769922873929865,0.10350285470485687,961870.0625
supervised_contrastive,25,66,140,0.22527407800855503,0.534281376293634,0.5378150579794458,0.9774616467755898,0.11217745393514633,941964.5625
supervised_contrastive,25,66,150,0.20184689138616374,0.535973401371719,0.5397362713822856,0.9768721075695123,0.1038612574338913,938248.6875
supervised_contrastive,25,66,160,0.24244699554742066,0.5496779962529975,0.5535546852936868,0.9783160618550669,0.10864028334617615,921070.8125
supervised_contrastive,25,66,170,0.22620938057133474,0.5543424206374896,0.5584027668082253,0.9782630130964357,0.10632480680942535,910250.6875
supervised_contrastive,25,66,180,0.21629427032354812,0.5504954674561947,0.5548068245199013,0.9784502008557612,0.11140214651823044,899598.625
supervised_contrastive,25,66,190,0.20527596729322006,0.552237655028545,0.5567544218180874,0.9783346107857649,0.10472775995731354,893366.5625
supervised_contrastive,25,66,200,0.2170037578833912,0.5555810449353578,0.5602929228072548,0.9786767498667087,0.10318408161401749,880046.875
supervised_contrastive,26,67,10,0.07568732177058016,0.2830284273152851,0.2835125212204454,0.868319362060069,0.05999825522303581,1626526.25
supervised_contrastive,26,67,20,0.15777004672520833,0.3720663694577274,0.3728714708315408,0.9334772358057564,0.09348157793283463,1426967.375
supervised_contrastive,26,67,30,0.1953516552268603,0.4099832575198571,0.41107523025218484,0.9535124991707699,0.10478921234607697,1315389.375
supervised_contrastive,26,67,40,0.21335893706535083,0.4247865536975522,0.426169965549759,0.96166994323683,0.09493899345397949,1254638.0
supervised_contrastive,26,67,50,0.23128225783716,0.45676615655950475,0.4583659851936906,0.9668726733894851,0.10898090898990631,1184987.5
supervised_contrastive,26,67,60,0.22439067754369654,0.47506747604292043,0.476893706471033,0.9694677090311445,0.10200545936822891,1139571.375
supervised_contrastive,26,67,70,0.2657229034155323,0.4867287298525901,0.48879174668108255,0.972250251346782,0.11355697363615036,1104527.5
supervised_contrastive,26,67,80,0.2346200572279973,0.4970075373005844,0.4992884429402597,0.9730859012275275,0.10324603319168091,1078991.25
supervised_contrastive,26,67,90,0.2076773694193943,0.4933981250871047,0.4959635589506078,0.9731971912903908,0.09403041005134583,1063874.625
supervised_contrastive,26,67,100,0.24039204066393735,0.5116679147712675,0.5144005631617499,0.9748388661460495,0.11165525019168854,1031582.9375
supervised_contrastive,26,67,110,0.2382661265748739,0.5065502830718768,0.5095588319176272,0.9755484618118545,0.09871844202280045,1013028.25
supervised_contrastive,26,67,120,0.20661566705303927,0.5124049646392231,0.515618719306222,0.9757840289357033,0.09479724615812302,999606.9375
supervised_contrastive,26,67,130,0.21450296143774328,0.5177668849328813,0.5212018440803908,0.9759928197294444,0.09536022692918777,980433.3125
supervised_contrastive,26,67,140,0.21263236443467562,0.5263500226641076,0.5299518430156865,0.9769237760861859,0.09361308813095093,960412.6875
supervised_contrastive,26,67,150,0.19250265822827645,0.5234979337000658,0.527358567875362,0.976851052629307,0.10006344318389893,949845.125
supervised_contrastive,26,67,160,0.19017860507707574,0.5313888395878902,0.5354151326946843,0.9770242328518848,0.09825269877910614,936136.1875
supervised_contrastive,26,67,170,0.19491864633597447,0.5360624572835649,0.5402743597398062,0.9776659559792141,0.09513501822948456,925461.25
supervised_contrastive,26,67,180,0.19061949049058602,0.537664221621916,0.542113404128926,0.9773848543104872,0.08991945534944534,916762.5625
supervised_contrastive,26,67,190,0.2303880373395489,0.5456385713083314,0.550229593815891,0.9788224082360227,0.11274241656064987,899963.625
supervised_contrastive,26,67,200,0.21433908237038507,0.5451658082782822,0.5499972206747015,0.9784458780187056,0.09511561691761017,898836.0625
supervised_contrastive,27,68,10,0.0924595515200241,0.2775067085708457,0.2779931867311923,0.8725859794039613,0.0644616186618805,1638685.375
supervised_contrastive,27,68,20,0.16190072479709802,0.3673278839584809,0.3681350326871862,0.9365487690249685,0.08190858364105225,1421240.25
supervised_contrastive,27,68,30,0.20055666271714834,0.4184369395983321,0.4195183751608052,0.951124094107443,0.09537027776241302,1304659.5
supervised_contrastive,27,68,40,0.22990483961185004,0.440565135244947,0.44191686240420536,0.9615898658451668,0.10219930857419968,1236127.625
supervised_contrastive,27,68,50,0.25612622551979203,0.46896449766293985,0.47053751116768155,0.9665889392370007,0.11343906074762344,1177369.75
supervised_contrastive,27,68,60,0.2787657924071882,0.48296532923623703,0.4847703857988395,0.9710158819724074,0.1093447357416153,1137769.625
supervised_contrastive,27,68,70,0.23654749841384787,0.49705033515175395,0.49907441067085456,0.9711269349327319,0.09406699240207672,1105362.5
supervised_contrastive,27,68,80,0.2885819734357052,0.5078909063781566,0.5101268795560381,0.9745024699350895,0.1193535253405571,1066071.625
supervised_contrastive,27,68,90,0.258717907280787,0.505777213766065,0.508287708262989,0.9742555270539855,0.1143670305609703,1049574.75
supervised_contrastive,27,68,100,0.23231060051965427,0.5151722508301845,0.5178738512286181,0.9749667932362921,0.10875030606985092,1027185.5
supervised_contrastive,27,68,110,0.22146732797551308,0.5112446707485798,0.5142199757584824,0.975619779673237,0.09356130659580231,1015260.5
supervised_contrastive,27,68,120,0.23439252696857063,0.5245545805968669,0.5276977308898071,0.9761646337953638,0.09545106440782547,1006917.0625
supervised_contrastive,27,68,130,0.21419000092940527,0.5243764180628372,0.5277382900278839,0.9768497610660465,0.09624116122722626,978631.5625
supervised_contrastive,27,68,140,0.21409338253754542,0.535481795256529,0.5390089030510217,0.9770515539309441,0.0996236503124237,948710.375
supervised_contrastive,27,68,150,0.20870341156252112,0.5339618919507183,0.5377417444925969,0.9771992898819104,0.1078508049249649,935873.3125
supervised_contrastive,27,68,160,0.213440917401417,0.5400380792399739,0.5439908966027731,0.9777834037828155,0.10597331821918488,924024.875
supervised_contrastive,27,68,170,0.22029889459974533,0.5465005297667678,0.5506333641172823,0.977976157876373,0.10309948772192001,916814.3125
supervised_contrastive,27,68,180,0.17431141719954527,0.53996527452747,0.5443715393006486,0.9772740507186497,0.09436987340450287,902575.5625
supervised_contrastive,27,68,190,0.20231032727434783,0.5447994764021038,0.5493849603938389,0.9783654521332613,0.10359027981758118,891668.0
supervised_contrastive,27,68,200,0.1985116307460347,0.5542331049256598,0.5589503565379568,0.9784463788684745,0.10324814170598984,881287.875
supervised_contrastive,28,69,10,0.07789925901379037,0.2818950012980658,0.28238187315494384,0.8631799585329057,0.06719013303518295,1634714.875
supervised_contrastive,28,69,20,0.16426941144609644,0.3694771445360314,0.3702818037735038,0.9368234726812262,0.08405958116054535,1426032.875
supervised_contrastive,28,69,30,0.19798715611710518,0.4039636692330322,0.40507265963018524,0.952038266538871,0.09058202803134918,1330959.375
supervised_contrastive,28,69,40,0.23328840029700265,0.4484638220695495,0.4497950785755475,0.9615049046694021,0.1016044095158577,1231053.5
supervised_contrastive,28,69,50,0.252235519835471,0.4716312182457936,0.4731907958471113,0.9669447977516321,0.10250068455934525,1182293.0
supervised_contrastive,28,69,60,0.2495956602519314,0.489267898103061,0.4910440766914106,0.9703205925690737,0.10838732868432999,1138509.5
supervised_contrastive,28,69,70,0.24194608488237218,0.48462361032954315,0.48669183264690463,0.9717881367965818,0.10930777341127396,1100768.5
supervised_contrastive,28,69,80,0.25539620518640477,0.5090384653835509,0.5112751842032509,0.9730014091509194,0.10673679411411285,1076199.25
supervised_contrastive,28,69,90,0.21317929156819182,0.5114808197500985,0.5139510627044257,0.973449756201348,0.1074591800570488,1035413.375
supervised_contrastive,28,69,100,0.20834714673094326,0.5140263651486412,0.516734296541376,0.9742770970466366,0.10351533442735672,1022139.25
supervised_contrastive,28,69,110,0.22825469671334814,0.5215429705558151,0.5244525418945292,0.975798216646905,0.11129472404718399,997954.625
supervised_contrastive,28,69,120,0.21560509404076936,0.5258421017246243,0.5289575257790372,0.976434358180928,0.09877347201108932,988144.875
supervised_contrastive,28,69,130,0.24363294145919626,0.5349418240791398,0.538236216639198,0.9773885286955745,0.1077999547123909,961277.5625
supervised_contrastive,28,69,140,0.2187412927362106,0.5306126544115622,0.5341886714992224,0.9770110341634515,0.10275527089834213,953375.5
supervised_contrastive,28,69,150,0.24317926129569634,0.541429488431718,0.545138625369651,0.9783685827084166,0.10106547921895981,945920.9375
supervised_contrastive,28,69,160,0.19471039771126114,0.5429657952113093,0.5468909371280429,0.9772867464445192,0.10102569311857224,923775.1875
supervised_contrastive,28,69,170,0.207258106043199,0.5488081021709623,0.5529048226577152,0.9780764724392373,0.10042503476142883,909654.375
supervised_contrastive,28,69,180,0.21853261854056105,0.5501199448444303,0.5544119963088613,0.978855494897611,0.10892236232757568,899122.1875
supervised_contrastive,28,69,190,0.21806353643475324,0.5534904042575783,0.5579896315925199,0.9788453083504411,0.10847027599811554,892221.5
supervised_contrastive,28,69,200,0.21493224346511847,0.5631863157220789,0.5678158219515016,0.9787329718085258,0.1163741946220398,878799.3125
supervised_contrastive,29,70,10,0.07126604054981821,0.270477648911702,0.27097373190676666,0.8571300302560217,0.06415945291519165,1636079.75
supervised_contrastive,29,70,20,0.14579718726640029,0.35471146786153146,0.3555347105842599,0.9347912355396063,0.08591936528682709,1438329.125
supervised_contrastive,29,70,30,0.21920698195726476,0.4310917126449808,0.4321500038442392,0.9531117019194222,0.1127767488360405,1293902.75
supervised_contrastive,29,70,40,0.2598949584645096,0.4712855810869291,0.472562926552155,0.9624267544106117,0.12334400415420532,1205006.625
supervised_contrastive,29,70,50,0.26692377665522027,0.47406425442964306,0.4756193987474585,0.9675932895695583,0.11116838455200195,1166422.25
supervised_contrastive,29,70,60,0.22711293924030226,0.49210292419474644,0.4938815179495953,0.9683429239898835,0.09781317412853241,1122816.625
supervised_contrastive,29,70,70,0.2399404776088192,0.502651725032575,0.5046521249139634,0.9711681333768978,0.11009334772825241,1080535.875
supervised_contrastive,29,70,80,0.2959251168056104,0.5194345420866019,0.5216225468006506,0.9746493333604506,0.11447097361087799,1054512.375
supervised_contrastive,29,70,90,0.2857515357042781,0.5198593426279171,0.522284615014859,0.9757075888965279,0.10489463061094284,1030183.9375
supervised_contrastive,29,70,100,0.32049791311377857,0.5276881596030137,0.5303285518015303,0.9771943759904814,0.1106288805603981,1011112.3125
supervised_contrastive,29,70,110,0.25991090058299693,0.5240093043469439,0.5269065594334371,0.9766658420938762,0.10545384883880615,992448.5625
supervised_contrastive,29,70,120,0.22484034520215324,0.5251469690241914,0.5282701595341177,0.9764722249822905,0.10339649766683578,974992.6875
supervised_contrastive,29,70,130,0.21275831059257921,0.5340291369976063,0.5373356928476815,0.9765543578299481,0.09820548444986343,950827.5
supervised_contrastive,29,70,140,0.23788988928289592,0.5411598106780864,0.5446525394681081,0.9776054938927864,0.10836610198020935,942104.5625
supervised_contrastive,29,70,150,0.20587360372378125,0.541311692535142,0.545011005557648,0.9774811756323005,0.09669920057058334,923780.5
supervised_contrastive,29,70,160,0.21567387098177584,0.5426306313302465,0.5465647300491052,0.9777947966771849,0.09847971796989441,915763.4375
supervised_contrastive,29,70,170,0.21370870953590762,0.5526273804389855,0.5567069409889784,0.9778021471493331,0.09499621391296387,905508.25
supervised_contrastive,29,70,180,0.22895861742603163,0.556635212667003,0.5608942043123537,0.9786885581013424,0.10307983309030533,893982.75
supervised_contrastive,29,70,190,0.21392246666603695,0.5589276503104823,0.5633655400688368,0.9788836808727386,0.09587068110704422,887781.9375
supervised_contrastive,29,70,200,0.19678007119619056,0.5567558721783271,0.5614399701066143,0.9784920067284608,0.0969129353761673,875765.625
supervised_contrastive,30,71,10,0.06454672244810813,0.2631088401284475,0.2636115554003199,0.8532435050668942,0.06828612834215164,1676624.75
supervised_contrastive,30,71,20,0.15320360854051912,0.37846010316894835,0.3792564019565601,0.9337671911415145,0.0923626646399498,1431317.75
supervised_contrastive,30,71,30,0.1884443872461951,0.41891425175646746,0.4199957821524882,0.9508385115528644,0.10623593628406525,1310824.5
supervised_contrastive,30,71,40,0.23009863017558502,0.43662296799917466,0.43797852196882414,0.962264464706727,0.11204228550195694,1245342.125
supervised_contrastive,30,71,50,0.25154986660116324,0.46825745525927326,0.4698380039589681,0.9658627064851278,0.1118832528591156,1186558.875
supervised_contrastive,30,71,60,0.28143127301160625,0.49044728300931345,0.49222513730551065,0.9710659646017531,0.11737240850925446,1133588.5
supervised_contrastive,30,71,70,0.2155208513045401,0.4907090343518388,0.4927566614463512,0.970679169839921,0.10598962754011154,1096282.25
supervised_contrastive,30,71,80,0.22996225662800124,0.4956448947167636,0.49793104919501996,0.973124546065612,0.10101937502622604,1083337.875
supervised_contrastive,30,71,90,0.2505517790833868,0.5077449154598817,0.510231723423907,0.9747760730012701,0.11085598170757294,1045378.25
supervised_contrastive,30,71,100,0.22799266705110527,0.518375918879976,0.5210521375775836,0.9752084287179167,0.11213725805282593,1018633.3125
supervised_contrastive,30,71,110,0.24887726792611145,0.5203339077810715,0.5232441791164156,0.9764673279932207,0.11016017943620682,1008531.0625
supervised_contrastive,30,71,120,0.27623826202645385,0.5311813476777669,0.5342779402519594,0.9772785159932948,0.11396440118551254,981779.5625
supervised_contrastive,30,71,130,0.22629979225013233,0.5276734982493064,0.5310295138451722,0.9768940426061711,0.0995548814535141,975486.4375
supervised_contrastive,30,71,140,0.20639659919837414,0.5312727376110193,0.5348301429582567,0.9769700159524284,0.10643919557332993,952382.0625
supervised_contrastive,30,71,150,0.20740436490009037,0.5371032025063784,0.5408442638530797,0.9775848818178678,0.10076947510242462,954668.3125
supervised_contrastive,30,71,160,0.22173188290429324,0.5429945578037267,0.5469230172777936,0.9780082269924617,0.0988154411315918,936126.125
supervised_contrastive,30,71,170,0.23049659753761415,0.5393536399900357,0.5435586884546098,0.9781905191712473,0.09897161275148392,925088.375
supervised_contrastive,30,71,180,0.19356047949423086,0.5418333067353234,0.5462239786664017,0.9778053574238071,0.09759040176868439,907091.1875
supervised_contrastive,30,71,190,0.19166331891666671,0.5541768324127636,0.5586692365334912,0.978097537708662,0.1022099107503891,894317.3125
supervised_contrastive,30,71,200,0.173901978151242,0.5490959758698312,0.553858891448769,0.9779177538869336,0.09948752075433731,887334.125
supervised_contrastive,31,72,10,0.0712955971743692,0.2893709439855386,0.2898478152385694,0.8702116163863657,0.06538984924554825,1641240.5
supervised_contrastive,31,72,20,0.12895357124795054,0.3669745725801153,0.3677893028937788,0.9288673050777767,0.07402065396308899,1447601.5
supervised_contrastive,31,72,30,0.15975877678018072,0.4141842457897931,0.4152746988900119,0.9489875518615902,0.0891580581665039,1334416.625
supervised_contrastive,31,72,40,0.2016180572658943,0.4602498348236938,0.4615571690257945,0.959126775829651,0.09707228094339371,1246276.0
supervised_contrastive,31,72,50,0.2285927073735585,0.46643981376679716,0.468022913688512,0.965158685722112,0.1077602282166481,1189444.375
supervised_contrastive,31,72,60,0.22519045087939474,0.48135066739308113,0.4831663867413374,0.9684707710873636,0.10580121725797653,1145161.5
supervised_contrastive,31,72,70,0.23516121483360145,0.49405473590196847,0.49607852548174375,0.972186044976969,0.11048994213342667,1113752.125
supervised_contrastive,31,72,80,0.2480750774254572,0.5096584447561048,0.511888853868441,0.9731154300598807,0.11509677767753601,1071454.5
supervised_contrastive,31,72,90,0.23682152595602365,0.5138835974166313,0.5163364455223696,0.974502186761884,0.11749184876680374,1042242.625
supervised_contrastive,31,72,100,0.2536574847032157,0.5209014706284237,0.5235784281039966,0.9751734248710222,0.11719504743814468,1025899.8125
supervised_contrastive,31,72,110,0.23563130559633977,0.5293495625271861,0.5322187924251457,0.9757247206700462,0.109275683760643,1006560.1875
supervised_contrastive,31,72,120,0.24117457275859613,0.5315623173668053,0.5346450818944082,0.9769249035557092,0.11185505241155624,995154.6875
supervised_contrastive,31,72,130,0.23078505811559955,0.5374686081920698,0.5407557062303128,0.9769433055884728,0.09678437560796738,985877.0
supervised_contrastive,31,72,140,0.21807801093733517,0.5413885044941454,0.5448805709321296,0.9767564173178245,0.09942878782749176,957319.5625
supervised_contrastive,31,72,150,0.23239388351255405,0.548977936391464,0.5526410529101546,0.9776920374932431,0.11191721260547638,941276.8125
supervised_contrastive,31,72,160,0.21757178184857107,0.5467784059053801,0.5506672431014038,0.9780578294891662,0.10376060754060745,931798.875
supervised_contrastive,31,72,170,0.20337768430249073,0.5496859032819317,0.5537704046468087,0.9780568758557122,0.09706096351146698,915278.125
supervised_contrastive,31,72,180,0.21082485934688988,0.5497497707541744,0.5540692048348405,0.9782937299064105,0.10394736379384995,909330.0
supervised_contrastive,31,72,190,0.20320786135955946,0.5562736219097115,0.5607447440849379,0.9784611754167403,0.0951290875673294,901336.125
supervised_contrastive,31,72,200,0.1961187408480298,0.5561492507840158,0.5608525925249082,0.9781354704174876,0.09772726893424988,894109.5625
===ELBOWS===
model,trial,seed,selected_k,ari,ami,nmi
ssl_pretrain,1,42,120,0.1080635225153616,0.2856511964198319,0.2886867736611241
ssl_pretrain,2,43,30,0.0872919095929065,0.2418921524805998,0.242897232962036
ssl_pretrain,3,44,40,0.095483226042196,0.2247946613329042,0.2259890352024462
ssl_pretrain,4,45,30,0.0898431518910963,0.2201822519969059,0.2212228691969269
ssl_pretrain,5,46,120,0.1383519903003831,0.2822659469250066,0.285218391305314
ssl_pretrain,6,47,40,0.0763550472120866,0.2270853726229142,0.228303574827613
ssl_pretrain,7,48,130,0.1053526707700212,0.3001367852769841,0.303562423451337
ssl_pretrain,8,49,20,0.082770241589179,0.2228727055741275,0.2237305952553484
ssl_pretrain,9,50,70,0.0361071085105416,0.1852610657935453,0.1866409867098385
ssl_pretrain,10,51,120,0.1453995454481748,0.2974166976679119,0.3003705631742239
ssl_pretrain,11,52,120,0.1299844637953811,0.2779763252937703,0.2809633741260083
ssl_pretrain,12,53,110,0.13662791688767,0.2828485728733833,0.2853949159717055
ssl_pretrain,13,54,40,0.0959637828720537,0.2383276975700939,0.2395743968625796
ssl_pretrain,14,55,120,0.0921326255450494,0.2694407626929475,0.2725327586983415
ssl_pretrain,15,56,130,0.1463155781537465,0.2929697286388698,0.2963652078292952
ssl_pretrain,16,57,40,0.0969616902906317,0.2360239150028062,0.2373766893030789
ssl_pretrain,17,58,70,0.0679246818509059,0.1956602112689457,0.1972143626263279
ssl_pretrain,18,59,30,0.0800245278909542,0.2346137933418909,0.2356672624483849
ssl_pretrain,19,60,130,0.1165461722212439,0.3080557338128721,0.3113909402959706
ssl_pretrain,20,61,30,0.0982887004533682,0.2371901889365852,0.2382108856324917
ssl_pretrain,21,62,40,0.09824800324696,0.2410795558636351,0.2423045682531431
ssl_pretrain,22,63,20,0.0924149026911471,0.2144124459144509,0.2154021152002462
ssl_pretrain,23,64,30,0.0868749273026686,0.207619928387436,0.208592876577686
ssl_pretrain,24,65,40,0.096230785359892,0.2347111506546844,0.2358585426705954
ssl_pretrain,25,66,130,0.1461426242152609,0.2905183412611672,0.2939282086386731
ssl_pretrain,26,67,20,0.0704280756361515,0.2227596040865149,0.2236201287585652
ssl_pretrain,27,68,40,0.0293549778322364,0.1232370128027372,0.1242607964978205
ssl_pretrain,28,69,50,0.0963490827578599,0.2304266769323074,0.231866943731602
ssl_pretrain,29,70,120,0.1067069731380047,0.2828856755634208,0.2859628468293078
ssl_pretrain,30,71,130,0.1295276939607439,0.2924325654645583,0.2957984430367321
ssl_pretrain,31,72,50,0.0470801064554491,0.1679784758362607,0.1691571345966216
supervised_finetune,1,42,40,0.4609382966746135,0.6983564636956116,0.6990838843770032
supervised_finetune,2,43,50,0.4751412932649703,0.7080215542419895,0.7088864186417432
supervised_finetune,3,44,70,0.4640206523166332,0.7226495564286546,0.72376875606316
supervised_finetune,4,45,50,0.4664497642785,0.706370110805942,0.7072418048488232
supervised_finetune,5,46,50,0.4956979718934681,0.7120899070507507,0.7129435946401154
supervised_finetune,6,47,60,0.4848767415557994,0.7164492316320518,0.7174444163974494
supervised_finetune,7,48,60,0.5047011321172826,0.7204186319347435,0.7214009528262173
supervised_finetune,8,49,60,0.4708810138387997,0.715707855276709,0.7167033064558844
supervised_finetune,9,50,60,0.5175592709001559,0.7228670350736671,0.7238378347990941
supervised_finetune,10,51,60,0.4410929324145138,0.7101077458347179,0.711123390120432
supervised_finetune,11,52,50,0.495318219703997,0.7141579188550856,0.7150009243501991
supervised_finetune,12,53,70,0.4795551459081135,0.7257846116694149,0.7268892595572682
supervised_finetune,13,54,50,0.4791577922016711,0.7065602153323266,0.7074258680007731
supervised_finetune,14,55,50,0.5038347453383181,0.7146595032266972,0.7155019897990066
supervised_finetune,15,56,50,0.4848742479074967,0.7140518247556888,0.7148989966464073
supervised_finetune,16,57,50,0.4661448478985779,0.7088772464195907,0.7097362698839539
supervised_finetune,17,58,50,0.486945366710402,0.7061851604334574,0.7070536800990375
supervised_finetune,18,59,60,0.511154101607762,0.7269345969992118,0.7278940237736241
supervised_finetune,19,60,50,0.4842345016186304,0.7099885109412084,0.7108500520997159
supervised_finetune,20,61,50,0.4871617621743181,0.7113225030984506,0.7121726367301208
supervised_finetune,21,62,60,0.4739154511277454,0.7159936006037394,0.7169853555767505
supervised_finetune,22,63,60,0.4758480243336735,0.7167819210176507,0.7177716377470992
supervised_finetune,23,64,60,0.4887674392537144,0.7178594799223348,0.7188454552961547
supervised_finetune,24,65,50,0.4827932767368745,0.7099761329003534,0.710836093136487
supervised_finetune,25,66,50,0.4887195063856024,0.7123540340005917,0.7132062255075559
supervised_finetune,26,67,70,0.4968451751626541,0.7259744865495487,0.7270780448015247
supervised_finetune,27,68,60,0.494637047441946,0.7180156366768855,0.7190074423953138
supervised_finetune,28,69,50,0.4855887217058791,0.7125905573780484,0.7134415887785368
supervised_finetune,29,70,50,0.4451268709588794,0.7035543882216061,0.7044281930353787
supervised_finetune,30,71,60,0.5138811094449081,0.7319661498614572,0.7329017309901784
supervised_finetune,31,72,50,0.5044049742272291,0.7189704351207246,0.719799701588685
ssl_contrastive,1,42,60,0.2387201898000036,0.4866120517342525,0.4884010082363131
ssl_contrastive,2,43,60,0.2217765347434405,0.4738424444532642,0.4756773269596819
ssl_contrastive,3,44,60,0.2108619274538134,0.4691589428877484,0.4710200546482375
ssl_contrastive,4,45,50,0.2086294246788981,0.4593369507885516,0.4609353829640805
ssl_contrastive,5,46,70,0.2081197136438825,0.4754768670536645,0.4775832749264472
ssl_contrastive,6,47,70,0.201405585416201,0.4816316229312272,0.4837095973878924
ssl_contrastive,7,48,60,0.2473277854503747,0.4860557698664262,0.4878461965222668
ssl_contrastive,8,49,70,0.1945744885026359,0.4763660056589585,0.4784753283740899
ssl_contrastive,9,50,40,0.2106176750849934,0.4400628842469578,0.4414094806579748
ssl_contrastive,10,51,60,0.2161614782132809,0.470506427494075,0.4723498514070305
ssl_contrastive,11,52,70,0.2346565858117474,0.4887510477298653,0.4908182940581657
ssl_contrastive,12,53,60,0.2276566673440418,0.4662232806333883,0.4680737098923124
ssl_contrastive,13,54,60,0.1999414328556514,0.4689991797270608,0.470850887149836
ssl_contrastive,14,55,70,0.2758943132085769,0.4890022216978712,0.4910622934475976
ssl_contrastive,15,56,60,0.2460025683299512,0.4807968945551217,0.4826066319662705
ssl_contrastive,16,57,50,0.2375271328164963,0.4657002888914927,0.4672889828739344
ssl_contrastive,17,58,70,0.2741406195475102,0.4914378625037701,0.4934768839613417
ssl_contrastive,18,59,60,0.2538472185244802,0.4764355453388793,0.4782583132009137
ssl_contrastive,19,60,70,0.2248943755352505,0.4840983289549672,0.4861629874914641
ssl_contrastive,20,61,60,0.2400621091383328,0.4751493433185958,0.4769807572470445
ssl_contrastive,21,62,70,0.2483275732075998,0.4848789406652795,0.4869568650662792
ssl_contrastive,22,63,60,0.2125785904347623,0.4588264691973243,0.4607235517682306
ssl_contrastive,23,64,50,0.2004412183220514,0.4598267742142297,0.4614268678468944
ssl_contrastive,24,65,50,0.2368005360939457,0.4547611873744259,0.4563701134642215
ssl_contrastive,25,66,50,0.2622342380462698,0.4734696117621496,0.4750263785797408
ssl_contrastive,26,67,70,0.2455257019507039,0.4778910731096673,0.4799967629094677
ssl_contrastive,27,68,60,0.2655837671485005,0.4764490315547455,0.4782733870702559
ssl_contrastive,28,69,60,0.2151683139445327,0.4577174390492431,0.4596093647920121
ssl_contrastive,29,70,70,0.2222847660247517,0.4885018327728251,0.4905531183814627
ssl_contrastive,30,71,70,0.2568750533356301,0.4946744096424079,0.4966966535994316
ssl_contrastive,31,72,60,0.2153891739689028,0.4739042862818312,0.4757468054041032
supervised_contrastive,1,42,70,0.2396337923579776,0.5037918050317449,0.5057813356018732
supervised_contrastive,2,43,50,0.2126397315536724,0.4732408011542388,0.4747916985418777
supervised_contrastive,3,44,60,0.2041837098843693,0.4717917098514397,0.4736431925074439
supervised_contrastive,4,45,60,0.2329982960920567,0.4817025718122024,0.4835058807513877
supervised_contrastive,5,46,70,0.2154467836372799,0.4956310931529452,0.4976511127514513
supervised_contrastive,6,47,50,0.2697536147580086,0.4719500352478187,0.4735121406440012
supervised_contrastive,7,48,70,0.2408829579181825,0.49966858860031,0.5016778705235584
supervised_contrastive,8,49,60,0.228451594796696,0.4806814346504671,0.4824909515730774
supervised_contrastive,9,50,50,0.2319795838868593,0.4654507591698654,0.4670265600256895
supervised_contrastive,10,51,70,0.300331170236992,0.5123805658575676,0.5143331570407471
supervised_contrastive,11,52,80,0.2392382386431406,0.5014750393409573,0.5037370485558516
supervised_contrastive,12,53,60,0.1898152415721961,0.4702031512311146,0.47205838264784
supervised_contrastive,13,54,60,0.2127046844018547,0.4776638906288806,0.4794849349614075
supervised_contrastive,14,55,60,0.2349643965789015,0.4789990094186164,0.4808166052809742
supervised_contrastive,15,56,70,0.2413865531303545,0.4987697821709971,0.5007883159133452
supervised_contrastive,16,57,60,0.2335728138075959,0.4824564568307195,0.4842757601458639
supervised_contrastive,17,58,70,0.2703802060754252,0.5026548540149384,0.5046411457383616
supervised_contrastive,18,59,60,0.2650994642398543,0.4898494130021568,0.4916291107541216
supervised_contrastive,19,60,50,0.223504905383097,0.4688192687973962,0.4703899514611226
supervised_contrastive,20,61,60,0.2397448290866233,0.4814658363858076,0.4832688735422537
supervised_contrastive,21,62,60,0.2281141987235239,0.4898502697508773,0.4916288122464298
supervised_contrastive,22,63,60,0.2275482209774299,0.474187144140862,0.4760301757573101
supervised_contrastive,23,64,50,0.2225213017950927,0.4754139939203758,0.4769619390542143
supervised_contrastive,24,65,60,0.2263324446794821,0.4776591527080709,0.4794761675246256
supervised_contrastive,25,66,60,0.3028825236273572,0.4859746094652117,0.4877684304592826
supervised_contrastive,26,67,60,0.2243906775436965,0.4750674760429204,0.476893706471033
supervised_contrastive,27,68,50,0.256126225519792,0.4689644976629398,0.4705375111676815
supervised_contrastive,28,69,60,0.2495956602519314,0.489267898103061,0.4910440766914106
supervised_contrastive,29,70,70,0.2399404776088192,0.502651725032575,0.5046521249139634
supervised_contrastive,30,71,60,0.2814312730116062,0.4904472830093134,0.4922251373055106
supervised_contrastive,31,72,60,0.2251904508793947,0.4813506673930811,0.4831663867413374
