model,trial,seed,k,ARI,AMI,NMI,RI,Silhouette,Inertia
ssl_pretrain,1,42,10,0.0272609892225747,0.1280598436591002,0.1286035810063368,0.70914887330209,-0.0028719902038574,411626.1875
ssl_pretrain,1,42,20,0.0443107993666307,0.15935360916512,0.1600560934858302,0.8523391702193449,-0.0005025456193834,403401.875
ssl_pretrain,1,42,30,0.0403211438383568,0.1723122130665877,0.1732835606069019,0.8595589366585745,-0.0008039083331823,401165.78125
ssl_pretrain,1,42,40,0.070261541934841,0.1996390151927978,0.200708970014223,0.8730046867589932,-0.0002448519517201,399470.90625
ssl_pretrain,1,42,50,0.0419622417518972,0.1653733798464646,0.1666467207692738,0.81118221711981,-0.0103711811825633,403866.28125
ssl_pretrain,1,42,60,0.0930313939414064,0.2409235574844318,0.2424812977297833,0.9099012911184174,-0.0203415304422378,391838.96875
ssl_pretrain,1,42,70,0.1070004351579264,0.2316955666660428,0.2333642616492753,0.9264355629523346,-0.0018334228079766,390691.8125
ssl_pretrain,1,42,80,0.098289403515061,0.2440007114737149,0.2459374525896907,0.9205853445006424,-0.0167367551475763,388836.09375
ssl_pretrain,1,42,90,0.120021736606103,0.260864750753822,0.2626915792781966,0.9307041452541732,-0.0047788512893021,386654.34375
ssl_pretrain,1,42,100,0.1177371498517218,0.2641696456120834,0.2665360299048078,0.9334085738449416,-0.0135318432003259,382662.96875
ssl_pretrain,1,42,110,0.1171720755264692,0.2595316716119851,0.2622842359151335,0.9365834072409678,0.0130331134423613,380563.90625
ssl_pretrain,1,42,120,0.1080635225153616,0.2856511964198319,0.2886867736611241,0.944387040853609,-0.0134467938914895,375497.03125
ssl_pretrain,1,42,130,0.1279525671841354,0.2888731085249155,0.2922490168672455,0.94211552628554,0.0063529252074658,374911.84375
ssl_pretrain,1,42,140,0.1516098904484018,0.2953208975243032,0.299026731611873,0.951418559849493,0.0025788201019167,372509.125
ssl_pretrain,1,42,150,0.125740874701126,0.3010345722509169,0.3050286737016784,0.9549332512122352,-0.0118409339338541,370148.5
ssl_pretrain,1,42,160,0.136101872959825,0.300320935440845,0.3046638514322218,0.9563415985653286,0.0023885776754468,368647.875
ssl_pretrain,1,42,170,0.1505439343423988,0.3054114901916948,0.3102242053533871,0.9513294547199742,0.0030595969874411,368722.40625
ssl_pretrain,1,42,180,0.1258219363004663,0.3090919128268123,0.3142500503413587,0.9527346201452586,0.0019061119528487,367193.59375
ssl_pretrain,1,42,190,0.122821464799905,0.3146545204033546,0.3199880480290962,0.9557757558799695,0.0051535852253437,365800.84375
ssl_pretrain,1,42,200,0.1653740326949591,0.3210631843093335,0.3268818216550254,0.9555372456915132,0.0070834471844136,365037.40625
ssl_pretrain,2,43,10,0.0427468770206743,0.124499314321092,0.1249675373096682,0.8349943417002076,-0.0020705200731754,409296.78125
ssl_pretrain,2,43,20,0.0664474249706899,0.1799024440229041,0.180629986642823,0.8862396411406874,0.0008155527175404,400867.625
ssl_pretrain,2,43,30,0.0872919095929065,0.2418921524805998,0.242897232962036,0.8996625729388013,0.0047852643765509,394503.53125
ssl_pretrain,2,43,40,0.089273775711123,0.2254729746258289,0.2266956993795108,0.9047715738755424,-0.0341991074383258,393730.46875
ssl_pretrain,2,43,50,0.0596560122771118,0.1952735477459065,0.1966549095161264,0.862756747520788,-0.0027441408019512,400044.90625
ssl_pretrain,2,43,60,0.0841528815578068,0.2321819622696979,0.2336365041070492,0.9020439830664106,-0.0097332568839192,393281.90625
ssl_pretrain,2,43,70,0.0878698958064417,0.2232588443606207,0.2248755499239607,0.902653719300586,-0.0164196863770484,393873.96875
ssl_pretrain,2,43,80,0.0943974437966583,0.2409463058964516,0.2427502237610386,0.911347291058946,-0.0081108231097459,391474.34375
ssl_pretrain,2,43,90,0.095988715202038,0.2572645076413314,0.2592367179290304,0.909071316263464,-0.0327316224575042,389175.5625
ssl_pretrain,2,43,100,0.0567348353304881,0.2394106955837058,0.2418753597740822,0.904237961759016,-0.0141840046271681,384640.0625
ssl_pretrain,2,43,110,0.1242288021487319,0.2730178528423794,0.2756983810042162,0.9411431676586134,0.0103845046833157,379698.84375
ssl_pretrain,2,43,120,0.1274300925517582,0.2788058601311647,0.2818576731589747,0.944232971330418,-0.0231547821313142,375802.28125
ssl_pretrain,2,43,130,0.1192247779472665,0.2845862088035437,0.2880692109884399,0.9356007142299172,-0.0055833677761256,375540.53125
ssl_pretrain,2,43,140,0.1323461440747773,0.2836959950230173,0.2874793726798448,0.9503622185055958,0.0063288435339927,372656.09375
ssl_pretrain,2,43,150,0.1250310661818514,0.3027492048258449,0.3067485541976011,0.9536551202213478,-0.0036792708560824,369887.4375
ssl_pretrain,2,43,160,0.1038373976261973,0.3056002170871087,0.3100610582908208,0.9488561007468308,0.0057068262249231,369022.96875
ssl_pretrain,2,43,170,0.1350016849324256,0.3046185873964998,0.3093111565436336,0.959441511256468,-0.0122263701632618,367385.9375
ssl_pretrain,2,43,180,0.143765067425393,0.3194131622049365,0.324433070363018,0.9504508041810126,-0.0016631780890747,367540.15625
ssl_pretrain,2,43,190,0.1702467420301389,0.3274080171112505,0.3325814252501534,0.9563060233834798,0.0073686339892446,365630.9375
ssl_pretrain,2,43,200,0.1123947910395315,0.3222016431700583,0.3278559098053531,0.9578022504450496,-0.0001609967875992,364559.96875
ssl_pretrain,3,44,10,0.0434370605126398,0.1609772356643016,0.1614974962522207,0.8516763043534444,-0.0184040591120719,404753.9375
ssl_pretrain,3,44,20,0.0681631396258645,0.1904953851279583,0.1912487465349799,0.877811868547099,0.0011050699977204,402472.65625
ssl_pretrain,3,44,30,0.0617494719931381,0.2064922762502074,0.2074312009183305,0.8613195956131712,-0.0081577822566032,400657.75
ssl_pretrain,3,44,40,0.095483226042196,0.2247946613329042,0.2259890352024462,0.9134846487262528,0.0072224899195134,392262.53125
ssl_pretrain,3,44,50,0.0736504738608358,0.2172663357994647,0.2185719201269363,0.8907186493047654,-0.004302856978029,394776.65625
ssl_pretrain,3,44,60,0.0834022964841921,0.2358166808713812,0.2371635647489939,0.8945799068167221,-0.0142963547259569,396223.625
ssl_pretrain,3,44,70,0.0704039426996188,0.2193950212975972,0.2210447026015854,0.883946663217421,-0.0003093848354183,395430.34375
ssl_pretrain,3,44,80,0.0915382440573904,0.221856713234778,0.2236563903596599,0.918279512626644,0.0045714848674833,391292.90625
ssl_pretrain,3,44,90,0.0768572630384611,0.2294499555816071,0.2314064719024562,0.8967179244976806,-0.0039052173960953,389689.375
ssl_pretrain,3,44,100,0.1138208993716095,0.254586742953067,0.2568982922357741,0.9368755721493708,0.0027961204759776,382787.96875
ssl_pretrain,3,44,110,0.1301169530797022,0.2810983543186143,0.2836720965431366,0.9384520040745628,-0.0201361086219549,379551.5625
ssl_pretrain,3,44,120,0.1253743391687687,0.2722360753730767,0.2752904524183403,0.9443152543038912,-0.0144313052296638,376421.0
ssl_pretrain,3,44,130,0.1315276342388963,0.2895291214485684,0.2928769559428197,0.9472421981106316,-0.0041512730531394,374294.1875
ssl_pretrain,3,44,140,0.1438900027879445,0.2934370950944658,0.2971305892492559,0.9521591162357064,-0.0207325238734483,372255.15625
ssl_pretrain,3,44,150,0.1169737730479871,0.2830585448978291,0.2874297681022244,0.9406129312601392,0.0101899579167366,372513.6875
ssl_pretrain,3,44,160,0.1198636942968152,0.2960654135977195,0.3005082927154811,0.950407605096142,0.0098023591563105,370621.59375
ssl_pretrain,3,44,170,0.1562827055840927,0.3035006470791111,0.3081726232468125,0.9565582057024936,0.0020136851817369,368052.25
ssl_pretrain,3,44,180,0.1535046617251075,0.3171407907256716,0.3221369190033458,0.9573424121379112,-0.0082297530025243,366876.875
ssl_pretrain,3,44,190,0.1553992932480567,0.3176203022827724,0.3230466374181805,0.9513607095883836,0.0111149158328771,367597.875
ssl_pretrain,3,44,200,0.1354740809289212,0.333130414959135,0.3386870103975384,0.9547475732796212,0.0083735063672065,365241.875
ssl_pretrain,4,45,10,0.0550572597042322,0.1542533352192502,0.1547244084225499,0.8498214356394717,-4.106247433810495e-05,407523.5625
ssl_pretrain,4,45,20,0.0661849400211177,0.2085708608295824,0.2093388564478559,0.8752331697985652,0.0010321041336283,402072.84375
ssl_pretrain,4,45,30,0.0898431518910963,0.2201822519969059,0.2212228691969269,0.9121885161359244,0.0066700675524771,393823.625
ssl_pretrain,4,45,40,0.0885580241744676,0.2262716733823698,0.2274943294353332,0.9037887623132224,0.0033254874870181,393412.78125
ssl_pretrain,4,45,50,0.057573693744289,0.2043401964538572,0.2058195032187858,0.8876461305841096,-0.0039050225168466,397518.46875
ssl_pretrain,4,45,60,0.0859507565307102,0.21910923101259,0.2204321138294013,0.905221441844856,-0.0174467004835605,396072.6875
ssl_pretrain,4,45,70,0.1084394034528137,0.2549684059054081,0.2566758025009929,0.9238113326520488,-0.0161921177059412,388245.8125
ssl_pretrain,4,45,80,0.0605325824980805,0.2010545449409056,0.203046531657785,0.8960029925575327,-0.0260805841535329,393249.21875
ssl_pretrain,4,45,90,0.088473154742243,0.2473205894115877,0.2493755812793043,0.9102778057832164,-0.0080920085310935,388546.75
ssl_pretrain,4,45,100,0.1168721828836004,0.2737651932210674,0.2760940814366375,0.929817789117454,-0.0079442840069532,382889.84375
ssl_pretrain,4,45,110,0.1248565483843823,0.274934736337115,0.277525226124691,0.941621374663307,0.0039526070468127,379298.8125
ssl_pretrain,4,45,120,0.1166534308354172,0.2899163372808707,0.2929522938496992,0.9510740597202476,-0.0061565018258988,376429.28125
ssl_pretrain,4,45,130,0.1140661269561327,0.2660562753396421,0.2696528235225658,0.9381150455667154,-0.0046680909581482,375066.125
ssl_pretrain,4,45,140,0.0952825701775897,0.2758503407424899,0.2797047951948064,0.94896857391615,-0.0005865491693839,372567.59375
ssl_pretrain,4,45,150,0.1265438879361957,0.2994016172111111,0.3035301981112167,0.9530464527679484,-0.001197517151013,370821.90625
ssl_pretrain,4,45,160,0.1674059241667219,0.3034386890259288,0.3077538829276088,0.9600215073788004,0.0074307518079876,368221.9375
ssl_pretrain,4,45,170,0.1536069360373909,0.3301432642359057,0.3347158612590852,0.9527687070391662,-0.0076195634901523,368264.96875
ssl_pretrain,4,45,180,0.1411966557144517,0.3028863240456131,0.3081062608733169,0.9484848600289252,0.0053643761202692,369043.09375
ssl_pretrain,4,45,190,0.1212531433532105,0.2911975158831126,0.2968002991114389,0.943881971305038,-0.0278531368821859,369213.625
ssl_pretrain,4,45,200,0.1559299653019171,0.3129298389296827,0.3186292442073699,0.9587967538035288,0.0067483582533895,365219.53125
ssl_pretrain,5,46,10,0.0684425986784903,0.1998684313289396,0.2004057737799917,0.8738264359751997,-0.001710399868898,404179.375
ssl_pretrain,5,46,20,0.0481512799700003,0.1703183017779531,0.1711625220426092,0.8707488628035652,-0.0010893788421526,399981.53125
ssl_pretrain,5,46,30,0.0837255141253096,0.222136299965599,0.2232318173734385,0.9032075135969576,0.0022257789969444,395357.75
ssl_pretrain,5,46,40,0.0726100192163497,0.2079350831901247,0.2091759467964964,0.8920192400684007,0.0055081807076931,394277.1875
ssl_pretrain,5,46,50,0.093362543531178,0.2448950381777795,0.2463753514619962,0.9082409389210816,0.0034091484267264,392208.0
ssl_pretrain,5,46,60,0.0651949432702079,0.1872994130738405,0.1886469290901124,0.878333920154194,-0.0072595016099512,397673.5
ssl_pretrain,5,46,70,0.1008415975394693,0.2529024869836443,0.2544406529542086,0.9181177342191252,-0.0133508807048201,390627.6875
ssl_pretrain,5,46,80,0.0868076489038593,0.2261087927587758,0.2278877326920921,0.9028400035466478,-0.0213113576173782,392995.34375
ssl_pretrain,5,46,90,0.0587245736185399,0.1982267311640814,0.2004324939151038,0.9068122820922504,-0.0072878450155258,389858.46875
ssl_pretrain,5,46,100,0.1174256192730217,0.2626217748677806,0.2649792345881626,0.9331120022332632,-0.0028125825338065,382826.125
ssl_pretrain,5,46,110,0.1006225794019362,0.2579057657173711,0.2606304018886187,0.9285863038841852,0.0129031585529446,380889.28125
ssl_pretrain,5,46,120,0.1383519903003831,0.2822659469250066,0.285218391305314,0.9469616799841184,-0.0130336917936801,376287.90625
ssl_pretrain,5,46,130,0.1266651851065217,0.2731765479702344,0.2765505207481996,0.9438681721133432,-0.0164922606199979,374691.8125
ssl_pretrain,5,46,140,0.1415084866250058,0.2870283965051651,0.2907426652579,0.9497011811463044,-0.0007751078810542,372924.84375
ssl_pretrain,5,46,150,0.1296524196655302,0.2880734220887214,0.2922533064886949,0.9449389448441208,-0.0128997834399342,372412.6875
ssl_pretrain,5,46,160,0.0942896051788564,0.2793799077248197,0.2839132500942217,0.9487126257162918,-0.0012572165578603,370657.875
ssl_pretrain,5,46,170,0.1530278686807456,0.3125508213665859,0.3172770480470827,0.9530033798051956,-0.0117702716961503,369189.8125
ssl_pretrain,5,46,180,0.1565955292187187,0.3237562787537018,0.3287515067825548,0.9538020953900836,0.0092637240886688,367342.28125
ssl_pretrain,5,46,190,0.1723698661607594,0.3129966712027783,0.3184269797818672,0.962004801861301,0.008625941351056,365550.09375
ssl_pretrain,5,46,200,0.1439842334698897,0.2980774048198089,0.3038743892760184,0.9558071811805012,-0.005428357515484,366701.625
ssl_pretrain,6,47,10,0.0277275422039843,0.1335360405094952,0.1340089001567219,0.7821939180471753,-0.0053885504603385,409883.75
ssl_pretrain,6,47,20,0.0610006536425444,0.1808122847683436,0.1816061861301937,0.8806620686590859,-0.0062794596888124,401365.75
ssl_pretrain,6,47,30,0.0769482412981624,0.2134721994938817,0.2143962579001839,0.8918170265225629,0.0028301696293056,397728.90625
ssl_pretrain,6,47,40,0.0763550472120866,0.2270853726229142,0.228303574827613,0.9082545436182684,0.0022842602338641,393769.6875
ssl_pretrain,6,47,50,0.0653065971730866,0.2328145116885605,0.2342325589052768,0.899852807230996,-0.0064219245687127,391879.21875
ssl_pretrain,6,47,60,0.0980773932085284,0.2360695403006025,0.2375531855246639,0.9145743675344812,0.0023580014239996,391300.53125
ssl_pretrain,6,47,70,0.0925339894720483,0.2254951288506573,0.2270576822652518,0.9080098413561568,-0.0038802146445959,393608.78125
ssl_pretrain,6,47,80,0.0770108387367845,0.208464706789004,0.2101664418232063,0.9056503403834688,-0.0213700365275144,393827.6875
ssl_pretrain,6,47,90,0.0819479735703276,0.2441170025242459,0.2461406514454059,0.919013116802548,0.0016011364059522,389078.3125
ssl_pretrain,6,47,100,0.1214159334673926,0.2528561018399881,0.2551294102642943,0.9412117378302274,-0.0107178641483187,383045.625
ssl_pretrain,6,47,110,0.1434424850964813,0.2903976417418354,0.292961251824593,0.9439258932592084,0.0076466049067676,379042.625
ssl_pretrain,6,47,120,0.1347215860613436,0.3092823009154106,0.3123025058581938,0.9352957797065118,0.0150546077638864,376924.78125
ssl_pretrain,6,47,130,0.1017357624560905,0.2817196443408398,0.2851651273677954,0.9395243888091608,0.0034915951546281,375082.75
ssl_pretrain,6,47,140,0.1401820506707373,0.301523448190452,0.3052410943974349,0.945158318040632,0.0038441219367086,372682.28125
ssl_pretrain,6,47,150,0.1540996707323685,0.3061351442847762,0.3102002268091201,0.9517674587590328,-0.0054369843564927,370524.21875
ssl_pretrain,6,47,160,0.1674859671458562,0.3120604711229603,0.3163976852823054,0.9559796389446004,8.93374890438281e-05,368811.90625
ssl_pretrain,6,47,170,0.1200844874355717,0.304555958573016,0.3092336128778392,0.954941331537644,-0.0021240927744656,368581.28125
ssl_pretrain,6,47,180,0.1284761443636514,0.294061184041477,0.2993784297558221,0.9481271945464548,0.0083666928112506,368337.21875
ssl_pretrain,6,47,190,0.1193371852346953,0.310092270897267,0.3153471986887597,0.9583083624231488,0.011027630418539,365395.8125
ssl_pretrain,6,47,200,0.1147991202311445,0.3140136100560066,0.3197029382607923,0.954331734043667,0.0044656042009592,365681.875
ssl_pretrain,7,48,10,0.0504643653737592,0.1650887182648641,0.1656450963248896,0.8586936205551187,-0.002479879418388,405314.71875
ssl_pretrain,7,48,20,0.0574273907522254,0.1967431607788982,0.1974923785457333,0.8759173402666017,-0.0053788125514984,400880.0625
ssl_pretrain,7,48,30,0.0711605803536916,0.187991795619545,0.1889071137331845,0.8849678868582541,-0.0117345107719302,400971.09375
ssl_pretrain,7,48,40,0.0558845953371994,0.2037630338600929,0.2048536623333355,0.8519829465433282,0.0020208077039569,398305.5
ssl_pretrain,7,48,50,0.0694311845805372,0.2266177053469044,0.2278688297740043,0.8781935971788918,-0.0395583920180797,395656.9375
ssl_pretrain,7,48,60,0.0524465291568443,0.1922533063675547,0.1940410701235552,0.8858607847361847,-0.0058720866218209,395447.03125
ssl_pretrain,7,48,70,0.0890970843905562,0.2224499965434825,0.2238957497626434,0.8981737072067979,-0.0435851700603961,395498.46875
ssl_pretrain,7,48,80,0.1164569718069899,0.26334690293629,0.2651940981863495,0.931338486217431,-0.0062542525120079,387064.0625
ssl_pretrain,7,48,90,0.1040301478227645,0.2433192128531137,0.2452606865553378,0.9207224123632678,-0.0146787045523524,388425.6875
ssl_pretrain,7,48,100,0.1135809720120377,0.2748909419639407,0.2770812343304736,0.9254407491890714,0.0121755572035908,384038.53125
ssl_pretrain,7,48,110,0.1017374519386021,0.2726808558918105,0.275456397420005,0.9334666602695696,-0.0031021134927868,380226.90625
ssl_pretrain,7,48,120,0.1246222369802142,0.2900141346561372,0.2929995213958679,0.935142644449488,-0.0052746781148016,376707.90625
ssl_pretrain,7,48,130,0.1053526707700212,0.3001367852769841,0.303562423451337,0.9425106900627284,-0.0072320722974836,373400.3125
ssl_pretrain,7,48,140,0.1388604305564758,0.2886546332455814,0.2924524608234818,0.9460833610365788,-0.0055568828247487,373910.59375
ssl_pretrain,7,48,150,0.148238662480871,0.308360244435535,0.3123510232185112,0.9504490487418938,-0.0200155302882194,371261.46875
ssl_pretrain,7,48,160,0.098021291973471,0.2995276533494604,0.303957787666032,0.95191296846975,-0.0111989118158817,369197.375
ssl_pretrain,7,48,170,0.1431183898964725,0.308507578186914,0.3132536082265023,0.9516593441095276,-0.0112553415820002,368669.125
ssl_pretrain,7,48,180,0.1442055254569044,0.3010711920451719,0.3062630391004026,0.9483854329572966,0.0054218894802033,369634.96875
ssl_pretrain,7,48,190,0.1621833786482601,0.3212593230236373,0.3265951105765179,0.9597059221389233,0.0131529048085212,364583.5625
ssl_pretrain,7,48,200,0.1034776231549383,0.3021282466829085,0.3079524352593916,0.952818573928677,-0.006337221711874,366322.1875
ssl_pretrain,8,49,10,0.0275804724085366,0.1350955755437807,0.135529876825952,0.7274224630427558,-0.0026018051430583,410557.03125
ssl_pretrain,8,49,20,0.082770241589179,0.2228727055741275,0.2237305952553484,0.8933790107454027,0.0028278201352804,397531.375
ssl_pretrain,8,49,30,0.0794413615173637,0.2204145503491126,0.2214599584790682,0.8804835026288627,-0.0070143546909093,398524.875
ssl_pretrain,8,49,40,0.0805153127676805,0.2145924599739982,0.2158204506454159,0.8985590727215684,0.0021409795153886,395926.8125
ssl_pretrain,8,49,50,0.0618460729846089,0.1952087226633438,0.1966228927786308,0.9102412180444116,-0.0228482298552989,392707.53125
ssl_pretrain,8,49,60,0.0955998365657334,0.2271797279708859,0.2286049523099141,0.9208269046259157,-0.0164787210524082,391470.34375
ssl_pretrain,8,49,70,0.1054998490957752,0.2510026650546313,0.2524876688730985,0.917289060787142,-0.0007173594203777,392127.96875
ssl_pretrain,8,49,80,0.0897857374005597,0.2197515042135442,0.2214302270034901,0.9108946840857988,-0.024497665464878,395266.375
ssl_pretrain,8,49,90,0.0980718281057833,0.2413678884311093,0.2434426386608622,0.9188644930082132,-0.0149968899786472,388112.3125
ssl_pretrain,8,49,100,0.0844650337485134,0.2623029224985863,0.2647321056577849,0.925232030875933,0.0056013353168964,383069.59375
ssl_pretrain,8,49,110,0.1023420674755794,0.2726289547718054,0.2752135250414508,0.9433391978163784,0.0087544051930308,379115.65625
ssl_pretrain,8,49,120,0.1087140742361297,0.2819504589643641,0.2849529262543682,0.9463148827450802,0.0082502048462629,376475.9375
ssl_pretrain,8,49,130,0.1085188178634669,0.2773357847022972,0.2807181229292637,0.9466595349955584,-0.0101660508662462,375172.28125
ssl_pretrain,8,49,140,0.1032477497956325,0.2923634421942229,0.2960709808523861,0.9511186205601204,0.011685436591506,372368.40625
ssl_pretrain,8,49,150,0.1368528284488823,0.2960388164168114,0.3001165945463626,0.9440922950488572,0.0048268451355397,372604.40625
ssl_pretrain,8,49,160,0.1482709431034463,0.2979273515102732,0.3023467592264204,0.9550920845597284,0.007913420908153,369393.8125
ssl_pretrain,8,49,170,0.1609684425101917,0.3066522165881258,0.3114242224167517,0.9567604053977872,-0.0050133103504776,369092.34375
ssl_pretrain,8,49,180,0.1187737288296954,0.3083084017321427,0.3133992492108861,0.9517060419827535,0.0010431921109557,367646.46875
ssl_pretrain,8,49,190,0.1525183532391563,0.317621405611911,0.3229320713302773,0.9532926205467672,-0.0151815097779035,366648.75
ssl_pretrain,8,49,200,0.1573363180879267,0.3172714548868514,0.3229353332452383,0.9590410039275318,-0.0034353446681052,364954.65625
ssl_pretrain,9,50,10,0.0634136313270076,0.1647943245604613,0.1653436676450323,0.8737981581521828,-0.0045070382766425,405574.3125
ssl_pretrain,9,50,20,0.0403551429933855,0.1593348598131429,0.1601788688931519,0.8672296484751394,0.0048423665575683,398725.78125
ssl_pretrain,9,50,30,0.0930045558978944,0.247798511609029,0.2488154870544484,0.9049802527498428,-0.0017838050844147,394714.1875
ssl_pretrain,9,50,40,0.0602416540023316,0.1954568774217072,0.1967365747586445,0.8706408652967995,0.0008627129718661,399123.875
ssl_pretrain,9,50,50,0.078983252361074,0.219815839753156,0.2212540743670308,0.8979418915850503,0.0004136516945436,394157.75
ssl_pretrain,9,50,60,0.0814459283473367,0.2188766021688022,0.2202401819187934,0.9039733215796252,0.0006914859986864,394677.09375
ssl_pretrain,9,50,70,0.0361071085105416,0.1852610657935453,0.1866409867098385,0.833534091427584,-0.0121092898771166,401839.1875
ssl_pretrain,9,50,80,0.0878172130281693,0.236710364167021,0.2384238780643567,0.8990090060114575,-0.0052865538746118,393169.15625
ssl_pretrain,9,50,90,0.106141522520191,0.2560895892480615,0.2580634682160978,0.9200167747252654,-0.0159164909273386,388099.125
ssl_pretrain,9,50,100,0.0947669231260679,0.2445556841384451,0.2470361868906274,0.918535396092814,-0.0152254058048129,384713.9375
ssl_pretrain,9,50,110,0.1227613121789856,0.2733870958742364,0.2760582117560544,0.93545020400318,0.0134811885654926,379425.0625
ssl_pretrain,9,50,120,0.1473382252010343,0.2881129308060168,0.2911418951733618,0.9463340878746612,-0.0101308925077319,376907.375
ssl_pretrain,9,50,130,0.1147287173092616,0.2885362458741823,0.2919052885533926,0.9504780023071464,5.462323315441608e-05,374200.40625
ssl_pretrain,9,50,140,0.1143373691706287,0.3041262567997964,0.3077147260657517,0.9464631788801388,0.0071189752779901,372406.9375
ssl_pretrain,9,50,150,0.1296545392419731,0.310628480785281,0.3146146972681768,0.9552479749013028,-0.008171253837645,370302.40625
ssl_pretrain,9,50,160,0.1242500248570974,0.305633024746101,0.3101226552130101,0.9550827295734184,0.0122866900637745,368978.75
ssl_pretrain,9,50,170,0.1259873430116778,0.3070327376610758,0.3118178682204258,0.956214628160355,-0.0120976902544498,367678.3125
ssl_pretrain,9,50,180,0.1259870898854751,0.3200337808510923,0.324988392963995,0.9534717444135332,0.0052992338314652,367031.5625
ssl_pretrain,9,50,190,0.1596255673369624,0.3087158913589345,0.3142266731152873,0.9586921794353236,0.0016915472224354,365187.71875
ssl_pretrain,9,50,200,0.1046464591430841,0.3125788222969507,0.3182856513149242,0.9580638254285494,-0.0085992952808737,364857.0625
ssl_pretrain,10,51,10,0.0295293847880286,0.1811863277650758,0.1816102651225064,0.6947426138328129,-0.0005327370017766,412160.1875
ssl_pretrain,10,51,20,0.0405086555852902,0.1544750728051762,0.1552363811271599,0.844863115948477,-0.0026128708850592,403487.4375
ssl_pretrain,10,51,30,0.0823646093224732,0.2312020593712157,0.2321012041114282,0.8913670124182689,0.0033088561613112,398331.875
ssl_pretrain,10,51,40,0.0744637082256256,0.2217852527210826,0.2228516230040398,0.880963595772515,-0.0044432836584746,400735.1875
ssl_pretrain,10,51,50,0.0624480485892057,0.1883662860661177,0.1895955929151337,0.8618363332476472,-0.0211874227970838,402952.90625
ssl_pretrain,10,51,60,0.0765529748736755,0.207623393173389,0.2090324159386294,0.8956700080408273,-0.0213347803801298,397599.28125
ssl_pretrain,10,51,70,0.0443661850764641,0.165350196391299,0.1670698796001855,0.8417943159816013,-0.0420142076909542,402087.125
ssl_pretrain,10,51,80,0.0607502976395033,0.1970140122141541,0.1986764640574858,0.901197147814706,-0.0329713486135005,397570.875
ssl_pretrain,10,51,90,0.0997500917410157,0.2458045779939272,0.2477007400424403,0.9199471968091726,-0.0259072296321392,388867.125
ssl_pretrain,10,51,100,0.1049459662593335,0.2605237062231452,0.2628314484486044,0.9264530206244666,0.008634434081614,383757.25
ssl_pretrain,10,51,110,0.1012997256719085,0.2623808907196328,0.2650893717705902,0.9326056217541452,0.0113725764676928,379703.8125
ssl_pretrain,10,51,120,0.1453995454481748,0.2974166976679119,0.3003705631742239,0.9465302607638116,-0.0034536926541477,375525.46875
ssl_pretrain,10,51,130,0.1116971471506158,0.2756564441398684,0.2790511998630398,0.93909175033013,0.0079787839204072,375232.15625
ssl_pretrain,10,51,140,0.152330272394172,0.298949826904493,0.3026297259830373,0.9511395416312932,0.0135792018845677,372285.28125
ssl_pretrain,10,51,150,0.1389892673196161,0.298293487181777,0.3024598636214207,0.9482163457466402,0.0085632326081395,370935.0
ssl_pretrain,10,51,160,0.1514063037402898,0.3037723658004481,0.3082133231934091,0.9514029153662072,0.004555094987154,369711.25
ssl_pretrain,10,51,170,0.1496927379955381,0.3030419121939581,0.3077503598133703,0.9525406801281856,0.0091876247897744,369446.71875
ssl_pretrain,10,51,180,0.1059994652050879,0.3110116725961983,0.3160879755304142,0.9492783944538292,-0.007479173131287,367743.96875
ssl_pretrain,10,51,190,0.1224236679995832,0.3100426103588333,0.3155059950887274,0.9514996601273318,0.0034798870328813,367286.5625
ssl_pretrain,10,51,200,0.1300715757913708,0.3143119890559597,0.3200347353062951,0.9579193918933904,0.0092316213995218,365351.53125
ssl_pretrain,11,52,10,0.0564785728608817,0.1710745605839745,0.1715352023850681,0.8446724387323068,-0.0023392331786453,406772.15625
ssl_pretrain,11,52,20,0.0612346018017284,0.2147944050076852,0.2155003544705835,0.8430671197949016,-0.0162546392530202,401968.40625
ssl_pretrain,11,52,30,0.0841114390295246,0.2138498286455288,0.2148348498132133,0.8991250487477611,0.004340078216046,395656.34375
ssl_pretrain,11,52,40,0.0801178000814505,0.2213869809863518,0.2224901163213889,0.8911913292966877,-0.0014822632074356,398276.65625
ssl_pretrain,11,52,50,0.0752665290587921,0.2165478819101385,0.2177362775515411,0.883130871026437,-0.0396223738789558,397963.15625
ssl_pretrain,11,52,60,0.1010918053337232,0.2376499533390545,0.2389950410001181,0.9090500179410238,0.0054148621857166,392497.59375
ssl_pretrain,11,52,70,0.0855068022060213,0.2230860641630294,0.2247584232903232,0.9119206542377538,-0.0018082063179463,391086.03125
ssl_pretrain,11,52,80,0.0929376229032246,0.2217957800436096,0.2236291938576711,0.9182984106380108,-0.0229595508426427,391521.78125
ssl_pretrain,11,52,90,0.0700878648061488,0.2243103691436255,0.2262676902174845,0.914340535954266,-0.0233907382935285,389431.84375
ssl_pretrain,11,52,100,0.1021503764147307,0.2527238857679684,0.2550745388641648,0.926093089052088,-0.0001490753056714,383827.84375
ssl_pretrain,11,52,110,0.1178716639436033,0.2732610987572839,0.2759510272846695,0.9338325944683274,0.0043752742931246,379964.5
ssl_pretrain,11,52,120,0.1299844637953811,0.2779763252937703,0.2809633741260083,0.94680189259235,0.0029178611002862,376195.1875
ssl_pretrain,11,52,130,0.1082591667596649,0.3038404204116642,0.3071005833562312,0.9425753523854188,-0.0079571735113859,374811.125
ssl_pretrain,11,52,140,0.1286723909624951,0.2888092118709544,0.2926295767103021,0.9444370355085224,0.0110605610534548,373612.15625
ssl_pretrain,11,52,150,0.1501155380834115,0.300072716757437,0.3041804071384239,0.9508877467166998,0.009751409292221,371590.65625
ssl_pretrain,11,52,160,0.1258364717580374,0.3157344555780257,0.3200897979877199,0.9508960998860946,0.01234348770231,369457.28125
ssl_pretrain,11,52,170,0.117565962005959,0.292515914450232,0.2973240424697462,0.9560759555713138,-0.005900836084038,367858.78125
ssl_pretrain,11,52,180,0.1306978226948205,0.3048489135167958,0.3101695750386661,0.944697909337559,0.0063138990662992,367888.09375
ssl_pretrain,11,52,190,0.1547807131721804,0.3137162499374101,0.3190126845873153,0.9508575359211038,-0.0043021109886467,368478.90625
ssl_pretrain,11,52,200,0.1411389410927546,0.2945751856472841,0.3003832213314437,0.9527711690908016,-0.0042942212894558,366505.75
ssl_pretrain,12,53,10,0.0529216887972821,0.1518606205963506,0.1522830302561405,0.8457751526377041,-0.007051839493215,408985.40625
ssl_pretrain,12,53,20,0.070937085887162,0.2004123541373072,0.2012114379251054,0.8744057555923426,-0.0007861321209929,401188.09375
ssl_pretrain,12,53,30,0.0836989127379957,0.2298271586787808,0.2308795130636167,0.8910635418856635,-3.240316073060967e-05,397499.375
ssl_pretrain,12,53,40,0.0617405189724956,0.199568170332209,0.2008121685563271,0.9044888694171284,-0.0041237203404307,394351.28125
ssl_pretrain,12,53,50,0.0594274012312222,0.1917800955710537,0.1930366196418615,0.8765706425076956,-0.0159692876040935,398341.4375
ssl_pretrain,12,53,60,0.0539472591288385,0.1770883277551824,0.17852636817533,0.8677495897522611,-0.0253010373562574,400889.28125
ssl_pretrain,12,53,70,0.0823190967225234,0.2291949027526826,0.2308115172555066,0.8967981670981672,-0.0089270966127514,395763.25
ssl_pretrain,12,53,80,0.0887357859733638,0.2404024704556264,0.2421099706467171,0.9027038596209704,-4.9772737838793546e-05,393877.4375
ssl_pretrain,12,53,90,0.0886089863494017,0.2271827260641122,0.2290751518405086,0.9242138095166538,-0.0326706916093826,388269.9375
ssl_pretrain,12,53,100,0.1012248900139337,0.2669118071419362,0.2691660246532709,0.9389187667148556,-0.001326332334429,382643.25
ssl_pretrain,12,53,110,0.13662791688767,0.2828485728733833,0.2853949159717055,0.9451738885174074,-0.0112463133409619,378612.375
ssl_pretrain,12,53,120,0.1424668279693199,0.2985902374869728,0.3016416670230859,0.943063892952594,-0.0016505619278177,377133.59375
ssl_pretrain,12,53,130,0.1248821827291596,0.279338953738475,0.2828203508820555,0.9407068964048172,-0.0056426231749355,375784.28125
ssl_pretrain,12,53,140,0.1406571755635892,0.2964592500609196,0.3001572108483218,0.9481974003147658,0.0061678304336965,372497.71875
ssl_pretrain,12,53,150,0.1234344097447397,0.3157582983270013,0.3197032927509106,0.9486494925289108,0.0056503093801438,370328.21875
ssl_pretrain,12,53,160,0.1590945567589225,0.3009941203884823,0.3054206752166455,0.955071397245836,0.0020483171101659,368947.71875
ssl_pretrain,12,53,170,0.1118339118262525,0.3040576674424233,0.3087819996667737,0.9496532356676894,-0.0002413997717667,368454.1875
ssl_pretrain,12,53,180,0.1535811252150903,0.3120975336707582,0.3172365171966346,0.9534902202767408,0.000974909577053,367323.40625
ssl_pretrain,12,53,190,0.1291613932829286,0.3129977781833429,0.3183331062708563,0.9589571033161184,0.0122402813285589,365692.84375
ssl_pretrain,12,53,200,0.1363686586925206,0.3070067688585915,0.3128827786036268,0.9548510440059348,0.0105041172355413,366635.71875
ssl_pretrain,13,54,10,0.0322757094791117,0.1083076275200528,0.1088388453676368,0.7995874800587367,-0.0179471410810947,412861.9375
ssl_pretrain,13,54,20,0.0695791931122075,0.1998781320681323,0.2005825878656208,0.8663169442601011,-0.005428141914308,403782.84375
ssl_pretrain,13,54,30,0.0655456087698248,0.2054114426201988,0.2065048023589166,0.8986914920832798,-0.0114822890609502,395736.25
ssl_pretrain,13,54,40,0.0959637828720537,0.2383276975700939,0.2395743968625796,0.9132967329917068,0.0046824268065392,392562.625
ssl_pretrain,13,54,50,0.0783757089681519,0.2207629578902226,0.2220984696949976,0.9014251797729188,-0.0085687637329101,393580.09375
ssl_pretrain,13,54,60,0.082981761737841,0.2321894739746319,0.2335650533619047,0.9029487849003216,-0.0100615099072456,392829.5
ssl_pretrain,13,54,70,0.0599628437847692,0.2190532963420454,0.2205894134793617,0.8851463727196486,-0.0275891851633787,395956.71875
ssl_pretrain,13,54,80,0.1258681971962719,0.2590969295736968,0.2609591008731437,0.9350499215695232,0.0031642119865864,387851.5625
ssl_pretrain,13,54,90,0.0851204282968114,0.2413487518738324,0.2432622972988292,0.9121344177290488,-0.018273327499628,389001.4375
ssl_pretrain,13,54,100,0.1270786718492409,0.270803646876135,0.2730861062091393,0.9378040351733744,-0.0235762856900692,383063.1875
ssl_pretrain,13,54,110,0.0892087948235546,0.2480376333375887,0.2508012969281644,0.9297949630095458,-0.0013790543889626,381231.84375
ssl_pretrain,13,54,120,0.0887001197529805,0.2911282149020826,0.2941420417517774,0.929436661458433,0.0070725190453231,377045.21875
ssl_pretrain,13,54,130,0.0920831231787099,0.2763603266986321,0.2798829263297614,0.945601097465676,-0.0056517133489251,374869.375
ssl_pretrain,13,54,140,0.1349047764939461,0.2885783497518249,0.2923704094032708,0.9463957303091732,-0.0050036460161209,373274.6875
ssl_pretrain,13,54,150,0.1152780608171588,0.2993672247897727,0.3033521960428284,0.9498968149206228,0.0120756207033991,371548.65625
ssl_pretrain,13,54,160,0.1198622200863812,0.3020106184884458,0.3064043151508653,0.9547731839925198,0.0082543110474944,368879.375
ssl_pretrain,13,54,170,0.1590839332409767,0.312630744543769,0.3173785868687612,0.9533982032463392,-0.0104087619110941,368418.53125
ssl_pretrain,13,54,180,0.1335859507236259,0.3090334715412648,0.3140930208674601,0.9526465552737846,0.0056426567025482,367310.75
ssl_pretrain,13,54,190,0.1242261537711605,0.311538059408851,0.3167996440657636,0.9558927314739109,-0.0089020794257521,366194.21875
ssl_pretrain,13,54,200,0.1050427797540683,0.2992414287018069,0.3051260714419326,0.951124381799682,-0.0159731637686491,366359.75
ssl_pretrain,14,55,10,0.0409101886450255,0.1572712424582184,0.1577073228913599,0.8028405822353023,-0.0017895008204504,408139.78125
ssl_pretrain,14,55,20,0.0461092127829308,0.1881762086685943,0.1889163444517524,0.8147085252744923,-2.838227737811394e-05,403979.15625
ssl_pretrain,14,55,30,0.0782034739245695,0.2110274583549906,0.2119770156641641,0.8966391759366324,0.0001377988228341,398778.90625
ssl_pretrain,14,55,40,0.0686278850954985,0.2194891527427039,0.2206440580932355,0.8767910818439891,-0.0042013647034764,396687.65625
ssl_pretrain,14,55,50,0.0707877395721545,0.2009989102048051,0.2022709956394222,0.8863645161226297,-0.0270096641033887,400349.1875
ssl_pretrain,14,55,60,0.0632785791083941,0.198265233802404,0.1996042653414017,0.8675018192424435,-0.0189638435840606,399408.9375
ssl_pretrain,14,55,70,0.085062389430984,0.2530932588912703,0.2547732875491287,0.9192986140823768,-0.0231988858431577,389413.8125
ssl_pretrain,14,55,80,0.0781579119256273,0.2274414019609131,0.2294945752588524,0.8901050029328049,-0.0294462405145168,394398.3125
ssl_pretrain,14,55,90,0.0761248062946433,0.2241165223674813,0.2262604126514198,0.9012055143651352,-0.0039933370426297,388793.78125
ssl_pretrain,14,55,100,0.1282336615289845,0.2563047471796436,0.2587569626526669,0.940686936185814,-0.008734107017517,383727.71875
ssl_pretrain,14,55,110,0.1242636927590882,0.2769971915726958,0.279674341939278,0.9365108232285524,0.009414367377758,379606.6875
ssl_pretrain,14,55,120,0.0921326255450494,0.2694407626929475,0.2725327586983415,0.943277140980622,-0.0015267783310264,376847.59375
ssl_pretrain,14,55,130,0.1191580167012333,0.2858877642024021,0.2892028099819625,0.94393577849835,0.0071511063724756,375073.21875
ssl_pretrain,14,55,140,0.146878522276287,0.3054140599195962,0.3091241124643663,0.9463190272270328,0.0040246988646686,373014.5
ssl_pretrain,14,55,150,0.1274099010046739,0.2996251864476172,0.3036598041076518,0.9526957748264132,0.0056394645944237,370536.8125
ssl_pretrain,14,55,160,0.1168455118045127,0.2756094241578719,0.2801917474565131,0.9433344061149213,-0.006546604912728,371514.96875
ssl_pretrain,14,55,170,0.1624772999079164,0.3138799237772088,0.3185752587037298,0.955175827709233,0.0058600576594471,367741.8125
ssl_pretrain,14,55,180,0.1193478357661582,0.3064055316445888,0.311481252735018,0.95638440455297,-0.0122181307524442,366748.21875
ssl_pretrain,14,55,190,0.1368887374895239,0.3119673313006317,0.3173804509820148,0.9596070016098722,0.0098611963912844,365803.5625
ssl_pretrain,14,55,200,0.1217676597155921,0.3131911712032572,0.3188880039476703,0.9542192106954692,-0.013753367587924,365083.34375
ssl_pretrain,15,56,10,0.044662603777739,0.1690855957020463,0.1695566621453962,0.8393674609855195,-0.0046671964228153,407022.125
ssl_pretrain,15,56,20,0.0642503298426247,0.192004969197863,0.1927743590511339,0.8824474488399279,-0.0017138142138719,401393.5625
ssl_pretrain,15,56,30,0.0583361017973842,0.1758462164859457,0.1767556518550007,0.8629891083609974,-0.0083167692646384,402001.8125
ssl_pretrain,15,56,40,0.0519829392445019,0.2001373160139625,0.2013541432542389,0.8825018275442603,-0.0029621897265315,395499.34375
ssl_pretrain,15,56,50,0.0885750376796171,0.2272649661989529,0.2285938287959328,0.9004405968081408,0.0017176911933347,394479.0
ssl_pretrain,15,56,60,0.0785475487730652,0.2241108841842571,0.2256031316363392,0.9011548581706628,0.0033711115829646,393070.4375
ssl_pretrain,15,56,70,0.0703158558537729,0.2208341041221032,0.2222107972440382,0.8754324499634385,-0.0004701970610767,398048.125
ssl_pretrain,15,56,80,0.0725695820667635,0.2490224998647299,0.2506429421350732,0.9182843316183688,0.0014601667644456,389648.1875
ssl_pretrain,15,56,90,0.0827769647825012,0.2521175667765254,0.2541105214821931,0.9166080221854132,-0.024321449920535,389201.0625
ssl_pretrain,15,56,100,0.0867305414289199,0.2450519782737386,0.2475073329786152,0.9113707152638773,-0.0156609062105417,385132.75
ssl_pretrain,15,56,110,0.130020815452191,0.2772669890346049,0.2799355762440499,0.941519719121257,-0.0080682290717959,379946.34375
ssl_pretrain,15,56,120,0.1219868055292004,0.2721230850130676,0.2753295889127122,0.9379105029579432,-0.0098267691209912,377586.46875
ssl_pretrain,15,56,130,0.1463155781537465,0.2929697286388698,0.2963652078292952,0.9476586756454008,0.0084626711905002,374206.125
ssl_pretrain,15,56,140,0.1540968556531514,0.3035561348261559,0.3072349213551696,0.9511041765551592,-0.0115148089826107,372201.0
ssl_pretrain,15,56,150,0.1404094617215956,0.3011321339086599,0.305160785243083,0.9481692293639576,-0.0088730780407786,371183.03125
ssl_pretrain,15,56,160,0.123143002531642,0.3128801061061099,0.3172210412345704,0.9514880122303556,0.0028680907562375,369098.375
ssl_pretrain,15,56,170,0.1488578473995563,0.309560650851534,0.3143362851115255,0.9531213688951128,0.0069801146164536,368664.3125
ssl_pretrain,15,56,180,0.1240153988731578,0.3045283545927426,0.3096324763076986,0.9569338944992416,0.0049715591594576,366667.5
ssl_pretrain,15,56,190,0.1443985901318289,0.2988437500476418,0.3043663229959291,0.953683189699312,-0.01096105389297,366785.4375
ssl_pretrain,15,56,200,0.1218593598057431,0.3320056965291962,0.3375977747330131,0.9559492823074672,-0.0019517805194482,363846.4375
ssl_pretrain,16,57,10,0.0544583209718035,0.1758101530535529,0.1763349914654958,0.8411275783603566,-0.0005641513853333,403935.21875
ssl_pretrain,16,57,20,0.0573733661547916,0.2015326435482718,0.202492963977642,0.9034651856613886,0.0031491043046116,396271.125
ssl_pretrain,16,57,30,0.0827526051277263,0.2169531374907124,0.217988246184846,0.9038797438980568,-0.0086087230592966,396476.40625
ssl_pretrain,16,57,40,0.0969616902906317,0.2360239150028062,0.2373766893030789,0.9190537547104888,0.0086234454065561,388981.125
ssl_pretrain,16,57,50,0.072919663468792,0.2098903519404767,0.2110830452883256,0.8861867440337791,0.0015614560106769,398319.8125
ssl_pretrain,16,57,60,0.0781148863645616,0.2370643622930486,0.2385536495394009,0.8948594790566958,-0.0404317155480384,393207.59375
ssl_pretrain,16,57,70,0.0798045389703819,0.2107926783857426,0.2124260421851149,0.8990635050864105,-0.0169049836695194,394937.625
ssl_pretrain,16,57,80,0.0726753342825753,0.2418996662097532,0.2436401166118401,0.9103154141780248,0.0026949958410114,390650.5625
ssl_pretrain,16,57,90,0.0598656532129534,0.2359122202986563,0.2380885699757008,0.9143364445856296,0.0031045810319483,388282.0625
ssl_pretrain,16,57,100,0.1242107355003761,0.2779522450461799,0.2802406880173401,0.9330115565010488,-0.040090799331665,382368.59375
ssl_pretrain,16,57,110,0.1357351040355231,0.2809152442008678,0.2835263878073925,0.944209781997853,-0.0088456450030207,378217.375
ssl_pretrain,16,57,120,0.10487505707133,0.2739742975487224,0.2771009807510057,0.9442094325063632,-0.0103063657879829,376456.28125
ssl_pretrain,16,57,130,0.1468777181267814,0.2984331580350672,0.301842400726973,0.9474574741870092,-0.0085034351795911,373993.625
ssl_pretrain,16,57,140,0.1448907040164841,0.305626999880762,0.3093559749764233,0.9468179344571434,0.0027564419433474,372420.96875
ssl_pretrain,16,57,150,0.1104272707492223,0.3049349714097952,0.3089693673267136,0.9456377543398252,-0.012029206380248,370450.25
ssl_pretrain,16,57,160,0.1207511052513537,0.301761634163656,0.3062952855570448,0.9536527509566216,-0.003689759876579,369484.65625
ssl_pretrain,16,57,170,0.147040039847408,0.3141469459693677,0.3189063150630742,0.9538839765803931,0.0004114572075195,367779.09375
ssl_pretrain,16,57,180,0.1458656643961836,0.3130689424083114,0.3180699338961755,0.9535327032415176,-0.0007573378970846,367852.3125
ssl_pretrain,16,57,190,0.1406183596700708,0.3115415047942435,0.3168517799426373,0.959037758733253,0.0001296876725973,365943.875
ssl_pretrain,16,57,200,0.1417465140470605,0.3168862418475059,0.322717800306207,0.951760461827898,0.0103777945041656,365330.65625
ssl_pretrain,17,58,10,0.0428653601063047,0.1433141477839901,0.1438587048116125,0.8343502450825623,8.50163196446374e-05,404779.1875
ssl_pretrain,17,58,20,0.0682530793828748,0.1940187475996614,0.1947275911548923,0.8655524943937335,-0.0010767931817099,403218.5
ssl_pretrain,17,58,30,0.0835189889351468,0.2293344319501267,0.2304186639646605,0.8975255848345356,0.0019314534729346,395893.3125
ssl_pretrain,17,58,40,0.0909817479720114,0.263999932257735,0.265188835166581,0.9044215081750188,-0.0037763230502605,395411.875
ssl_pretrain,17,58,50,0.0587304715945149,0.1996502187075015,0.2009179131893161,0.8548556513249547,0.001519149984233,398621.1875
ssl_pretrain,17,58,60,0.0691830354615711,0.2272025488876757,0.2286118374899093,0.8776877265876099,0.0027841187547892,394874.59375
ssl_pretrain,17,58,70,0.0679246818509059,0.1956602112689457,0.1972143626263279,0.876283647021527,-0.0238020457327365,400952.90625
ssl_pretrain,17,58,80,0.0721896760225623,0.2271449932054232,0.2287975753387219,0.8827122834551382,-0.0025903719943016,395406.625
ssl_pretrain,17,58,90,0.1001203281636668,0.2555980850844694,0.2576849224443596,0.9119490612347034,-0.0076960492879152,388129.96875
ssl_pretrain,17,58,100,0.1070211715991585,0.2578591555903627,0.260304626065898,0.9240170628276214,0.0006890467484481,383345.09375
ssl_pretrain,17,58,110,0.1226716864685244,0.2687743994949273,0.271480599664827,0.9337672157320996,-0.0072748479433357,381424.3125
ssl_pretrain,17,58,120,0.0911940263193748,0.2793119718432392,0.2823419372500771,0.9354411223303656,0.0056382147595286,377544.03125
ssl_pretrain,17,58,130,0.1010402018602451,0.2874782585144527,0.2908575151124567,0.9402747745628284,0.0088588139042258,375380.28125
ssl_pretrain,17,58,140,0.1326143602151779,0.2846656816973557,0.2885345119916136,0.9481558451603944,0.0092853624373674,372994.71875
ssl_pretrain,17,58,150,0.1542032958165888,0.2948120129567513,0.2989032521488274,0.9569702338672682,-0.0001432072167517,370250.40625
ssl_pretrain,17,58,160,0.1233071444506324,0.3058088054095509,0.3101595746863669,0.9558539109804056,0.0025764168240129,368915.65625
ssl_pretrain,17,58,170,0.1451804227881053,0.3045719158220066,0.309338594860882,0.9550274158986536,0.0015527206705883,368469.65625
ssl_pretrain,17,58,180,0.1463439151259644,0.3031542885491334,0.3082316953069355,0.9566529438366612,0.0070856064558029,367940.21875
ssl_pretrain,17,58,190,0.1291618489883123,0.3155659081692126,0.3209287865512403,0.9568257612454036,-0.0024895172100514,365734.9375
ssl_pretrain,17,58,200,0.1165421680548671,0.3148178355116996,0.3204230936675752,0.9549952152023936,0.0093023777008056,366065.125
ssl_pretrain,18,59,10,0.0427832161779102,0.1633402153932996,0.1638437508437599,0.8150416197739101,-0.0015151354018598,407735.40625
ssl_pretrain,18,59,20,0.0437649180291697,0.157989984306255,0.158625279698942,0.8082084359953801,-0.0006116897566244,406188.46875
ssl_pretrain,18,59,30,0.0800245278909542,0.2346137933418909,0.2356672624483849,0.8951694159154723,0.0068613295443356,393869.03125
ssl_pretrain,18,59,40,0.0588163892246561,0.1795028098672713,0.1805160032433924,0.8638546682575095,-0.0318199843168258,400415.4375
ssl_pretrain,18,59,50,0.0477883363406652,0.1873784402942024,0.1888030645471377,0.8787478236005093,-0.0198554079979658,397090.625
ssl_pretrain,18,59,60,0.0745973275109112,0.2203943660300288,0.2218272057747433,0.8779291767301707,-0.0176643710583448,396575.46875
ssl_pretrain,18,59,70,0.0547613134194376,0.2042945184206373,0.2059319980411549,0.8272457979821378,-0.0280515924096107,402448.78125
ssl_pretrain,18,59,80,0.0874106498509141,0.2445271706003016,0.2463232852153104,0.8962529349031306,-0.018571525812149,392426.28125
ssl_pretrain,18,59,90,0.1106219567194663,0.2667490501285641,0.268743656261644,0.9244875019071076,0.0042564603500068,386817.78125
ssl_pretrain,18,59,100,0.0790192198777206,0.2349861655969987,0.2373939067936912,0.9253370092574744,0.0035334290005266,385410.03125
ssl_pretrain,18,59,110,0.114854818898748,0.2730370112170792,0.275750252726953,0.9316390726089306,-0.0026281515602022,379527.3125
ssl_pretrain,18,59,120,0.1300896249255562,0.261741513609412,0.2649408209383728,0.9460472352369034,-9.299039902543882e-07,377328.59375
ssl_pretrain,18,59,130,0.1238155116910304,0.2727831760402356,0.2761633993071407,0.941909983737892,0.0073800492100417,375703.15625
ssl_pretrain,18,59,140,0.1372818461692442,0.287061247403202,0.2908370306165354,0.9499868581310772,-0.0103605864569544,372660.625
ssl_pretrain,18,59,150,0.1197016265814923,0.2888920672192871,0.2929436108291222,0.9538606858923618,-0.0098519315943121,370983.03125
ssl_pretrain,18,59,160,0.1160977056622228,0.3053001873579704,0.3096167931195455,0.948076867713232,0.0091515136882662,370556.9375
ssl_pretrain,18,59,170,0.1268909437807507,0.2877407491892748,0.2927074630924873,0.9496774436021514,-0.015719287097454,369604.84375
ssl_pretrain,18,59,180,0.1510451895725764,0.304173266182855,0.3094301709323989,0.9521554147951063,0.0028233206830918,368477.21875
ssl_pretrain,18,59,190,0.1280165685441572,0.290190594045598,0.2957913595057848,0.948895136921482,0.0089836381375789,367326.75
ssl_pretrain,18,59,200,0.1708187791263384,0.3253846120052963,0.3311464433492657,0.9568726242100756,0.0107661113142967,365249.75
ssl_pretrain,19,60,10,0.0417942043074643,0.1506699408275422,0.1512125472581319,0.8112602935773247,0.002568666357547,404984.84375
ssl_pretrain,19,60,20,0.0851703704675716,0.2175834032391882,0.2183539006124892,0.8869199872738874,0.0023609469644725,400443.03125
ssl_pretrain,19,60,30,0.0638352151057658,0.2116481114858165,0.2126731506131864,0.8662531819293497,0.0033007992897182,399530.4375
ssl_pretrain,19,60,40,0.0812025394010244,0.2289940984664931,0.2301070733598567,0.8937049505583331,-0.0153135722503066,395424.5
ssl_pretrain,19,60,50,0.086950507936692,0.2233959391025985,0.22481914659148,0.9235093732959962,0.0047406940720975,390794.3125
ssl_pretrain,19,60,60,0.0971527089341855,0.2329711064182999,0.2344153070120045,0.9148482463203964,-0.0133923618122935,393563.46875
ssl_pretrain,19,60,70,0.0883715661532457,0.2267708895709269,0.2284359366951024,0.9094884915487492,-0.0325607247650623,391239.84375
ssl_pretrain,19,60,80,0.0750426116250224,0.2121888707484898,0.2140300561843587,0.8847135659212908,-0.0027128956280648,394591.78125
ssl_pretrain,19,60,90,0.0977130962258979,0.2611987241501666,0.2630708110051801,0.9305050535975562,-0.0007533598691225,387163.8125
ssl_pretrain,19,60,100,0.0844231548601489,0.2456638318228942,0.2481242149377679,0.9123781454058236,-0.0001877182658063,385461.03125
ssl_pretrain,19,60,110,0.1296890415300485,0.2812988419952892,0.2839196632729603,0.9370305894958298,0.0122573124244809,379596.6875
ssl_pretrain,19,60,120,0.1011841448703968,0.265587390156681,0.2687364735610764,0.9319132078059824,0.0012781446566805,378285.03125
ssl_pretrain,19,60,130,0.1165461722212439,0.3080557338128721,0.3113909402959706,0.9434616932043752,0.0050361538305878,373966.5625
ssl_pretrain,19,60,140,0.1453996639344583,0.3066927033967304,0.310365249208463,0.947051372177176,-0.0006313739577308,372890.71875
ssl_pretrain,19,60,150,0.152805277925203,0.3091372424745239,0.3131693473139516,0.9559975185888248,0.0035254559479653,370090.53125
ssl_pretrain,19,60,160,0.1172068211246514,0.3041609773202229,0.3085660034430083,0.956156680065104,-0.014443383552134,368979.59375
ssl_pretrain,19,60,170,0.1300561538445692,0.2930188113852859,0.2979079061338434,0.9489928207612512,-0.0088078854605555,369747.875
ssl_pretrain,19,60,180,0.1552010743454884,0.3117693446235897,0.3168413304534541,0.9536196229781552,0.0109477862715721,367066.03125
ssl_pretrain,19,60,190,0.1479419131147717,0.3107974164522501,0.3162235495242037,0.9522085125588416,-0.0087529812008142,366966.6875
ssl_pretrain,19,60,200,0.1268626965447648,0.3153135125945335,0.3209163904026727,0.957457098107756,-0.0084743043407797,365202.71875
ssl_pretrain,20,61,10,0.0282202696543568,0.1283830894970445,0.1289345331330506,0.8022539974207609,-0.0011761288624256,407233.4375
ssl_pretrain,20,61,20,0.0573714441028388,0.187654772927416,0.1883621504423917,0.8562305247294167,-0.0005422161193564,404703.875
ssl_pretrain,20,61,30,0.0982887004533682,0.2371901889365852,0.2382108856324917,0.9122908710717752,0.0036590357776731,395751.5625
ssl_pretrain,20,61,40,0.0861273304809363,0.2176623604362824,0.2188225436239982,0.9050589396290176,0.0037841617595404,394588.25
ssl_pretrain,20,61,50,0.0535968255732853,0.1689374676641436,0.1700970361287663,0.8756677906074116,-0.0128276431933045,399346.8125
ssl_pretrain,20,61,60,0.0808489271570175,0.2177552041747006,0.2192021511930484,0.9197055054558604,0.0039158700965344,390890.96875
ssl_pretrain,20,61,70,0.0640711195730751,0.2090506609535454,0.2107489768991639,0.9098002248113898,0.0017298614839091,392632.6875
ssl_pretrain,20,61,80,0.0907345880746493,0.246197009139173,0.2480149826482861,0.9076992877373355,-0.0172512177377939,392611.65625
ssl_pretrain,20,61,90,0.0748023412696546,0.2330497792185196,0.2351244947989999,0.8938343755027827,-0.0048240893520414,389474.96875
ssl_pretrain,20,61,100,0.128568263682606,0.2813545789863871,0.2837077650363648,0.9378411048054832,-0.0043378411792218,382020.4375
ssl_pretrain,20,61,110,0.1256767416196996,0.2644990177095534,0.267209023939442,0.9415538364746244,-0.0019007580121979,379592.125
ssl_pretrain,20,61,120,0.1081831296189708,0.29456434324535,0.2976411758244298,0.942769749998654,-0.0193634964525699,376300.375
ssl_pretrain,20,61,130,0.0938511399440094,0.2686137768066881,0.2720911407053361,0.9414569975180604,-0.009707873687148,375191.875
ssl_pretrain,20,61,140,0.1408335240501698,0.3004953852520016,0.3043091068213445,0.9473546436375506,-0.0114089306443929,372712.96875
ssl_pretrain,20,61,150,0.1544871209578522,0.3062824621495347,0.3103628596213931,0.9561130237948924,-0.0008727878448553,369857.9375
ssl_pretrain,20,61,160,0.12467110287851,0.2924224830028281,0.2970264555967581,0.9513895083327212,0.0078758206218481,369512.3125
ssl_pretrain,20,61,170,0.1177231383111966,0.3021153017369867,0.3069075163329369,0.9509587424355486,-0.003148220013827,369347.125
ssl_pretrain,20,61,180,0.1435243019600624,0.31728620714842,0.3222044139417974,0.9558247747757715,0.0102706924080848,366862.75
ssl_pretrain,20,61,190,0.1155448477886378,0.3233120606700028,0.3287699540970175,0.9480486170044162,0.009055221453309,366936.0
ssl_pretrain,20,61,200,0.1615845647795358,0.3235592558175881,0.3292027945459885,0.9555699630835038,0.0101810134947299,364943.21875
ssl_pretrain,21,62,10,0.0416923470855663,0.1480572872809314,0.1485534598456754,0.8184289374812963,0.0005153439706191,406627.4375
ssl_pretrain,21,62,20,0.0522784736057927,0.1689474498351565,0.1696586958651891,0.8624556444922464,-0.0050933267921209,401423.03125
ssl_pretrain,21,62,30,0.07000399298882,0.2165175613329352,0.2174944305427046,0.8776247294994337,0.0030559527222067,396948.90625
ssl_pretrain,21,62,40,0.09824800324696,0.2410795558636351,0.2423045682531431,0.914044048971761,-0.0072282194159924,392245.21875
ssl_pretrain,21,62,50,0.0510835695303308,0.1941036053287228,0.1953230115886952,0.8379413708503601,-0.0041260910220444,401406.6875
ssl_pretrain,21,62,60,0.1030970467077338,0.239381963846795,0.2408983224708866,0.9178236631589006,0.004097041208297,391539.8125
ssl_pretrain,21,62,70,0.0835185956582495,0.2255972177947593,0.2271171303971856,0.8918280745618535,-0.0344295538961887,396888.3125
ssl_pretrain,21,62,80,0.0813301079902582,0.2350136412606248,0.2366816358229281,0.8882328370017352,-0.006843704264611,397272.46875
ssl_pretrain,21,62,90,0.0920621008825417,0.2593038117802925,0.2612010627070078,0.908294698869952,-0.0148299159482121,388249.5
ssl_pretrain,21,62,100,0.1162320874234999,0.260122342297701,0.2622849143197068,0.9355864695906304,-0.0220070555806159,383721.59375
ssl_pretrain,21,62,110,0.1175459696031051,0.2775385155857091,0.2802237337347068,0.9340905171337088,-0.003535556141287,379623.1875
ssl_pretrain,21,62,120,0.1350842432844124,0.2976321985057035,0.3005470437776175,0.940273131160528,-0.0161324255168437,376587.21875
ssl_pretrain,21,62,130,0.0957260325403762,0.277180960135174,0.2807472347009316,0.9319934963010696,-0.0120253022760152,375883.5
ssl_pretrain,21,62,140,0.1550530387746589,0.3028772847145421,0.3065130630631649,0.9530284434215924,0.0096330000087618,372039.9375
ssl_pretrain,21,62,150,0.1206099059331425,0.3080883985866383,0.3122420289779747,0.9372705998273546,0.0005135640967637,372349.875
ssl_pretrain,21,62,160,0.1329620126986108,0.3017531633327088,0.3061871376213868,0.956569888167142,-0.0092764850705862,368876.3125
ssl_pretrain,21,62,170,0.159667707487298,0.3053006278737532,0.3100434520507293,0.9568885334383002,0.0071798856370151,368217.40625
ssl_pretrain,21,62,180,0.1522031690145988,0.3149287738836548,0.3200386371747142,0.9539231250853066,0.0101107330992817,367665.625
ssl_pretrain,21,62,190,0.1567836560960447,0.3219001445557592,0.3271720945444053,0.956669851008344,-0.0073182554915547,365687.5625
ssl_pretrain,21,62,200,0.1306216530607611,0.3138657790744208,0.3194572701206638,0.9602614719331024,-0.0014181125443428,364650.59375
ssl_pretrain,22,63,10,0.0680736049316951,0.1986863777673246,0.1991851759396699,0.8602481554739599,-0.000714992522262,404466.03125
ssl_pretrain,22,63,20,0.0924149026911471,0.2144124459144509,0.2154021152002462,0.9163866095549352,0.0067455596290528,391959.15625
ssl_pretrain,22,63,30,0.0548445594921482,0.1973160290511504,0.1983261904702578,0.8529591600232397,0.0041535329073667,398015.75
ssl_pretrain,22,63,40,0.071140833535531,0.2117587985052052,0.2129755903724336,0.913719033213156,-0.0160870235413312,393965.09375
ssl_pretrain,22,63,50,0.0900291174391238,0.2454924988274855,0.246933066465674,0.9056581999804992,-0.0130276111885905,393244.875
ssl_pretrain,22,63,60,0.0734124536435612,0.1904347409647371,0.1917648215995332,0.8926477710804365,-0.0003222666273359,397941.15625
ssl_pretrain,22,63,70,0.0557664062436205,0.2113419390881644,0.2128011835573443,0.8910663382284033,-0.0121121918782591,396681.375
ssl_pretrain,22,63,80,0.0476912567177518,0.211702561326928,0.2134242704840238,0.8650603741064202,-0.0425124019384384,396353.25
ssl_pretrain,22,63,90,0.0671045689854293,0.2285834273458198,0.2306281054877521,0.8877297232556661,-0.0168513618409633,389026.46875
ssl_pretrain,22,63,100,0.0903571812447929,0.2471400189159121,0.2496174388001221,0.9114710071728852,-0.0308567080646753,385361.25
ssl_pretrain,22,63,110,0.1066061810621223,0.2718292581953333,0.2744570797725049,0.9267531913235696,-0.0106876622885465,380879.6875
ssl_pretrain,22,63,120,0.1344395484457678,0.2922969327174194,0.2952468469961011,0.9400359762713116,-0.0188084952533245,377536.9375
ssl_pretrain,22,63,130,0.144202776509949,0.2914878453165685,0.2948287541154327,0.9473420283152648,-0.0042661423794925,375179.59375
ssl_pretrain,22,63,140,0.1240981148077986,0.3118980726441301,0.3154664266254637,0.9507090516299214,0.0062009687535464,371719.84375
ssl_pretrain,22,63,150,0.1468733359750263,0.3137524386618738,0.3177110742814214,0.951834839133674,-0.0091160824522376,370122.90625
ssl_pretrain,22,63,160,0.1391417863696255,0.2957136013512098,0.3002362076021528,0.9498712053228104,0.0033889443147927,370085.5625
ssl_pretrain,22,63,170,0.1268025357679598,0.3082127594859131,0.3130980910384575,0.9460864535227372,0.0108725912868976,369235.21875
ssl_pretrain,22,63,180,0.1291213262776891,0.3156146735908442,0.3206932395349572,0.9545922739924204,0.0061999848112463,367163.65625
ssl_pretrain,22,63,190,0.1763240231148526,0.3202745858712551,0.325622357069914,0.959776551698678,0.0058990623801946,365156.09375
ssl_pretrain,22,63,200,0.1429914429017599,0.3156929712543678,0.3215415480491885,0.9508867726008732,0.0043558720499277,366536.8125
ssl_pretrain,23,64,10,0.0246345128847912,0.1058925444413732,0.1064284506989174,0.7775576816141523,-0.0061044082976877,414101.40625
ssl_pretrain,23,64,20,0.0659211970460605,0.192453532209502,0.193166491912437,0.8790639507722784,-0.0088527742773294,402405.65625
ssl_pretrain,23,64,30,0.0868749273026686,0.207619928387436,0.208592876577686,0.9064058204964628,-0.00498399278149,397689.03125
ssl_pretrain,23,64,40,0.058621196702879,0.1924173878759476,0.1936601426603559,0.8775087527879707,0.0027367866132408,396885.40625
ssl_pretrain,23,64,50,0.0712741034612115,0.2165564990224404,0.217855635132085,0.884320472624416,-0.0070118512958288,396240.46875
ssl_pretrain,23,64,60,0.0729472875100281,0.2344352179740847,0.2358390725987065,0.9085507836385248,-0.0092881936579942,392294.78125
ssl_pretrain,23,64,70,0.0850953343464893,0.2285455817760211,0.2301108698180576,0.9033799531088564,-0.0330364145338535,393589.84375
ssl_pretrain,23,64,80,0.0660654549534757,0.2235079583108757,0.2253830731595296,0.9064128853304784,-0.0091348625719547,393169.09375
ssl_pretrain,23,64,90,0.1097636753990569,0.2577566840390033,0.2596346589718113,0.9254452280208172,-0.001997149316594,387648.65625
ssl_pretrain,23,64,100,0.1049708576437511,0.2645077405078205,0.2667945401334146,0.9209195722797696,-0.028458273038268,384487.28125
ssl_pretrain,23,64,110,0.1191231218574361,0.2704712161373311,0.2733159881263623,0.9393178544803736,-0.0036157767754048,380240.21875
ssl_pretrain,23,64,120,0.1346263351491019,0.2931999282704081,0.2961821070541277,0.9403872322970068,-0.0071228453889489,377170.3125
ssl_pretrain,23,64,130,0.1415017352999015,0.2947012090021194,0.2979730493740695,0.9493868871175551,0.0040234308689832,374652.46875
ssl_pretrain,23,64,140,0.1432916303867696,0.3125651329837517,0.316217009464037,0.9441354653762416,0.0076156021095812,372827.9375
ssl_pretrain,23,64,150,0.1628700728344953,0.3126156811074638,0.3165754755234277,0.9528158960198292,0.006342883221805,370582.40625
ssl_pretrain,23,64,160,0.1071872247123212,0.2985023648452282,0.3029289673195404,0.953658995732772,0.0035939156077802,369780.46875
ssl_pretrain,23,64,170,0.1583234475334579,0.3224992306823463,0.3270422611728372,0.9554443761483687,0.0123205995187163,368119.6875
ssl_pretrain,23,64,180,0.1542659950537679,0.3215218793896982,0.3265600269227073,0.9518347466988972,0.008031983859837,367265.9375
ssl_pretrain,23,64,190,0.1560317461221452,0.311412234120331,0.3168520500732245,0.9551679253281058,0.0005130132776685,366233.34375
ssl_pretrain,23,64,200,0.1400877231804574,0.3200467597936675,0.3256075409766795,0.9614841847832548,0.0127739505842328,363626.46875
ssl_pretrain,24,65,10,0.0504461341077448,0.1763980029198089,0.1769125534945212,0.8455692302564843,-0.0008645686903037,405816.21875
ssl_pretrain,24,65,20,0.0691786529321518,0.1880201290019151,0.1889285201291103,0.8854876432658221,-0.0057780984789133,400404.5625
ssl_pretrain,24,65,30,0.0773990711769701,0.2260117002119201,0.2269773563580313,0.8857152966816152,-0.0036456626839935,397453.40625
ssl_pretrain,24,65,40,0.096230785359892,0.2347111506546844,0.2358585426705954,0.9164063762771386,0.0070302565582096,392360.375
ssl_pretrain,24,65,50,0.1013732198552689,0.2205703033688965,0.2219742665902231,0.9197978577163866,-0.0172883514314889,393898.5625
ssl_pretrain,24,65,60,0.068002112990305,0.2449741674835956,0.2466265385231879,0.9095211217292614,-0.0075531923212111,389027.03125
ssl_pretrain,24,65,70,0.0573417917542042,0.1882094617488569,0.1898253692698104,0.8842898105710424,-0.0232404973357915,395421.71875
ssl_pretrain,24,65,80,0.0642031202358187,0.2393358678075987,0.2410101239910961,0.8914640954613325,-0.0135564608499407,394044.65625
ssl_pretrain,24,65,90,0.1025210304279929,0.2510297893938176,0.2530896530532492,0.91588461717476,-0.0265207067131996,388643.125
ssl_pretrain,24,65,100,0.0765953607938683,0.2419975966456183,0.2444210582424866,0.9086682966453246,-0.0174901578575372,384065.46875
ssl_pretrain,24,65,110,0.090638848515149,0.2536383357917522,0.2564763151740747,0.9081644181848788,-0.0156544484198093,382222.65625
ssl_pretrain,24,65,120,0.1301665123798009,0.294955692272335,0.2980913976381499,0.9366000891652384,0.0065774200484156,376491.375
ssl_pretrain,24,65,130,0.1433934420636896,0.2999775178893309,0.3032619947759313,0.949248609738538,0.0002469914034008,374239.03125
ssl_pretrain,24,65,140,0.1395955880636581,0.2950273597426836,0.2988351008623655,0.945594227360924,-0.0048018456436693,373207.21875
ssl_pretrain,24,65,150,0.1327543877924418,0.2928303651060615,0.2969688200989929,0.9471809510035208,-0.001198740908876,371458.15625
ssl_pretrain,24,65,160,0.1320476351124526,0.3108879132370921,0.3151909827136525,0.9563275814623152,0.0002122820878867,368786.25
ssl_pretrain,24,65,170,0.1446177738596299,0.3171827447897548,0.3219383347134322,0.9478997787613992,-0.0189979653805494,368489.0
ssl_pretrain,24,65,180,0.1380997310415206,0.3078552680749419,0.313056571803253,0.9461826237210264,-0.0256073176860809,368530.3125
ssl_pretrain,24,65,190,0.1521371107459449,0.3171047500245985,0.3224922496591388,0.9531877667614364,-0.0263599120080471,366252.375
ssl_pretrain,24,65,200,0.1385631564684742,0.3194703724327277,0.3252186180882134,0.9475594720018332,-0.0149029567837715,366066.21875
ssl_pretrain,25,66,10,0.0376910056564455,0.1334768311876093,0.1339112261679386,0.8353486022963178,-0.0205708350986242,409003.1875
ssl_pretrain,25,66,20,0.0825228462672973,0.2205162607579529,0.221302050477443,0.8941673497489573,-0.0022692047059535,400070.875
ssl_pretrain,25,66,30,0.076651041229423,0.2023741348048694,0.2034109185380439,0.8992116151194517,0.0014817367773503,397875.78125
ssl_pretrain,25,66,40,0.0767416964766147,0.2176308307277907,0.2188176615811498,0.8854805790186941,0.0041393567807972,396895.9375
ssl_pretrain,25,66,50,0.0465367977110189,0.169972734547127,0.1712889680214651,0.8411559295443075,-0.040022637695074,399986.28125
ssl_pretrain,25,66,60,0.0881073995742066,0.2370885844609719,0.2383181986811135,0.8985198912922678,0.0029669075738638,394822.125
ssl_pretrain,25,66,70,0.0628858078272655,0.1996617241006106,0.2012803109734448,0.8886337891326868,-0.015754297375679,394674.03125
ssl_pretrain,25,66,80,0.0821705933811741,0.2131657705790783,0.2149577399385399,0.9025963761689418,-0.0201074462383985,397252.5625
ssl_pretrain,25,66,90,0.1028333919037643,0.2362717864850055,0.2382451257333387,0.9278389494043128,0.0037287375889718,388255.375
ssl_pretrain,25,66,100,0.1060106114918451,0.2755800388872577,0.2777974109307555,0.922501487964126,-0.0018776571378111,383305.34375
ssl_pretrain,25,66,110,0.127133141445489,0.2801952337149735,0.2827657585338715,0.9396368165533896,-0.0209310166537761,380467.96875
ssl_pretrain,25,66,120,0.1273426573021104,0.2972684652226791,0.3002884575926605,0.9431002423563966,0.0040376228280365,376281.0
ssl_pretrain,25,66,130,0.1461426242152609,0.2905183412611672,0.2939282086386731,0.949774670432646,0.0144548183307051,372947.65625
ssl_pretrain,25,66,140,0.1523748700150847,0.3069417041952499,0.3104995446806818,0.9523620704335344,-0.0049063055776059,371786.625
ssl_pretrain,25,66,150,0.1317019704921462,0.3030888991517726,0.3072220489493126,0.9415983340480276,-0.0007679078844375,372258.59375
ssl_pretrain,25,66,160,0.1376819604990736,0.2988454577180979,0.3032995481911313,0.952784591383362,0.0053868666291236,369180.59375
ssl_pretrain,25,66,170,0.1583172344772321,0.3136572063456336,0.3183389854967296,0.9563098593386882,-7.491290307370946e-05,368267.71875
ssl_pretrain,25,66,180,0.1655852560277451,0.3179712667844883,0.3230226173180269,0.9563659867916222,0.0049045220948755,367099.21875
ssl_pretrain,25,66,190,0.1017964396720746,0.286656282526299,0.2924167806904409,0.945082210825342,0.0005033997585996,367872.3125
ssl_pretrain,25,66,200,0.1173834075685251,0.2940647591926361,0.2999977447105019,0.9550163022453436,-0.0137842372059822,366114.625
ssl_pretrain,26,67,10,0.0416452135345226,0.1471135000854048,0.1475526460440951,0.7833976717322865,-0.0019254314247518,409641.09375
ssl_pretrain,26,67,20,0.0704280756361515,0.2227596040865149,0.2236201287585652,0.8671408796908311,0.0037633003666996,398971.59375
ssl_pretrain,26,67,30,0.0454208976538237,0.1619877019222826,0.1629352862105609,0.8368366927499701,-0.0105139436200261,401734.65625
ssl_pretrain,26,67,40,0.0837426827431849,0.2301982161115771,0.2313194179002609,0.8965018314152527,-0.0028975268360227,395563.03125
ssl_pretrain,26,67,50,0.0913162675950102,0.2403856775447652,0.2415240609713334,0.9029689808720224,-0.0101560913026332,396209.53125
ssl_pretrain,26,67,60,0.0620721229827144,0.1944915667810126,0.19580931843124,0.8682616682044711,-0.019218198955059,398359.125
ssl_pretrain,26,67,70,0.0994882801135679,0.2350053065087906,0.2368048905352918,0.9213503516166652,-0.0217630062252283,389530.875
ssl_pretrain,26,67,80,0.0708780284943495,0.2354138621225484,0.2371059321494399,0.8731489995127104,-0.0115105956792831,393856.84375
ssl_pretrain,26,67,90,0.0801014714367943,0.2300891593534803,0.2320888843141508,0.8987823790031647,-0.0147908115759491,388891.84375
ssl_pretrain,26,67,100,0.0918990264718837,0.275708187803192,0.2779457554170545,0.9290052264508531,-0.0063622817397117,383932.4375
ssl_pretrain,26,67,110,0.1317169141322271,0.2724721030874316,0.2751323964324474,0.943635004068104,0.0063275434076786,380532.78125
ssl_pretrain,26,67,120,0.1069216674486705,0.2749949745164681,0.2780480876922997,0.942502343349096,0.0064468183554708,377824.34375
ssl_pretrain,26,67,130,0.1436330157316121,0.2935446674962741,0.2968783341130124,0.9518700007946098,-0.0098052723333239,373626.65625
ssl_pretrain,26,67,140,0.1541757983816656,0.3163277876172209,0.3198968677572945,0.949423059046586,-0.0016337182605639,373082.90625
ssl_pretrain,26,67,150,0.1227965227549757,0.3181654199669245,0.3221250333840989,0.951899517067571,0.0124290697276592,370336.46875
ssl_pretrain,26,67,160,0.130026230725437,0.3165490937658722,0.3207800257900785,0.953503570851652,-0.0056389183737337,368833.8125
ssl_pretrain,26,67,170,0.1154010778623335,0.2865722042059953,0.2915082126710698,0.9461004716234594,0.000149062674609,370210.28125
ssl_pretrain,26,67,180,0.1404098245980473,0.3066876384182764,0.3118876301864532,0.9509023627383788,0.0017756358720362,368496.53125
ssl_pretrain,26,67,190,0.1292301381876217,0.3031060697168447,0.3085154539063104,0.9571794630659514,0.0049954620189964,366655.4375
ssl_pretrain,26,67,200,0.1307987780834424,0.3184116698660641,0.3240859991914357,0.959820180678622,-0.0048232828266918,364308.34375
ssl_pretrain,27,68,10,0.0614044556010293,0.1687808714964103,0.1692469099850395,0.854716751786528,-0.0036637538578361,407266.90625
ssl_pretrain,27,68,20,0.0578685900065315,0.1960818381927112,0.1967563396359727,0.8340680613107138,0.0006374632939696,405211.21875
ssl_pretrain,27,68,30,0.0765836386088842,0.2183560668241752,0.2193348713710296,0.8845552311347052,0.0028075901791453,398203.1875
ssl_pretrain,27,68,40,0.0293549778322364,0.1232370128027372,0.1242607964978205,0.7309766560992923,-0.0139761958271265,409357.09375
ssl_pretrain,27,68,50,0.0965126679912555,0.2398753798657967,0.2412013200005255,0.9125947519561012,0.0041660200804471,391347.65625
ssl_pretrain,27,68,60,0.0770771536373212,0.2153250275086448,0.216818044938633,0.9002324191944308,-0.0069488617591559,394329.90625
ssl_pretrain,27,68,70,0.0696126184063585,0.2390389621443686,0.2406418702357244,0.9018577514054664,-0.0272896699607372,393595.71875
ssl_pretrain,27,68,80,0.0760168745025678,0.22146774544512,0.2230885570479286,0.8887441057252996,-0.0138559294864535,396136.15625
ssl_pretrain,27,68,90,0.0687243040551924,0.2206574742290288,0.222849337635943,0.9022656828609288,6.331887561827898e-05,388500.40625
ssl_pretrain,27,68,100,0.0997429403165627,0.2463798211840976,0.2487839979627865,0.9235293001797908,-0.0135536026209592,383281.21875
ssl_pretrain,27,68,110,0.1060814370019441,0.2663185342044669,0.2691492982555027,0.9301430500189564,-0.0086171142756938,380242.375
ssl_pretrain,27,68,120,0.144697465940427,0.2908167699918248,0.2937284153595779,0.9478410557986184,-0.0111937159672379,376725.90625
ssl_pretrain,27,68,130,0.1458445908252503,0.291171021066935,0.2946113673533174,0.948640768798766,0.003249208908528,374536.96875
ssl_pretrain,27,68,140,0.1245814122622604,0.2789738240648852,0.282905089494821,0.9441119122321324,-0.0150263914838433,373419.4375
ssl_pretrain,27,68,150,0.1233629478938629,0.2998623197417161,0.3039126078174806,0.951182801459017,-0.0034901755861938,370821.90625
ssl_pretrain,27,68,160,0.1113088806345992,0.3100081773044439,0.3143369517515748,0.9468191118121018,-0.0112665556371212,369709.34375
ssl_pretrain,27,68,170,0.0901457516066037,0.2823003715148929,0.2873431226313025,0.9432003932950336,-0.0257578343152999,370581.84375
ssl_pretrain,27,68,180,0.1556141841889889,0.3026663777646263,0.3077668427927801,0.957328116322037,-0.001655752537772,367806.59375
ssl_pretrain,27,68,190,0.1526925455612102,0.3216378872930278,0.3269494910965668,0.9519632137256142,-0.0293819978833198,366551.75
ssl_pretrain,27,68,200,0.1285857928244687,0.3140377236307545,0.3198482989582449,0.9579670623565356,0.0073618507012724,364640.75
ssl_pretrain,28,69,10,0.0417564161416401,0.1518409307708987,0.1523657872518504,0.8533775295658425,-0.001826720777899,405717.25
ssl_pretrain,28,69,20,0.0879858567538107,0.2346421611778704,0.2353821964435629,0.8970786104552163,0.0005852484609931,399349.375
ssl_pretrain,28,69,30,0.0719594626752418,0.198700482836032,0.1996709177679724,0.8866871942497434,-0.0192333068698644,400807.5625
ssl_pretrain,28,69,40,0.0933324775395059,0.2255816391247571,0.2267029194858918,0.9083532360828478,-0.0033458045218139,394182.40625
ssl_pretrain,28,69,50,0.0963490827578599,0.2304266769323074,0.231866943731602,0.9239963692927216,-0.0075382720679044,390555.71875
ssl_pretrain,28,69,60,0.0884929784417032,0.2514099508612991,0.2529451639993927,0.923314644795604,-0.0135301770642399,388944.59375
ssl_pretrain,28,69,70,0.1101306114578003,0.2699745341333261,0.2716445371539782,0.9221256839613674,0.0098318457603454,386682.625
ssl_pretrain,28,69,80,0.0813235668663938,0.2183414434049869,0.2203168864631124,0.8954247194194419,-0.0115708978846669,393644.59375
ssl_pretrain,28,69,90,0.0836364018402448,0.2209720664401947,0.223105190175623,0.9092003984656296,-0.0216500740498304,390077.34375
ssl_pretrain,28,69,100,0.1080467445073923,0.2691837724091899,0.2714925374649085,0.9266396038310066,0.0050519797950983,382462.53125
ssl_pretrain,28,69,110,0.1207142126156212,0.2781207086960334,0.2807659384176361,0.9429076616293984,-0.0234788674861192,379298.125
ssl_pretrain,28,69,120,0.124826443152574,0.2807501330519474,0.2838179177248324,0.9429379960821848,-0.0058762109838426,376590.15625
ssl_pretrain,28,69,130,0.1382689361052904,0.2862865624263921,0.2896402961366572,0.9517712119631077,-0.0103693651035428,374293.71875
ssl_pretrain,28,69,140,0.1513710010011983,0.2949808591004982,0.2987398003971398,0.9514926710604892,0.0092103946954011,372548.46875
ssl_pretrain,28,69,150,0.1207616171588566,0.31865617501563,0.3227289589483352,0.9503554087328758,0.0019926503300666,370626.15625
ssl_pretrain,28,69,160,0.1262411831581191,0.2865372479066972,0.2912046160248893,0.9412382681957951,-0.0164947230368852,371451.5625
ssl_pretrain,28,69,170,0.1604375142150716,0.3081702852150839,0.312781935568789,0.9574512319914033,-0.0056354440748691,367624.5625
ssl_pretrain,28,69,180,0.1146484376324243,0.3015205086815444,0.3066603511021319,0.9549304439533884,-0.0073331361636519,367349.96875
ssl_pretrain,28,69,190,0.1115279130936608,0.305217976694037,0.3106966483549087,0.955828925126599,0.0034347947221249,366178.46875
ssl_pretrain,28,69,200,0.1640113887102132,0.3214976745100917,0.3270941842632949,0.9566073267754044,-0.0039782454259693,365782.4375
ssl_pretrain,29,70,10,0.0567119135503186,0.1838834362388323,0.1843524412494152,0.8400602127461113,-0.0034221175592392,407207.75
ssl_pretrain,29,70,20,0.0638930178899848,0.1875821429543772,0.1883356959993933,0.8672402796482583,3.7799953133799136e-05,401379.4375
ssl_pretrain,29,70,30,0.068775867776724,0.1930297613113785,0.1939612134220107,0.8828093188429391,0.0035444709938019,397966.0
ssl_pretrain,29,70,40,0.0764694658870271,0.203727432640981,0.2048555581363467,0.8913184052240288,-0.0179024618119001,397363.59375
ssl_pretrain,29,70,50,0.056283289472108,0.181114050843064,0.1823822688431667,0.8881217123237616,0.0022973816376179,398079.3125
ssl_pretrain,29,70,60,0.0547830206022845,0.1882109894236618,0.1897193331371344,0.8793938990266452,-0.0011404494289308,395672.875
ssl_pretrain,29,70,70,0.0892336522543435,0.233004857571525,0.2345855712679867,0.9048440808296327,-0.0286173149943351,393770.71875
ssl_pretrain,29,70,80,0.0729815096106386,0.2107208259055248,0.2126768603725291,0.8805926483809681,-0.0044998852536082,395454.875
ssl_pretrain,29,70,90,0.0855126990910579,0.2535269031597505,0.2554343025717452,0.9250424912824392,0.0001182449923362,386984.4375
ssl_pretrain,29,70,100,0.0981878567424378,0.247578019991975,0.2499828180136272,0.9343455987355253,-0.0255431421101093,383450.15625
ssl_pretrain,29,70,110,0.1228851176625233,0.2795442417827196,0.2821934682132179,0.9366348604873164,0.0038055069744586,379642.5625
ssl_pretrain,29,70,120,0.1067069731380047,0.2828856755634208,0.2859628468293078,0.9428554842225976,-0.0005753164296038,377021.90625
ssl_pretrain,29,70,130,0.1023123895096209,0.2771133141130028,0.2806122656404181,0.9459220559538066,0.0012467317283153,374774.03125
ssl_pretrain,29,70,140,0.1295191916493539,0.2996421940938215,0.3033658732883245,0.9431070158594708,0.0120487697422504,372966.0625
ssl_pretrain,29,70,150,0.1012227894200359,0.2794482749614376,0.2836161771803663,0.9452621885546916,0.0060392427258193,372296.90625
ssl_pretrain,29,70,160,0.1628444902344994,0.3070526443884168,0.3113198942071997,0.9567994062418124,0.0042900913394987,369573.28125
ssl_pretrain,29,70,170,0.1375374428708888,0.2876753030568332,0.2925853287087768,0.9526308305042926,0.007786049041897,369617.1875
ssl_pretrain,29,70,180,0.1309005671589252,0.2943694819444475,0.2996513340606226,0.9449589898096746,-0.0122881634160876,369063.90625
ssl_pretrain,29,70,190,0.121381748003721,0.3012483577542707,0.3067634773536658,0.9597443407318872,0.0033158638980239,365103.65625
ssl_pretrain,29,70,200,0.1425368988812806,0.332173651275051,0.3377633337782268,0.9604609421321392,-0.0044218725524842,364174.59375
ssl_pretrain,30,71,10,0.0446877136748117,0.1670636006701628,0.1675514497549427,0.7980335584959928,0.0001609825703781,407550.40625
ssl_pretrain,30,71,20,0.0840129486292871,0.2258681995769512,0.2266499465588112,0.8888649864097934,-0.0006519512971863,400742.3125
ssl_pretrain,30,71,30,0.0812267805593026,0.2072743487963438,0.2082123941715936,0.9066287296899954,0.0028543879743665,397635.09375
ssl_pretrain,30,71,40,0.0783809087054033,0.2139179258677703,0.2152571098254743,0.9120305554901024,-0.0022823952604085,394343.0
ssl_pretrain,30,71,50,0.0530975480111782,0.1796016678115472,0.1809318659640294,0.8806687791891342,-0.0105353649705648,396815.96875
ssl_pretrain,30,71,60,0.0830126764425036,0.2350697706325947,0.2364887676589422,0.8961001589973062,-0.0229961182922124,394604.46875
ssl_pretrain,30,71,70,0.0825649654041773,0.2344446886566728,0.2360616614991048,0.8938326053327884,0.0029460387304425,393310.84375
ssl_pretrain,30,71,80,0.059787208286279,0.2049824571112563,0.2069315335372974,0.850079110344896,-0.0298116616904735,397524.1875
ssl_pretrain,30,71,90,0.0991487327735566,0.2353959037250565,0.2375708097329047,0.9205398301446932,-0.0110023999586701,388869.03125
ssl_pretrain,30,71,100,0.1377599914088752,0.2728745627459512,0.2751034461109797,0.9419198910440028,-0.0139147471636533,382287.25
ssl_pretrain,30,71,110,0.1111661680639775,0.2740160625141201,0.276607246982437,0.9284717610561948,-0.0050550871528685,380539.71875
ssl_pretrain,30,71,120,0.1414046465851433,0.2768177813816231,0.2798700127431193,0.9486286093706688,0.0091248778626322,376468.53125
ssl_pretrain,30,71,130,0.1295276939607439,0.2924325654645583,0.2957984430367321,0.9489190654975072,0.0120076742023229,373636.09375
ssl_pretrain,30,71,140,0.0892175736297297,0.2846552281440707,0.2884099367596717,0.9392046542161652,-0.000159901974257,373967.15625
ssl_pretrain,30,71,150,0.1144642987806098,0.3081595212883248,0.3121047496121754,0.9414335948518994,-0.0002212155086454,372193.71875
ssl_pretrain,30,71,160,0.1358157583213082,0.3011670046032136,0.3055843276038871,0.9523350578812192,0.0116122458130121,369980.71875
ssl_pretrain,30,71,170,0.1401885930179372,0.3054935236667669,0.3102893803281992,0.9491334647053122,-0.004308960866183,369249.0625
ssl_pretrain,30,71,180,0.1404464032007773,0.2944796092811035,0.2997572665396961,0.9539195440153274,0.0016609943704679,367722.34375
ssl_pretrain,30,71,190,0.1206309989404476,0.3056051831661768,0.3110964703421175,0.9579459911595476,-0.0017899135127663,365162.0
ssl_pretrain,30,71,200,0.1512057380182785,0.3116839509068427,0.3174801674196288,0.956952943692821,0.0030951697845011,364911.34375
ssl_pretrain,31,72,10,0.0350701821169201,0.1241498045089616,0.1247012040011122,0.8359297970776238,-0.0012815882219001,405203.5
ssl_pretrain,31,72,20,0.0808251453086092,0.216457043644755,0.2174084520366785,0.8920264936454272,0.0014168499037623,396559.625
ssl_pretrain,31,72,30,0.0773502144542345,0.2157923426520873,0.2167172086649819,0.8917035175555438,-1.5994430214050226e-05,399132.40625
ssl_pretrain,31,72,40,0.097964425508797,0.2317433178433234,0.232906341765593,0.9153112592192504,0.0052656135521829,392762.5
ssl_pretrain,31,72,50,0.0470801064554491,0.1679784758362607,0.1691571345966216,0.8410185690008998,-0.0141613176092505,403379.8125
ssl_pretrain,31,72,60,0.0733752371283323,0.2083484852597108,0.2097923696701721,0.8915045785483583,-7.164282578742132e-05,397597.96875
ssl_pretrain,31,72,70,0.0783889829125118,0.2357065623680927,0.2372129264689171,0.8995369889967924,-0.0183986779302358,392930.65625
ssl_pretrain,31,72,80,0.0866939811410988,0.2659620681126486,0.2678696583523016,0.9312068927824596,-0.0021845179144293,385176.34375
ssl_pretrain,31,72,90,0.0893897869126448,0.2256534437887671,0.2276076573369897,0.9177620194919248,-0.0111199067905545,389291.6875
ssl_pretrain,31,72,100,0.1313312175817508,0.2664494374880691,0.268826650231895,0.9428063021133894,-0.0253526493906974,382400.6875
ssl_pretrain,31,72,110,0.1351074905307355,0.2858387397349942,0.2884286953096682,0.9432322745484424,0.0039887833409011,378310.40625
ssl_pretrain,31,72,120,0.1101303364816798,0.2765703172780649,0.2797014937152643,0.933030354800234,0.0005071616033092,378682.6875
ssl_pretrain,31,72,130,0.1293723621040909,0.2888502789135023,0.2922016641341341,0.9471223893761062,0.000662856909912,374714.3125
ssl_pretrain,31,72,140,0.1414199038582524,0.2891870797683263,0.2929354628776624,0.953234101586072,0.0078685553744435,372205.8125
ssl_pretrain,31,72,150,0.1404079803756905,0.3004037213373752,0.3044899934192985,0.949433725785086,-0.0091210445389151,371280.90625
ssl_pretrain,31,72,160,0.1463998389335553,0.3074154141856927,0.3117888693742652,0.9517060492601584,-0.0111850704997777,369155.40625
ssl_pretrain,31,72,170,0.1691618127931496,0.3142217260876705,0.3188755984265399,0.9562672847020884,0.0056532165035605,367842.8125
ssl_pretrain,31,72,180,0.1394821891787137,0.2984171124669843,0.3035492892820592,0.9533025596621788,0.0041174772195518,367385.34375
ssl_pretrain,31,72,190,0.1288651128800448,0.3282245794813369,0.3334434818170753,0.9525338003397902,0.0034685540013015,366012.0625
ssl_pretrain,31,72,200,0.158669875111956,0.3024538942914997,0.3083775876573729,0.9574467679492218,0.0112894438207149,365329.84375
supervised_finetune,1,42,10,0.203951887422261,0.5289708228417059,0.529283598370489,0.9008716389532466,0.1819099336862564,14412189.0
supervised_finetune,1,42,20,0.3421312566499062,0.6260872303721865,0.6265614035315479,0.9526194121390068,0.2601551711559295,10318331.0
supervised_finetune,1,42,30,0.3882534153045279,0.6629026482321331,0.6635280569707571,0.963552683589,0.2949812114238739,8228954.5
supervised_finetune,1,42,40,0.4609382966746135,0.6983564636956116,0.6990838843770032,0.9730290455059292,0.3259604871273041,6918278.5
supervised_finetune,1,42,50,0.485689181316406,0.7087159569943857,0.7095815418377375,0.9768150478458284,0.3118416368961334,6398565.0
supervised_finetune,1,42,60,0.5143995764639989,0.7221791755013955,0.723153367976209,0.9797849035147104,0.3230972588062286,5712537.0
supervised_finetune,1,42,70,0.4884368168783849,0.7279693470716584,0.7290735317630305,0.9795874694043816,0.3179320693016052,5321682.5
supervised_finetune,1,42,80,0.443970920925107,0.7249941436863802,0.7262438438855783,0.9803008412215616,0.2952792644500732,5019804.5
supervised_finetune,1,42,90,0.4956783399689366,0.7341958080403738,0.7355536045377926,0.9818803435659428,0.325740247964859,4610990.5
supervised_finetune,1,42,100,0.4713719174920392,0.7405524894632025,0.7420127084556148,0.981973729804818,0.2921442985534668,4428322.5
supervised_finetune,1,42,110,0.4467320292059827,0.7382362309754568,0.7398552356828583,0.9814299415877183,0.2938868999481201,4336361.5
supervised_finetune,1,42,120,0.4341851492390156,0.7398696295478363,0.741603621101306,0.9819598716309318,0.2965010106563568,3990801.0
supervised_finetune,1,42,130,0.4060427547194801,0.7336885272893672,0.7355961846354425,0.981332913946832,0.292608231306076,3813309.75
supervised_finetune,1,42,140,0.4403772488370623,0.7467083681379869,0.7486588890936239,0.9826057806744696,0.3081702888011932,3719828.25
supervised_finetune,1,42,150,0.3856876746765669,0.7391338695277127,0.7412616094135406,0.9817400867328588,0.3011464178562164,3490650.25
supervised_finetune,1,42,160,0.400508539175378,0.7437954915419006,0.7460269874755205,0.9821548097088404,0.295746237039566,3404446.25
supervised_finetune,1,42,170,0.4686778251378861,0.749553516107954,0.7518620969838354,0.98404008782113,0.318322479724884,3187964.0
supervised_finetune,1,42,180,0.3704786878226113,0.7471051545658398,0.7495461128556069,0.9823200574429636,0.3016357719898224,3084221.5
supervised_finetune,1,42,190,0.3862159133699519,0.7520514760974114,0.7545794881913551,0.9826215079088888,0.3216336965560913,2927645.5
supervised_finetune,1,42,200,0.4052660071903565,0.7523844654170767,0.7550289696792908,0.9833387592870164,0.3034964203834533,2846263.25
supervised_finetune,2,43,10,0.1732151695167056,0.4925789363465939,0.492917181899599,0.893026015948193,0.1668425500392913,14937069.0
supervised_finetune,2,43,20,0.3202105605008943,0.6203670966041419,0.6208511667837774,0.9487075497852316,0.2508427798748016,10321876.0
supervised_finetune,2,43,30,0.415247003915941,0.6743363883774512,0.6749383352573023,0.9663580704995012,0.2965610325336456,8197861.0
supervised_finetune,2,43,40,0.4731282388383656,0.6993041378483118,0.7000259094293179,0.9744287077460732,0.2957334518432617,7187490.0
supervised_finetune,2,43,50,0.4751412932649703,0.7080215542419895,0.7088864186417432,0.976267510650244,0.3182422816753387,6308472.5
supervised_finetune,2,43,60,0.4800291816889812,0.7193079261160331,0.7202910017100369,0.9786199885753044,0.3104470074176788,5772160.5
supervised_finetune,2,43,70,0.4632304900634325,0.7200956692652238,0.7212236693439994,0.979518963203502,0.2960691154003143,5321059.5
supervised_finetune,2,43,80,0.4429302570657925,0.7261318963806749,0.7273814724765557,0.9796219388315436,0.2971598207950592,4976641.0
supervised_finetune,2,43,90,0.4851912303674418,0.7335610540154527,0.7349177587625365,0.9818480153977238,0.3177982270717621,4655787.5
supervised_finetune,2,43,100,0.4664029693786975,0.736258926265524,0.7377436873584735,0.981619828794662,0.2950703501701355,4485211.5
supervised_finetune,2,43,110,0.4582542677943864,0.744795101702525,0.7463659891144316,0.9819152611990676,0.3260897099971771,4164955.75
supervised_finetune,2,43,120,0.4522303478307425,0.7446926691159041,0.7463926033564778,0.982436961436633,0.2922897040843963,4007138.75
supervised_finetune,2,43,130,0.4185741878243582,0.7383632808809035,0.7402432478216413,0.981622546611858,0.2879115343093872,3927294.25
supervised_finetune,2,43,140,0.4120370806355786,0.7361459016709772,0.7381714544415292,0.9820674642440302,0.2914284169673919,3679560.75
supervised_finetune,2,43,150,0.3965069635373627,0.7434480766617296,0.7455361912252371,0.9822162595268844,0.2695971727371216,3550814.5
supervised_finetune,2,43,160,0.3506834058382632,0.7363630008619407,0.7386352708879497,0.981501858015634,0.2831229567527771,3440491.75
supervised_finetune,2,43,170,0.4022900177696976,0.7470259746086347,0.749348905313144,0.9826493448620364,0.3047946393489837,3123387.75
supervised_finetune,2,43,180,0.4098371182298786,0.7474104884841047,0.7498655015667411,0.9828018178752363,0.3051127195358276,3100159.0
supervised_finetune,2,43,190,0.3574128295509476,0.7422994985431064,0.7449116947676737,0.9822202285881714,0.2989508509635925,2943477.25
supervised_finetune,2,43,200,0.3400779557164087,0.7415659621007825,0.7443071920595996,0.9820081335005832,0.2992451786994934,2861188.5
supervised_finetune,3,44,10,0.196013935447309,0.5157827652037664,0.5161033450982798,0.902958559452486,0.1884095519781112,14340590.0
supervised_finetune,3,44,20,0.3399216144904476,0.6343190351632423,0.6347839113825027,0.9513705139544316,0.2734619677066803,10059224.0
supervised_finetune,3,44,30,0.4102632661855656,0.6662933200829538,0.6669084751968748,0.9667127160351046,0.294819712638855,8252225.0
supervised_finetune,3,44,40,0.4430418891959534,0.6840885059277875,0.684850179844426,0.972354561791691,0.2983769178390503,7191057.0
supervised_finetune,3,44,50,0.4065796364230948,0.6983371373829208,0.699228783140151,0.9739468035850584,0.2762359380722046,6560600.0
supervised_finetune,3,44,60,0.4223591583391609,0.7095448850427349,0.7105665067875744,0.9757149820353952,0.2947150468826294,6093927.0
supervised_finetune,3,44,70,0.4640206523166332,0.7226495564286546,0.72376875606316,0.9791328136657572,0.2926840484142303,5327295.0
supervised_finetune,3,44,80,0.4947305179240381,0.737525177914131,0.7387182352421658,0.9818431171761904,0.3169531524181366,4771583.5
supervised_finetune,3,44,90,0.4822257459330593,0.7382237251935252,0.7395592548447946,0.981674354572995,0.3261368870735168,4505667.5
supervised_finetune,3,44,100,0.4533504287597795,0.7413443539215873,0.7427941961954466,0.981854228599328,0.3035973012447357,4375834.5
supervised_finetune,3,44,110,0.4599836063880155,0.736245513630706,0.7378633560499138,0.9823882170867908,0.2905125916004181,4169486.0
supervised_finetune,3,44,120,0.4218653135138064,0.7397109273143396,0.7414427956793767,0.9816211984139565,0.3000933527946472,4001434.0
supervised_finetune,3,44,130,0.3902948095743544,0.7396696081995195,0.7415212864553204,0.9816267550645452,0.2795811891555786,3846819.0
supervised_finetune,3,44,140,0.4374954756927027,0.7439163424167495,0.7458888615648872,0.9824944598000138,0.3044815361499786,3637484.5
supervised_finetune,3,44,150,0.3977975305570262,0.7434031635300223,0.7454968829367282,0.9821947846100038,0.298265129327774,3465048.75
supervised_finetune,3,44,160,0.4109432556995509,0.7398155865468977,0.7420863755304757,0.9820973460305092,0.2971865236759186,3463468.5
supervised_finetune,3,44,170,0.4232981661912086,0.7492578195805915,0.751562560697188,0.9831196424429532,0.3319821953773498,3170230.25
supervised_finetune,3,44,180,0.3694263686306486,0.7462870051867673,0.7487284204487642,0.9824809797577262,0.308423787355423,3069464.0
supervised_finetune,3,44,190,0.3636187338826655,0.741766546807614,0.7443882266889333,0.9822834212272532,0.2875587940216064,3138235.25
supervised_finetune,3,44,200,0.3625493587795244,0.7516379476675822,0.7542790466365377,0.9825443865520468,0.3267751336097717,2836941.5
supervised_finetune,4,45,10,0.1937591187033305,0.5157107860860503,0.5160327119925942,0.899933738896064,0.1833831965923309,14570986.0
supervised_finetune,4,45,20,0.3380666998879978,0.6270209357312057,0.6274953388465174,0.951183465756947,0.2564552128314972,10331397.0
supervised_finetune,4,45,30,0.4019648053352432,0.6619000819861321,0.66252527114398,0.9654612846094434,0.2794661223888397,8554277.0
supervised_finetune,4,45,40,0.4690492559896781,0.6983377495950548,0.6990613338405529,0.9744038700226646,0.3091371357440948,6985912.5
supervised_finetune,4,45,50,0.4664497642785,0.706370110805942,0.7072418048488232,0.9757796008110352,0.3058558106422424,6337178.0
supervised_finetune,4,45,60,0.4634220708436946,0.7130364535229171,0.7140405159829064,0.97827459127118,0.2884854078292846,5789678.5
supervised_finetune,4,45,70,0.4870457373767847,0.7266125474457016,0.727716830613055,0.9800358801907896,0.2986966669559479,5330152.0
supervised_finetune,4,45,80,0.4830628871811453,0.7288007438173889,0.7300402375535731,0.9807834138474074,0.3108534216880798,4939101.0
supervised_finetune,4,45,90,0.431417478134577,0.7266693223159353,0.7280606853240957,0.9798347740429236,0.29627525806427,4663348.0
supervised_finetune,4,45,100,0.4389005678741853,0.7354995631801654,0.7369822830650349,0.9811268632720108,0.2757992148399353,4552524.5
supervised_finetune,4,45,110,0.4411261248402097,0.7371469436728606,0.7387565771847071,0.9818956737709872,0.3059793412685394,4203206.0
supervised_finetune,4,45,120,0.4292403668367909,0.7457031129822298,0.7473928062115911,0.9819342156103203,0.3126385807991028,4002062.0
supervised_finetune,4,45,130,0.4569489177401311,0.743483460988483,0.7453235913132727,0.982925327932984,0.3142443895339966,3743833.75
supervised_finetune,4,45,140,0.4480121034950992,0.7428260603114115,0.7448079482746842,0.98263110786203,0.305442601442337,3682702.75
supervised_finetune,4,45,150,0.4019031555504188,0.7464876496359538,0.7485519531382586,0.982419081909786,0.2975504994392395,3452740.75
supervised_finetune,4,45,160,0.3579460203189088,0.7375499485493561,0.7398104855293339,0.9816374909383891,0.2889780402183532,3455773.5
supervised_finetune,4,45,170,0.393632717782276,0.7466728179093332,0.748991360600118,0.9827157700186276,0.3031441867351532,3217292.25
supervised_finetune,4,45,180,0.3424752667097363,0.7376662614603753,0.7401896490296239,0.9816824020327056,0.2820121943950653,3149729.25
supervised_finetune,4,45,190,0.4207378307604109,0.7458473829309227,0.7484425212696751,0.9832176764784772,0.3097944259643554,2981636.75
supervised_finetune,4,45,200,0.351625327794062,0.7427620239356444,0.7454960939343432,0.9822926550799892,0.2844823002815246,2966158.0
supervised_finetune,5,46,10,0.1802023125785575,0.5085669376520746,0.5088941880475738,0.893612340771584,0.1793426871299743,14463491.0
supervised_finetune,5,46,20,0.3255979684909509,0.615677948845561,0.6161670110766022,0.9497241878394878,0.2496778517961502,10467481.0
supervised_finetune,5,46,30,0.3952973951940839,0.6611661825131623,0.6617911966279987,0.9656467168122724,0.288068026304245,8433482.0
supervised_finetune,5,46,40,0.4512548867835787,0.6923242486395289,0.6930679034225906,0.9721996426901948,0.3111939430236816,7144568.0
supervised_finetune,5,46,50,0.4956979718934681,0.7120899070507507,0.7129435946401154,0.97721902772925,0.3202678859233856,6234163.5
supervised_finetune,5,46,60,0.4833708365137115,0.7163057157423032,0.7172983277418775,0.9786796017876922,0.3120451271533966,5817547.0
supervised_finetune,5,46,70,0.5216038183027265,0.735184189701697,0.7362510825586382,0.9817291351191798,0.3234845101833343,5223654.5
supervised_finetune,5,46,80,0.4766302003387843,0.7318254905185598,0.7330528408100976,0.980850956202991,0.2992644011974334,4987520.5
supervised_finetune,5,46,90,0.4367579177038106,0.7373736544289764,0.7387013099348965,0.9810762798515852,0.3068776428699493,4619140.0
supervised_finetune,5,46,100,0.4769897795164188,0.7384308733378013,0.7399070530550012,0.9819090562725769,0.2980012595653534,4586543.0
supervised_finetune,5,46,110,0.4598916013593562,0.7394843635976512,0.7410787840222945,0.9823814442879816,0.3004766702651977,4053322.75
supervised_finetune,5,46,120,0.4826186563491914,0.7419808584296226,0.7436901301301949,0.9834687273958218,0.3243990838527679,3895933.0
supervised_finetune,5,46,130,0.4240139721732024,0.7362018901260958,0.73808869341368,0.9820989795731,0.289400041103363,3845713.0
supervised_finetune,5,46,140,0.4040624980579172,0.738877760478997,0.740876738320271,0.9820406573370856,0.2906148433685303,3689111.75
supervised_finetune,5,46,150,0.3857535025114821,0.7435161227061511,0.7456034598100113,0.9820491031173234,0.3116432726383209,3346046.0
supervised_finetune,5,46,160,0.3884893379686879,0.7472460780375924,0.7494364347553,0.9821517649366336,0.3180820941925049,3310043.75
supervised_finetune,5,46,170,0.3426952297282877,0.7364334059339215,0.7388435761551935,0.9814150209714412,0.3033653199672699,3381259.5
supervised_finetune,5,46,180,0.3621784360924398,0.739530272158724,0.7420481575909089,0.982006172416094,0.3050248324871063,3081782.5
supervised_finetune,5,46,190,0.3540928193356302,0.7486054049764178,0.7511530363232669,0.9821854813871688,0.2992296516895294,3046985.5
supervised_finetune,5,46,200,0.3574194286489132,0.7466478998881125,0.7493407196405821,0.982414565282487,0.3099363148212433,2887890.5
supervised_finetune,6,47,10,0.2072122198450309,0.5327634032832232,0.5330739172615024,0.9002789628923178,0.1787326633930206,14457878.0
supervised_finetune,6,47,20,0.3258676734364721,0.6129075582479859,0.6133994830721339,0.9504573206860626,0.2407374829053878,10613697.0
supervised_finetune,6,47,30,0.4147358706008813,0.671239400255293,0.6718454735491188,0.9669520680549516,0.2892042398452759,8222149.0
supervised_finetune,6,47,40,0.4645041447246168,0.7013569872505006,0.7020749197525623,0.9738575743288392,0.3061151504516601,7148983.0
supervised_finetune,6,47,50,0.4538377019517293,0.7068337719302286,0.7077034242095094,0.975271390944977,0.2999744117259979,6493745.0
supervised_finetune,6,47,60,0.4848767415557994,0.7164492316320518,0.7174444163974494,0.9784271284311808,0.3188263177871704,5719797.0
supervised_finetune,6,47,70,0.4569124145236446,0.7171369348354614,0.7182819778585103,0.9790352105230152,0.2866535186767578,5481657.5
supervised_finetune,6,47,80,0.4972399144442581,0.7328985605200318,0.7341247775853377,0.980927667501556,0.3151908218860626,5010600.0
supervised_finetune,6,47,90,0.5198982909392158,0.7404026032076232,0.7417260757836992,0.982957470351318,0.315236359834671,4621635.0
supervised_finetune,6,47,100,0.5028564721678755,0.7379265418223203,0.7394089106680345,0.9823232169516712,0.321072906255722,4395836.5
supervised_finetune,6,47,110,0.422334333867143,0.7344733428858164,0.7360974851424483,0.98151826609821,0.2912079989910126,4204876.5
supervised_finetune,6,47,120,0.4616172796950623,0.742247830512079,0.7439623852387836,0.9826767099576564,0.3209090232849121,3899929.5
supervised_finetune,6,47,130,0.3998740976153976,0.7437155573273404,0.7455390567128428,0.9819177984896772,0.2905665338039398,3917180.5
supervised_finetune,6,47,140,0.4067334235695148,0.7434181809900283,0.7453845822587768,0.982034118412934,0.2758111953735351,3719771.0
supervised_finetune,6,47,150,0.3673192871986038,0.7403507377966595,0.742469439787611,0.981376853390249,0.2757633924484253,3602624.75
supervised_finetune,6,47,160,0.3865184213263701,0.738413191390107,0.7406897498647926,0.9818686173194892,0.2916049361228943,3377935.0
supervised_finetune,6,47,170,0.3758181843881696,0.7468875716565544,0.7491991627519199,0.9824001840744856,0.3111171722412109,3130465.5
supervised_finetune,6,47,180,0.3513331186541263,0.7411761549077213,0.7436667043672957,0.9819893528080222,0.2603776752948761,3247086.5
supervised_finetune,6,47,190,0.3345752868879771,0.7439498557397699,0.746530911316453,0.9819739374456056,0.2750786244869232,3009715.0
supervised_finetune,6,47,200,0.3413962601327029,0.7460224335698796,0.7487156885053644,0.9821830218591492,0.2904323041439056,2917947.75
supervised_finetune,7,48,10,0.1830189083170124,0.5095182872780234,0.5098444624168508,0.8973439867675637,0.1778598129749298,14580266.0
supervised_finetune,7,48,20,0.3319931805342869,0.6246747875100239,0.6251523902581844,0.9502941680815272,0.2613867223262787,10304633.0
supervised_finetune,7,48,30,0.4188816030536811,0.6724085648790479,0.67301349181152,0.9666600684140608,0.2972361743450165,8275241.5
supervised_finetune,7,48,40,0.4609758210612134,0.6960941932211244,0.6968263416413832,0.9731585591877644,0.3057020604610443,7072271.5
supervised_finetune,7,48,50,0.4444802351865808,0.7015850591215523,0.7024673669270041,0.9753434546229592,0.2911148071289062,6418857.5
supervised_finetune,7,48,60,0.5047011321172826,0.7204186319347435,0.7214009528262173,0.9793138791323478,0.3214951157569885,5714709.0
supervised_finetune,7,48,70,0.509389956592785,0.7297584174796458,0.7308501414606409,0.9809397405398174,0.3188138306140899,5266201.0
supervised_finetune,7,48,80,0.4580533629260239,0.7259772060238867,0.7272320511576951,0.9799987695939354,0.3039703965187073,5084180.5
supervised_finetune,7,48,90,0.5058328490152034,0.7413808277262458,0.7426919131458148,0.9828847147330058,0.3375814855098724,4449546.0
supervised_finetune,7,48,100,0.4417091536442604,0.7349339485601863,0.7364273896044616,0.9808390364597376,0.2994832992553711,4446663.0
supervised_finetune,7,48,110,0.4658288291635721,0.741018499214649,0.7426121262369132,0.9822390553513988,0.3219289779663086,4132846.25
supervised_finetune,7,48,120,0.4667790186639841,0.7442908470448978,0.7460004724984569,0.9826054905173032,0.3106594681739807,4007007.0
supervised_finetune,7,48,130,0.4579668616796594,0.7422153273541457,0.7440683125610565,0.9826687167263484,0.309529185295105,3822350.25
supervised_finetune,7,48,140,0.4049419447659532,0.7424265555994427,0.7443968708363258,0.9822304004631544,0.2979530394077301,3617861.0
supervised_finetune,7,48,150,0.3821702454333393,0.7421838439470727,0.7442812899437199,0.9820266361258596,0.288652092218399,3574255.0
supervised_finetune,7,48,160,0.4450625769684627,0.7487730706676334,0.750955161477372,0.98337615335052,0.2948861718177795,3365315.5
supervised_finetune,7,48,170,0.3875617415385014,0.7453544890882369,0.7476838948326245,0.982488224179308,0.3044790029525757,3207276.75
supervised_finetune,7,48,180,0.3339772311696361,0.7366430688634054,0.7391735434388822,0.9816842827722996,0.2941283881664276,3058290.5
supervised_finetune,7,48,190,0.3501520699965491,0.7395681561622449,0.742208440653994,0.9820086038322036,0.2814520895481109,2994499.25
supervised_finetune,7,48,200,0.3352118876708171,0.7381474407807014,0.7409296924379903,0.9818783845942488,0.2906217873096466,2934722.5
supervised_finetune,8,49,10,0.2053039359076095,0.5270234585281496,0.5273383643428231,0.8984715906880434,0.1798720508813858,14669313.0
supervised_finetune,8,49,20,0.3294971166411406,0.6265654971177808,0.6270408376839683,0.9499225828019864,0.2620605528354645,10300056.0
supervised_finetune,8,49,30,0.4135368841386895,0.6652587742454602,0.6658770505799823,0.9663591335874688,0.3002903461456299,8329368.5
supervised_finetune,8,49,40,0.457588551480788,0.692555120957359,0.6932955584170418,0.9731712002744102,0.32132488489151,7074694.5
supervised_finetune,8,49,50,0.4935329190133007,0.7095890739337959,0.7104521209068821,0.977045822740021,0.3127838671207428,6489506.0
supervised_finetune,8,49,60,0.4708810138387997,0.715707855276709,0.7167033064558844,0.977996716427154,0.3093158602714538,5822097.5
supervised_finetune,8,49,70,0.4816402098325302,0.7296245780117001,0.7307154328567328,0.980151257748832,0.3245971798896789,5287172.0
supervised_finetune,8,49,80,0.5173670443638535,0.7328278829867828,0.7340551920130383,0.981610572464136,0.3086298704147339,5030284.5
supervised_finetune,8,49,90,0.4566653430707741,0.7343162806746604,0.7356683254398543,0.9812046060839976,0.302165150642395,4673341.0
supervised_finetune,8,49,100,0.4801327022262183,0.7328323913349875,0.7343351199641754,0.982075271079877,0.3061609864234924,4420691.0
supervised_finetune,8,49,110,0.4128493376980399,0.7302057530445398,0.7318704281045104,0.9799623480616626,0.2944732308387756,4325015.5
supervised_finetune,8,49,120,0.4547940547833183,0.7448704477689044,0.7465765281584387,0.9821845174244952,0.31280118227005,4027185.0
supervised_finetune,8,49,130,0.4067437702712664,0.7397013914079842,0.7415558832255502,0.9819959682623,0.2831204235553741,3845279.25
supervised_finetune,8,49,140,0.4020000067814302,0.7391989868427942,0.7412017274077659,0.9817469991521977,0.2865911722183227,3699071.5
supervised_finetune,8,49,150,0.3999644212120585,0.7479432318551145,0.7499947263318454,0.9824479993227704,0.2914774417877197,3543058.5
supervised_finetune,8,49,160,0.4723489705252234,0.7479144469645852,0.7501167938641555,0.9837967024171288,0.3058192133903503,3447213.75
supervised_finetune,8,49,170,0.4399265278416742,0.7511448697971395,0.7534294074784257,0.9835700323312956,0.308682769536972,3109524.0
supervised_finetune,8,49,180,0.3614982618102585,0.7442761062342781,0.7467459915707689,0.982093511425142,0.3141327500343323,3077505.0
supervised_finetune,8,49,190,0.3360855881236346,0.738921920340468,0.7415693293350213,0.9817193454840076,0.281810998916626,3018702.75
supervised_finetune,8,49,200,0.3178163080806491,0.7401510539937065,0.7429019294245384,0.9816415318933918,0.2872575521469116,2963128.25
supervised_finetune,9,50,10,0.1953083398151543,0.5127437439360266,0.5130664395306314,0.90230979637517,0.1856771260499954,14473519.0
supervised_finetune,9,50,20,0.3196911344515055,0.6151846750381867,0.6156761584575404,0.9480205026882492,0.2478635311126709,10623997.0
supervised_finetune,9,50,30,0.4311042863305229,0.6807323538821776,0.6813212981979652,0.9676261175898376,0.2928698360919952,8150269.0
supervised_finetune,9,50,40,0.4275694486336482,0.6895066260990178,0.6902544877624415,0.9716697378831428,0.2983524203300476,7190128.0
supervised_finetune,9,50,50,0.4875293007960383,0.7107851421889004,0.7116443722472835,0.976637196057659,0.3204617798328399,6342716.0
supervised_finetune,9,50,60,0.5175592709001559,0.7228670350736671,0.7238378347990941,0.9801608276533348,0.3201418817043304,5675018.0
supervised_finetune,9,50,70,0.4831522598930122,0.728066625841287,0.7291621497031476,0.9802659294573114,0.3058465719223022,5293718.5
supervised_finetune,9,50,80,0.4872623974637196,0.7347505243538508,0.7359646038653719,0.980852287850666,0.3261219263076782,4942119.5
supervised_finetune,9,50,90,0.4723200675895428,0.734032555860641,0.7353900819586532,0.9812595310045006,0.3055352568626404,4614486.5
supervised_finetune,9,50,100,0.464189146955421,0.731477259822543,0.7329942947305973,0.9813520163124166,0.2994056046009063,4493137.5
supervised_finetune,9,50,110,0.4528811431680282,0.7383835194589944,0.7399992959310063,0.9814667237623432,0.2940836548805237,4236597.0
supervised_finetune,9,50,120,0.3859322447224285,0.7306552107325218,0.7324401963074859,0.9808227858390705,0.2712402641773224,4213663.0
supervised_finetune,9,50,130,0.4065981698790082,0.7362915837622981,0.7381741076072132,0.9819834248337296,0.2915740013122558,3772134.0
supervised_finetune,9,50,140,0.4119625691619684,0.7406428930258262,0.7426227529053535,0.9824536504622422,0.3019627332687378,3638712.0
supervised_finetune,9,50,150,0.3538363570489717,0.7301282104263482,0.7323285735769556,0.9809894801334356,0.284679502248764,3659815.75
supervised_finetune,9,50,160,0.3804279654733356,0.7490121367522028,0.7511815029412112,0.9821987551385096,0.2946739792823791,3366187.0
supervised_finetune,9,50,170,0.3767773933566312,0.7408959369583116,0.7432671108418204,0.98220618888999,0.3044339418411255,3241985.75
supervised_finetune,9,50,180,0.3726545855153489,0.7425966859122203,0.7450871201259882,0.9821122675858066,0.3074234127998352,3095070.25
supervised_finetune,9,50,190,0.3694561775736841,0.7451730546146259,0.7477540279889117,0.9825104518967496,0.2815386354923248,3105171.5
supervised_finetune,9,50,200,0.3547273134922825,0.7449560934498952,0.7476655112407485,0.9823854666386512,0.2867270112037658,2978568.75
supervised_finetune,10,51,10,0.1874038156020341,0.5173788192227057,0.5177004144890475,0.895802939755302,0.1812297403812408,14722205.0
supervised_finetune,10,51,20,0.3371717179895404,0.6309921273117371,0.6314610836205906,0.95130800762156,0.2672751545906067,10027295.0
supervised_finetune,10,51,30,0.4100563084706105,0.6636177677346528,0.6642384373932227,0.9664229341245943,0.2981699705123901,8092689.5
supervised_finetune,10,51,40,0.4630357422070604,0.69764821223925,0.6983780773237485,0.9729395922934504,0.3024902045726776,7190043.0
supervised_finetune,10,51,50,0.4787587856587014,0.7091445246031741,0.7100061570310424,0.9764150669549548,0.2977272570133209,6449765.0
supervised_finetune,10,51,60,0.4410929324145138,0.7101077458347179,0.711123390120432,0.9770831410363516,0.3080273568630218,5735619.0
supervised_finetune,10,51,70,0.4911480497062431,0.725381958227997,0.7264927050152794,0.98007687698042,0.3152078092098236,5264181.5
supervised_finetune,10,51,80,0.4796049693917709,0.7315493900438254,0.732777906443908,0.9806533659805946,0.3095640242099762,5022959.5
supervised_finetune,10,51,90,0.4155476329259888,0.722907612466768,0.7243105762932762,0.9801971398484716,0.2971313595771789,4617211.0
supervised_finetune,10,51,100,0.4424453728851344,0.7333806403316435,0.7348745434824732,0.9814064260044076,0.295225977897644,4495554.5
supervised_finetune,10,51,110,0.4113752671041078,0.7310043567070761,0.7326606661874313,0.9803426106485492,0.2901521623134613,4329579.0
supervised_finetune,10,51,120,0.4383820809255459,0.7354661084430818,0.7372238955883095,0.9821302014584335,0.2809732556343078,4076814.0
supervised_finetune,10,51,130,0.4209659128401224,0.7373281994647286,0.7392073309611777,0.9820233827151562,0.2904233932495117,3734757.0
supervised_finetune,10,51,140,0.394434319568771,0.7457300491749913,0.7476760951471991,0.9818303091200588,0.310549646615982,3667668.25
supervised_finetune,10,51,150,0.3642121566145757,0.733861468122789,0.7360301825161195,0.9813137928595372,0.2869875133037567,3573656.25
supervised_finetune,10,51,160,0.3828412780407977,0.7435759881885268,0.7457973184795575,0.9821291519275668,0.2941505312919616,3404086.5
supervised_finetune,10,51,170,0.3621527066749598,0.7384692488776978,0.7408585918732569,0.9819132727656223,0.3067078590393066,3345195.0
supervised_finetune,10,51,180,0.3534628251469585,0.7407012941402998,0.743200266742458,0.9819916063385388,0.2789226472377777,3140955.0
supervised_finetune,10,51,190,0.3540447925575951,0.741280944773217,0.7439054997917683,0.9820626632697508,0.2973853647708893,2951226.0
supervised_finetune,10,51,200,0.3241001899856038,0.7400144277804709,0.7427669357904971,0.9818750975548932,0.2721521258354187,2964904.75
supervised_finetune,11,52,10,0.1977590396044208,0.5179622731790383,0.5182834244413533,0.897741709139377,0.171016588807106,14785979.0
supervised_finetune,11,52,20,0.323629193612316,0.6187333137289496,0.6192186166756646,0.9499709989056654,0.2447466254234314,10628702.0
supervised_finetune,11,52,30,0.4251588943380022,0.6741408060856177,0.6747418362282598,0.967326039912399,0.2993465960025787,8149369.0
supervised_finetune,11,52,40,0.4537844154429486,0.6909037219544044,0.6916487590995559,0.9728174891810404,0.295051634311676,7220601.5
supervised_finetune,11,52,50,0.495318219703997,0.7141579188550856,0.7150009243501991,0.9778675629768492,0.3226245939731598,6234610.0
supervised_finetune,11,52,60,0.4438030870901676,0.7139530153594863,0.7149541147039458,0.977129617594312,0.2954693734645843,5843924.0
supervised_finetune,11,52,70,0.4617449828402051,0.7149378829006908,0.7160866399012142,0.9795111439843296,0.3006793558597564,5410274.0
supervised_finetune,11,52,80,0.473997075141583,0.7291562586834057,0.7304003311623452,0.9800514751407728,0.3175803124904632,4867245.5
supervised_finetune,11,52,90,0.4841743248978563,0.7336510740086919,0.7350085206690219,0.9818427169189342,0.3040125072002411,4742572.0
supervised_finetune,11,52,100,0.4662061380164833,0.7434328167070161,0.7448697392219691,0.9820983669212676,0.2971412241458893,4419517.5
supervised_finetune,11,52,110,0.5022182987246333,0.7417828563622585,0.743369201427649,0.983229847174814,0.3170908689498901,4199939.5
supervised_finetune,11,52,120,0.472374454942244,0.7473892977160691,0.7490669344245846,0.98318076184335,0.2997965216636657,3890715.5
supervised_finetune,11,52,130,0.4301665227706686,0.744119621253226,0.7459544371048195,0.9822104163578316,0.3157198131084442,3722373.5
supervised_finetune,11,52,140,0.3807760326391296,0.7384268843466022,0.7404159408221219,0.981891269356573,0.3005357384681701,3600197.75
supervised_finetune,11,52,150,0.3603776250933411,0.7393064622397114,0.7414271743644779,0.9814574248237864,0.2760050892829895,3588556.25
supervised_finetune,11,52,160,0.4529861496554421,0.7463813526665358,0.748582034566719,0.9835268886486026,0.3137858211994171,3346615.25
supervised_finetune,11,52,170,0.3708356786641442,0.7388142333445546,0.7411996320283933,0.9820834687827804,0.2908403575420379,3181800.0
supervised_finetune,11,52,180,0.3479115240647745,0.7377393185400285,0.7402766976220488,0.9815590234964404,0.2810792624950409,3220587.5
supervised_finetune,11,52,190,0.3550596743669196,0.7419056660960113,0.7445178990100182,0.9822226513183464,0.292588859796524,2946666.75
supervised_finetune,11,52,200,0.3892104324764252,0.7453145756956627,0.7480408106848747,0.9828223259536948,0.3117277920246124,2909721.25
supervised_finetune,12,53,10,0.1818654517655342,0.518047336355155,0.5183692126231436,0.891806784455838,0.1813663095235824,14686655.0
supervised_finetune,12,53,20,0.3340966047399114,0.623907755042063,0.6243862607995335,0.9501854679530796,0.2507292330265045,10430521.0
supervised_finetune,12,53,30,0.4254076126360077,0.6765069900897948,0.677103269012738,0.9674907462428288,0.297285258769989,8213097.0
supervised_finetune,12,53,40,0.437297590008903,0.6842829995936924,0.685042722194975,0.972383874238633,0.3021902441978454,7225178.0
supervised_finetune,12,53,50,0.4769549342660286,0.6999554285451136,0.7008424624073493,0.9768083749352672,0.3019450902938843,6682025.5
supervised_finetune,12,53,60,0.4554447187825454,0.7106025259625884,0.7116224501844237,0.9768366039292464,0.2950636744499206,5840863.0
supervised_finetune,12,53,70,0.4795551459081135,0.7257846116694149,0.7268892595572682,0.980275910593866,0.3148386478424072,5189721.0
supervised_finetune,12,53,80,0.4697774162530526,0.7287866080430246,0.7300262545585131,0.9807768035577394,0.3056408762931824,5043191.5
supervised_finetune,12,53,90,0.450805026734158,0.7332843900755837,0.7346373913907788,0.9812439290705564,0.2934678494930267,4683434.5
supervised_finetune,12,53,100,0.4121775988215143,0.7311036630700061,0.7326104466845673,0.9805543590617076,0.287930279970169,4505728.5
supervised_finetune,12,53,110,0.4431330643983855,0.7382955425789736,0.7399050316449757,0.9814845983006466,0.2885255515575409,4308234.0
supervised_finetune,12,53,120,0.4767575349349111,0.741073174722375,0.7427950485928434,0.983182107869768,0.3039100766181946,3915071.25
supervised_finetune,12,53,130,0.3970363351042493,0.7391942099397958,0.7410541374062387,0.9816447448675482,0.304793119430542,3751222.0
supervised_finetune,12,53,140,0.3803782743248234,0.7382071918660641,0.7402055780813827,0.981559366062658,0.3018184006214142,3583315.5
supervised_finetune,12,53,150,0.3822385809250672,0.7456382648187022,0.7477034634366012,0.9821037078907102,0.2931583523750305,3443294.75
supervised_finetune,12,53,160,0.3942488543851727,0.741623070451062,0.7438647500383739,0.9823444172052148,0.2688439488410949,3447192.25
supervised_finetune,12,53,170,0.3647303354557882,0.7394699335156232,0.7418538123121602,0.9819500130951704,0.287080854177475,3312391.5
supervised_finetune,12,53,180,0.3555006368438026,0.7420426485603202,0.7445284772619382,0.9820601334913012,0.3004858493804931,3126795.0
supervised_finetune,12,53,190,0.3622781422139731,0.7466392080150658,0.7492120772573753,0.9822467158761988,0.3072620332241058,2941139.5
supervised_finetune,12,53,200,0.373365307581443,0.7490290059286946,0.7517010989039904,0.9826877083462668,0.3017961084842682,2884020.25
supervised_finetune,13,54,10,0.217619632148739,0.5365846906358569,0.5368911158565041,0.906852965836103,0.1784179508686065,14690630.0
supervised_finetune,13,54,20,0.3224136066033999,0.617814833751446,0.6183014242364709,0.9491949513212004,0.2396856993436813,10551511.0
supervised_finetune,13,54,30,0.4085480661958683,0.6682305586431883,0.6688438065091485,0.9661184451661582,0.3049940466880798,8250279.0
supervised_finetune,13,54,40,0.4410506552668506,0.6991902897886273,0.6999140097506225,0.972433330541668,0.2899585962295532,7224357.5
supervised_finetune,13,54,50,0.4791577922016711,0.7065602153323266,0.7074258680007731,0.9771245842125936,0.3109453916549682,6324523.5
supervised_finetune,13,54,60,0.506125166640757,0.724118992225012,0.7250885364844842,0.9791826220425868,0.3126143217086792,5758060.0
supervised_finetune,13,54,70,0.5153946945420504,0.7291256222054979,0.7302234609504437,0.9809009333099692,0.3163553476333618,5343903.5
supervised_finetune,13,54,80,0.4608761269759773,0.7221099426084384,0.7233825610974692,0.9797462465280552,0.2818733751773834,5246971.5
supervised_finetune,13,54,90,0.4998166178655213,0.737087588947038,0.7384362824707059,0.9819427140343646,0.3161969780921936,4691285.5
supervised_finetune,13,54,100,0.5071496642374852,0.740284342260104,0.7417530099890679,0.982594058301473,0.3227766454219818,4390158.5
supervised_finetune,13,54,110,0.4912391469961853,0.7447255389593113,0.7462947220359156,0.9830735036974222,0.3125399351119995,4267422.0
supervised_finetune,13,54,120,0.3816174386132475,0.7315575371127583,0.7333372859729647,0.980546186008078,0.2812736630439758,4205021.5
supervised_finetune,13,54,130,0.4597882103533022,0.7453068228648452,0.7471356566683965,0.9828980087906533,0.304590106010437,3817721.25
supervised_finetune,13,54,140,0.4615952681689794,0.7497988201765751,0.7517193784239657,0.9834218251683778,0.3211951553821563,3566022.75
supervised_finetune,13,54,150,0.3924472204992154,0.7426400464116617,0.7447401058715674,0.9821123935905468,0.2742083072662353,3620234.25
supervised_finetune,13,54,160,0.3683315981875472,0.7381925683426314,0.7404593539887397,0.9817165872302648,0.2822740375995636,3422330.0
supervised_finetune,13,54,170,0.3661159091204292,0.7422109536940651,0.7445616487900981,0.9821589145758888,0.2845019698143005,3245544.25
supervised_finetune,13,54,180,0.34511343184429,0.7378413902448091,0.7403678521656892,0.981745171467231,0.2784037590026855,3227596.75
supervised_finetune,13,54,190,0.3464935933648481,0.7424361578408518,0.7450506868457801,0.9818584466769698,0.2872484028339386,3080014.75
supervised_finetune,13,54,200,0.3420737732789238,0.7453311210769653,0.7480326626757465,0.9822403206221006,0.2948752045631408,2959894.5
supervised_finetune,14,55,10,0.1892868613904016,0.5142066248833229,0.5145293117520662,0.8987447255353985,0.1875859797000885,14414701.0
supervised_finetune,14,55,20,0.3099586891769073,0.6162900586957349,0.6167786778853227,0.9484148184717288,0.2507879734039306,10680233.0
supervised_finetune,14,55,30,0.4248127695747146,0.6775205020510264,0.6781164957580857,0.9669153208001317,0.3005795776844024,8168810.0
supervised_finetune,14,55,40,0.464345416685194,0.6960561322871923,0.696789627961756,0.97314081306044,0.3072727024555206,7162856.0
supervised_finetune,14,55,50,0.5038347453383181,0.7146595032266972,0.7155019897990066,0.9781591451059922,0.3055774271488189,6235456.0
supervised_finetune,14,55,60,0.4793809399923829,0.7130023823036888,0.7140041446517817,0.9788684804285144,0.3030000925064087,5800635.5
supervised_finetune,14,55,70,0.4985661261799123,0.7277530403135506,0.7288498680276321,0.9808627203036868,0.3047499656677246,5399751.0
supervised_finetune,14,55,80,0.513378146638632,0.7377546232904935,0.7389610117857183,0.9814423696929004,0.3297953009605407,4966992.5
supervised_finetune,14,55,90,0.477913884352641,0.7353378053479985,0.7366811842032044,0.9818914729478372,0.3179527819156647,4552365.0
supervised_finetune,14,55,100,0.4813495392194701,0.7427932482369091,0.7442406982901525,0.9820952685075456,0.3128910064697265,4350489.5
supervised_finetune,14,55,110,0.4080300305801286,0.732617970026844,0.7342589155669123,0.9806832443631264,0.3038391768932342,4207888.0
supervised_finetune,14,55,120,0.4389066410706051,0.7382261496798957,0.7399829504494393,0.9811013814396012,0.3137350976467132,4037190.75
supervised_finetune,14,55,130,0.4418353381427064,0.7380419961740725,0.7399176815352305,0.982526491648748,0.2986274361610412,3841626.25
supervised_finetune,14,55,140,0.3832479620057964,0.7379534697715223,0.7399554871531657,0.98162582631512,0.2984258532524109,3780329.5
supervised_finetune,14,55,150,0.4327886480675914,0.749187825493344,0.7512429368190902,0.9829486727907292,0.3084999024868011,3369506.75
supervised_finetune,14,55,160,0.3654618962898636,0.735553891962531,0.7378359525653315,0.9818200039629308,0.2941558957099914,3429952.75
supervised_finetune,14,55,170,0.4007478112736051,0.7478367902218727,0.7501552669808444,0.9826390340707888,0.3095552623271942,3218854.5
supervised_finetune,14,55,180,0.3963149464354353,0.7486585239435122,0.7511009770366252,0.9825740248389137,0.3061272203922272,3124283.25
supervised_finetune,14,55,190,0.3413294479325487,0.7402597053774206,0.7428890564790142,0.9817284299151928,0.3007435202598572,3052529.0
supervised_finetune,14,55,200,0.3805895309609921,0.7502013940990963,0.7528709199161648,0.9827643562022962,0.3031109571456909,2901899.5
supervised_finetune,15,56,10,0.2051160804035668,0.5254331339326782,0.5257482818455316,0.901827983533846,0.1823592782020568,14545373.0
supervised_finetune,15,56,20,0.343186520965792,0.6230033268447493,0.6234814053790614,0.9526500537100075,0.2486169934272766,10504681.0
supervised_finetune,15,56,30,0.4249448184492047,0.6792551961585812,0.6798476832532379,0.9670042689372512,0.2878534197807312,8220990.0
supervised_finetune,15,56,40,0.4431535486084759,0.6845388464677966,0.6852979029494027,0.9724394896322474,0.2901934683322906,7241495.0
supervised_finetune,15,56,50,0.4848742479074967,0.7140518247556888,0.7148989966464073,0.9766328712838748,0.3217059969902038,6292573.0
supervised_finetune,15,56,60,0.4451012028194551,0.7132572164350964,0.7142573319222705,0.977705437836212,0.2792618870735168,5924915.0
supervised_finetune,15,56,70,0.5134447125745008,0.7320563100418236,0.7331326870942957,0.9816204539471975,0.3120498657226562,5284309.5
supervised_finetune,15,56,80,0.5026843053354552,0.729888354114747,0.7311259324306516,0.9812802429676668,0.3264940083026886,4905832.5
supervised_finetune,15,56,90,0.4807299722746219,0.7345361642374864,0.7358891299763947,0.9816264458922248,0.2975085973739624,4753488.5
supervised_finetune,15,56,100,0.4293224002977047,0.7363243123817895,0.7377984158287771,0.9812346106473356,0.2930063605308532,4427792.5
supervised_finetune,15,56,110,0.4858379551962992,0.7418879102020722,0.7434732168326936,0.982957950073138,0.2905569970607757,4249217.5
supervised_finetune,15,56,120,0.4059639288839741,0.7333239206856712,0.7350971235937751,0.9812548095534738,0.3015224635601043,4096637.5
supervised_finetune,15,56,130,0.4057683414210408,0.7316585527005548,0.733579176641379,0.9815984738962696,0.2775691449642181,3907513.75
supervised_finetune,15,56,140,0.4431119160724867,0.7473951576784278,0.7493283083948282,0.9831484844408974,0.3070569038391113,3569461.5
supervised_finetune,15,56,150,0.4063398924678603,0.7457933869819402,0.7478665937742456,0.9824046266365856,0.2883501648902893,3536055.75
supervised_finetune,15,56,160,0.3737331429229337,0.7451934466637207,0.7473872266647815,0.9821848145069336,0.3021999895572662,3325826.25
supervised_finetune,15,56,170,0.3593373911484152,0.7445343247171319,0.7468616108620282,0.9821228120169572,0.2887547016143799,3258517.25
supervised_finetune,15,56,180,0.3473620691606959,0.740181852532926,0.7426835340970256,0.9818259388624954,0.2838058471679687,3158702.75
supervised_finetune,15,56,190,0.3597450232655952,0.745087834577138,0.7476716953913483,0.9823587372008528,0.2903695404529571,2993558.0
supervised_finetune,15,56,200,0.3592695416726012,0.747915500409815,0.7505940784146788,0.9825549688374392,0.2828465402126312,2921079.25
supervised_finetune,16,57,10,0.2075369589851562,0.5271557364797506,0.5274687263080616,0.9046907483197296,0.1745331436395645,14759324.0
supervised_finetune,16,57,20,0.3256717935704861,0.6162312460173107,0.616718330771708,0.9509311003290418,0.2575832605361938,10335396.0
supervised_finetune,16,57,30,0.4148336974505404,0.6695110682458553,0.6701225765679855,0.9663990546710508,0.2898735702037811,8545180.0
supervised_finetune,16,57,40,0.469054186088225,0.7028385161157767,0.7035514327647662,0.9743821540710992,0.3094425201416015,6972125.0
supervised_finetune,16,57,50,0.4661448478985779,0.7088772464195907,0.7097362698839539,0.9766934915364764,0.3060908317565918,6227587.0
supervised_finetune,16,57,60,0.4625787924095051,0.7141213315166978,0.7151194530876116,0.9783373744975612,0.3024330139160156,5879582.0
supervised_finetune,16,57,70,0.4688330873509552,0.7230584066373457,0.7241696155668741,0.980201868518214,0.311152696609497,5204661.0
supervised_finetune,16,57,80,0.449424430796093,0.7274969800142449,0.7287369030847958,0.9804491419930312,0.289219468832016,4991917.5
supervised_finetune,16,57,90,0.4709770040366654,0.7284387048907021,0.7298237321027321,0.9814649369834332,0.3025345206260681,4633354.5
supervised_finetune,16,57,100,0.4914449833833058,0.7360447939609627,0.7375307198998043,0.9825199266081042,0.3062001168727875,4510402.5
supervised_finetune,16,57,110,0.4179409104218445,0.7337658981700284,0.7353964218190171,0.9812842820446296,0.28827103972435,4266582.5
supervised_finetune,16,57,120,0.4062126094560708,0.7321127797751537,0.7338934654329833,0.9810360427290992,0.2901240885257721,4125708.5
supervised_finetune,16,57,130,0.4178591118774348,0.7379724533682325,0.7398537505630608,0.9818466090392736,0.3157541155815124,3784323.5
supervised_finetune,16,57,140,0.415354829898729,0.7411254129096171,0.7431103279495955,0.9822146942979952,0.3248045444488525,3634706.25
supervised_finetune,16,57,150,0.4297505421238393,0.7484671874919059,0.7505315208292022,0.982699889371823,0.3021922707557678,3536550.75
supervised_finetune,16,57,160,0.3715902681487563,0.7392350332399487,0.7414949948998107,0.9816780499099652,0.3019463419914245,3419096.5
supervised_finetune,16,57,170,0.345268801776656,0.7397603600652293,0.7421319788666296,0.9816837461223948,0.2690933048725128,3327491.5
supervised_finetune,16,57,180,0.3894936141127014,0.74417666563644,0.7466482346735759,0.982676504312286,0.3041527867317199,2994753.25
supervised_finetune,16,57,190,0.3650131881167598,0.7462676656704881,0.7488417436908611,0.9823969970407554,0.2983030676841736,2999856.25
supervised_finetune,16,57,200,0.3398576297232447,0.7419030514088393,0.7446394271079083,0.9821723135690164,0.2892695665359497,2964145.25
supervised_finetune,17,58,10,0.2075899446877843,0.5262893416735585,0.5266038641781977,0.9014802250053536,0.17365263402462,14690076.0
supervised_finetune,17,58,20,0.3316132905321374,0.6226156567041097,0.6230948421185559,0.9512560779399613,0.2568486034870147,10283013.0
supervised_finetune,17,58,30,0.4175909767473342,0.668031984227741,0.6686439092818155,0.9671194316944788,0.2931759655475616,8216030.5
supervised_finetune,17,58,40,0.4565293570005912,0.6884199585704053,0.6891714176730874,0.9728925596009214,0.2880104482173919,7268602.0
supervised_finetune,17,58,50,0.486945366710402,0.7061851604334574,0.7070536800990375,0.97730457379707,0.3043346107006073,6388194.5
supervised_finetune,17,58,60,0.4912726105524816,0.7238415813152911,0.7248128059830383,0.9779046202843208,0.276281863451004,6337561.0
supervised_finetune,17,58,70,0.5150397185631945,0.7329222620411434,0.7340010236560116,0.981122208256646,0.3131989538669586,5340817.0
supervised_finetune,17,58,80,0.4774609264103361,0.7284591668557665,0.7296958767677003,0.9811086922381564,0.3044555783271789,5005810.0
supervised_finetune,17,58,90,0.4524066120608837,0.7270549640420667,0.7284410022772774,0.9810972881342362,0.3056701421737671,4699050.5
supervised_finetune,17,58,100,0.4977196612331524,0.7398112309603302,0.741273093913459,0.9826196583917084,0.2933348417282104,4501202.5
supervised_finetune,17,58,110,0.4836844481791837,0.7417388693653709,0.743324633764141,0.9828816940231851,0.3305347561836242,4068047.5
supervised_finetune,17,58,120,0.3986052019986653,0.7351193585717538,0.7368779388815031,0.9810257038259412,0.2947297394275665,4087878.75
supervised_finetune,17,58,130,0.4749405931070526,0.7435954385297314,0.7454367706594209,0.983304058919634,0.3055388331413269,3888753.5
supervised_finetune,17,58,140,0.4610136525687652,0.7462313256975915,0.7481716415840134,0.9835244069949256,0.3085245192050934,3540286.25
supervised_finetune,17,58,150,0.4353847985432567,0.7433366038737615,0.7454364455769976,0.9830099209542372,0.3008774220943451,3465115.25
supervised_finetune,17,58,160,0.4177490365996315,0.7498084037591018,0.751977742690844,0.9827896697153788,0.3071762323379516,3379167.5
supervised_finetune,17,58,170,0.3446563705657183,0.7416208980234201,0.7439713891166752,0.9818301152711266,0.2877143919467926,3174445.5
supervised_finetune,17,58,180,0.3491891427762079,0.7421050864017453,0.744587030198384,0.9819036553819231,0.2875613570213318,3083490.5
supervised_finetune,17,58,190,0.361103335319965,0.7459355734736179,0.7485135294689563,0.982324453464887,0.2988851368427276,3000963.5
supervised_finetune,17,58,200,0.355716623295193,0.7403810774371514,0.7431435902905827,0.9823307099200976,0.2679902911186218,3081201.75
supervised_finetune,18,59,10,0.1985924486775497,0.5180497910418962,0.5183688577564468,0.903003415085936,0.1859046816825866,14420999.0
supervised_finetune,18,59,20,0.3199620122863138,0.6154488092872417,0.6159377289563277,0.9498094631761166,0.2578880786895752,10600263.0
supervised_finetune,18,59,30,0.4133088583630586,0.6738188681453249,0.6744231048395488,0.9657508764857898,0.3089185059070587,8381645.0
supervised_finetune,18,59,40,0.4382501958333177,0.6928728701818212,0.6936118625855645,0.9724687597059138,0.3014446496963501,7138081.5
supervised_finetune,18,59,50,0.4782512603730278,0.7051966270338654,0.7060672648573696,0.9771118015100008,0.2997963428497314,6498972.0
supervised_finetune,18,59,60,0.511154101607762,0.7269345969992118,0.7278940237736241,0.9796034742365756,0.3073903918266296,5746039.5
supervised_finetune,18,59,70,0.4643076303568078,0.7276594794867057,0.7287543613802552,0.9798465188350214,0.2935291528701782,5457047.0
supervised_finetune,18,59,80,0.5081742153064089,0.7331996067351182,0.7344169764942841,0.9819143357362125,0.3135252296924591,4905298.0
supervised_finetune,18,59,90,0.4757819698792359,0.7341019192285112,0.7354564749663342,0.9814182472092544,0.3196727335453033,4631746.5
supervised_finetune,18,59,100,0.4652068086065878,0.7445550918460454,0.745991629248972,0.98188117524418,0.3249769806861877,4297740.0
supervised_finetune,18,59,110,0.4256409110928955,0.735214683612628,0.7368353822185152,0.9814272963685028,0.2960244119167328,4268612.0
supervised_finetune,18,59,120,0.388953904571693,0.7279232255369408,0.7297281342696437,0.9809297892171464,0.2864097952842712,4058373.75
supervised_finetune,18,59,130,0.4235678019186213,0.7384981743238594,0.7403741461421994,0.9818972191043908,0.2969176471233368,3932190.25
supervised_finetune,18,59,140,0.4021533685400565,0.7413621777350807,0.7433457271821048,0.981909542450159,0.2926271855831146,3843855.0
supervised_finetune,18,59,150,0.4158019325538833,0.7438700308586184,0.7459592657147215,0.9826121986411128,0.3167650401592254,3411284.75
supervised_finetune,18,59,160,0.4062901370109144,0.7502054245375644,0.7523679184872165,0.9827592464665176,0.327368289232254,3286773.5
supervised_finetune,18,59,170,0.3729420087641614,0.7449599883311474,0.7472900516224246,0.982175780313316,0.2882403135299682,3249025.5
supervised_finetune,18,59,180,0.363595707380347,0.7453408101773822,0.7477983139302941,0.9820142038537764,0.312452495098114,3057959.0
supervised_finetune,18,59,190,0.3582186820812835,0.7399926731099583,0.7426406324437228,0.981939817568622,0.2861943244934082,3103818.5
supervised_finetune,18,59,200,0.3499043897681407,0.7435368949664847,0.746263874940309,0.9821740166577726,0.3045262098312378,2922687.25
supervised_finetune,19,60,10,0.2052441786234715,0.5206265095813062,0.5209450087925588,0.9011445614060256,0.1772760152816772,14843544.0
supervised_finetune,19,60,20,0.3322415416364304,0.627432968507641,0.6279072424776136,0.9505419525592664,0.2638849020004272,10232735.0
supervised_finetune,19,60,30,0.4016140063475938,0.6653398604424581,0.6659583083479954,0.9655181501320628,0.2808189392089844,8510671.0
supervised_finetune,19,60,40,0.4556756517763266,0.6929265505710204,0.6936693803326442,0.972230557692069,0.3074854910373688,7323405.0
supervised_finetune,19,60,50,0.4842345016186304,0.7099885109412084,0.7108500520997159,0.976529256007177,0.3163900673389435,6369991.5
supervised_finetune,19,60,60,0.4721561368063727,0.7170868538453173,0.7180762607997822,0.9786810226422628,0.3041797280311584,5877621.0
supervised_finetune,19,60,70,0.4849565792114827,0.7260137192911182,0.7271267633546006,0.9796053057949994,0.3293155133724212,5370339.5
supervised_finetune,19,60,80,0.4987305377370702,0.7350604173621986,0.7362725865277894,0.98127389730556,0.3249625861644745,4919756.0
supervised_finetune,19,60,90,0.4859609078139355,0.7352314974354461,0.7365773335801193,0.9821813021027888,0.3137756288051605,4605171.0
supervised_finetune,19,60,100,0.4538801591846201,0.7364697457214873,0.737950527467961,0.9815206310786576,0.2971915900707245,4395688.5
supervised_finetune,19,60,110,0.4503454802601461,0.7410938450977177,0.7426886280959883,0.9818416592303314,0.3257488012313843,4175796.5
supervised_finetune,19,60,120,0.4581581091766595,0.7429887241328018,0.7446959284965396,0.9827042687848307,0.3161936402320862,3990511.5
supervised_finetune,19,60,130,0.3863986451556168,0.738410461395171,0.7402708546965295,0.9816245008884524,0.3044078946113586,3748405.75
supervised_finetune,19,60,140,0.424193539862475,0.7468908248640305,0.748828722607796,0.9824012737484557,0.296539843082428,3773349.75
supervised_finetune,19,60,150,0.3671059503913402,0.7369862719017408,0.7391321533486659,0.9814384123693628,0.3001816868782043,3656070.0
supervised_finetune,19,60,160,0.3786188780724769,0.7422369616386649,0.7444614831940113,0.982257652348181,0.2947938442230224,3300066.5
supervised_finetune,19,60,170,0.353501528999427,0.7399807811276627,0.7423536353857957,0.9818761367565406,0.2966644167900085,3311618.5
supervised_finetune,19,60,180,0.3618818297384439,0.7399373358895188,0.742453634503972,0.9819131758705008,0.2856964468955993,3233543.25
supervised_finetune,19,60,190,0.3486426547826565,0.7400884106635469,0.7427331579881109,0.9818225811031996,0.2954772114753723,3090806.25
supervised_finetune,19,60,200,0.3341813651062943,0.7431595368073219,0.7458777192150574,0.9820476517446042,0.2927820682525635,3041034.25
supervised_finetune,20,61,10,0.2006354679158134,0.5256050586050325,0.5259197054038602,0.9014005478709468,0.1795917153358459,14675606.0
supervised_finetune,20,61,20,0.3328389211779112,0.6264388170286151,0.6269144256865673,0.9505865014853236,0.2678291499614715,10188147.0
supervised_finetune,20,61,30,0.4182454345294258,0.6720134468373781,0.6726176688166621,0.967324515061368,0.3088933229446411,8009126.0
supervised_finetune,20,61,40,0.4460738434871616,0.6930477439607435,0.6937860998911898,0.9726247970628,0.308601051568985,7139911.5
supervised_finetune,20,61,50,0.4871617621743181,0.7113225030984506,0.7121726367301208,0.977702998379744,0.3303887248039245,6162083.5
supervised_finetune,20,61,60,0.4644768251374667,0.7133261653892657,0.7143367496524048,0.9771359874361824,0.3179759979248047,5812474.0
supervised_finetune,20,61,70,0.5151575402308615,0.7299164102032715,0.7310065826488165,0.9812251240221654,0.3192757368087768,5398699.0
supervised_finetune,20,61,80,0.4700726631266931,0.7257031111449,0.7269628597656517,0.9799228811116066,0.3224779069423675,4992310.5
supervised_finetune,20,61,90,0.4894003774528829,0.7384779566258102,0.7398160666095189,0.9816673744855308,0.3282025754451751,4618868.0
supervised_finetune,20,61,100,0.4622899126102986,0.7375578148416915,0.7390356456828472,0.9813203731592554,0.3115637302398681,4409043.0
supervised_finetune,20,61,110,0.3922855069614121,0.7270123584429038,0.7286859578067941,0.9803298968465456,0.2869891226291656,4327863.0
supervised_finetune,20,61,120,0.4731794454084919,0.7407821480526384,0.7425113949985178,0.9828304061617262,0.2891190946102142,4070267.75
supervised_finetune,20,61,130,0.4018690162969385,0.7357001732624651,0.7375910285149876,0.9816822442773528,0.2998972535133362,3882311.5
supervised_finetune,20,61,140,0.4047609367835724,0.7403589239365121,0.7423435423422656,0.982202102568586,0.2743056416511535,3587644.75
supervised_finetune,20,61,150,0.385244491007756,0.7419353732261158,0.7440472454018411,0.981698272291602,0.3011969327926636,3547950.25
supervised_finetune,20,61,160,0.3683592227430518,0.7393905878088387,0.7416437424743481,0.981794319889098,0.2881514132022857,3433426.75
supervised_finetune,20,61,170,0.3998273836632914,0.7473760532708287,0.7496909096235567,0.9827857109246224,0.2820151448249817,3202638.75
supervised_finetune,20,61,180,0.3628163570564526,0.7410804115682527,0.7435842453613338,0.9819071856274472,0.2889984846115112,3135224.75
supervised_finetune,20,61,190,0.3412383627014844,0.740531399944976,0.7431511015083707,0.9820411931066588,0.2947982847690582,3039331.25
supervised_finetune,20,61,200,0.3368871230118612,0.7442573901364821,0.7469707375375567,0.9820530069754124,0.2873084843158722,2941129.0
supervised_finetune,21,62,10,0.196181783853187,0.510443389891797,0.5107668829560363,0.904724541535146,0.1799177527427673,14452886.0
supervised_finetune,21,62,20,0.3370853547545094,0.6272847163779368,0.6277581617987018,0.9515142230943834,0.2631467878818512,10109999.0
supervised_finetune,21,62,30,0.4240834789912051,0.6731666229889205,0.673769286608823,0.9675758125888286,0.2930711507797241,8162750.5
supervised_finetune,21,62,40,0.4540842672726842,0.6904027377684625,0.6911495065134948,0.97293550720451,0.2907514870166778,7286252.0
supervised_finetune,21,62,50,0.46529390938765,0.7048055317012696,0.7056737525828337,0.9769612467385044,0.2920582890510559,6314636.5
supervised_finetune,21,62,60,0.4739154511277454,0.7159936006037394,0.7169853555767505,0.9786915131971436,0.2805653810501098,5684762.0
supervised_finetune,21,62,70,0.4822473379222717,0.7266308471583282,0.7277361464966056,0.9798981075349988,0.3054320812225342,5326790.0
supervised_finetune,21,62,80,0.4707607454856893,0.7235312949601962,0.7247963361221075,0.98049955521609,0.2929403185844421,5043970.0
supervised_finetune,21,62,90,0.4756174944073358,0.7305389423703105,0.7319066048973818,0.9817304947613872,0.2845950126647949,4713088.0
supervised_finetune,21,62,100,0.4764680119715507,0.7405081709428798,0.7419636291433013,0.9822088471381076,0.3030579090118408,4347757.5
supervised_finetune,21,62,110,0.4041164729814765,0.7312180741885494,0.7328599828991212,0.981012497449282,0.280652105808258,4331413.0
supervised_finetune,21,62,120,0.4273185090519933,0.7355597354461496,0.7373144513368702,0.9818553860001124,0.2813338339328766,3950734.0
supervised_finetune,21,62,130,0.3921050666219959,0.7351263299489108,0.7370188495990753,0.981288567966463,0.2786973416805267,3768958.75
supervised_finetune,21,62,140,0.4306014483461739,0.745909025183071,0.7478555187037145,0.9826581188297492,0.3047071695327759,3585945.25
supervised_finetune,21,62,150,0.4829353108861907,0.7429940936059407,0.7451088605057631,0.9837705297007868,0.294831782579422,3625633.75
supervised_finetune,21,62,160,0.3771517706288292,0.7413322666729214,0.7435657172353568,0.982129188490656,0.2863772809505462,3334516.5
supervised_finetune,21,62,170,0.3465754914060315,0.7385012320287363,0.7408856077421416,0.9816740319609516,0.2933143377304077,3130943.0
supervised_finetune,21,62,180,0.3663174908939601,0.7457387693748453,0.7481922701953991,0.9822138061024944,0.2857211828231811,3248534.5
supervised_finetune,21,62,190,0.3577620281581088,0.7424505423311896,0.7450596869794003,0.9822627541609786,0.2785785496234894,3030755.0
supervised_finetune,21,62,200,0.3327184908640421,0.7405910919383474,0.7433423845074053,0.9818685205417448,0.2813566029071808,2992609.5
supervised_finetune,22,63,10,0.1962226217411847,0.521776721727345,0.5220939122035496,0.9010937013268452,0.1812922805547714,14484521.0
supervised_finetune,22,63,20,0.3141193242705953,0.620889163499631,0.6213727094568221,0.9479434495277314,0.2364728301763534,10523810.0
supervised_finetune,22,63,30,0.4286949795293572,0.6746531460121263,0.6752529847006115,0.9676125697033582,0.2823213040828705,8482942.0
supervised_finetune,22,63,40,0.4742249822013449,0.7023201166752557,0.7030356037050629,0.974337189804778,0.3139623403549194,7033423.5
supervised_finetune,22,63,50,0.4585495731199974,0.7112009178111818,0.7120600689146385,0.9744713842076496,0.3048936128616333,6454910.0
supervised_finetune,22,63,60,0.4758480243336735,0.7167819210176507,0.7177716377470992,0.9787466510991104,0.2975347638130188,5762138.0
supervised_finetune,22,63,70,0.4947098115284849,0.7276283799670454,0.7287302718614406,0.9803026799987014,0.3151635229587555,5277211.0
supervised_finetune,22,63,80,0.4331084584027388,0.7211851174386322,0.7224611148413258,0.9790526805784728,0.2864568829536438,5130688.0
supervised_finetune,22,63,90,0.4548218708880336,0.7364082734861981,0.7377393898263621,0.9817507221902564,0.3048159778118133,4603894.0
supervised_finetune,22,63,100,0.4508532086907943,0.7392992727375827,0.7407597488463312,0.9817660255745432,0.3075897693634033,4324016.0
supervised_finetune,22,63,110,0.5012903148741109,0.7417816077197185,0.7433691459266089,0.9831255238183804,0.3036575615406036,4236993.5
supervised_finetune,22,63,120,0.4914544245981476,0.7505932523426643,0.7522596504315592,0.9834543073358696,0.3117167353630066,3939027.0
supervised_finetune,22,63,130,0.4504265923895442,0.7427844883594735,0.7446284246226561,0.9827230768850368,0.2928746044635772,3840371.25
supervised_finetune,22,63,140,0.3890220011708344,0.7328949567686248,0.7349493031744819,0.9809880393246908,0.291260689496994,3816531.5
supervised_finetune,22,63,150,0.3882629681896333,0.7439471391732689,0.74603669833371,0.981941207963733,0.3023362755775451,3462204.75
supervised_finetune,22,63,160,0.3719524679822835,0.7393203716113765,0.7415826532285562,0.9815975689157872,0.2984694838523865,3427631.25
supervised_finetune,22,63,170,0.3730133633548268,0.7403984472538374,0.742773682825656,0.982115335187936,0.3195578455924988,3236458.75
supervised_finetune,22,63,180,0.3567022250280293,0.7424878121303955,0.7449696363185149,0.981993699531398,0.2909121215343475,3174248.5
supervised_finetune,22,63,190,0.3480107387982885,0.7397896244178994,0.7424296292346273,0.9819174132567404,0.2800272703170776,3152398.75
supervised_finetune,22,63,200,0.339320846203505,0.7431385658919061,0.7458696826057986,0.9819650236226084,0.2983846366405487,2895399.25
supervised_finetune,23,64,10,0.1967464388909194,0.5221490651951257,0.5224678688003128,0.896000408668058,0.1754259020090103,14949427.0
supervised_finetune,23,64,20,0.3247762554114201,0.6234115427029462,0.6238904011568575,0.9496908628428968,0.2510178685188293,10767568.0
supervised_finetune,23,64,30,0.4170410694370561,0.6680096597470147,0.6686221511677842,0.9669206973936436,0.2979210317134857,8343668.0
supervised_finetune,23,64,40,0.4609123233555548,0.7009144713473089,0.7016349885801308,0.973011383068758,0.310715913772583,7059236.5
supervised_finetune,23,64,50,0.4870506105928184,0.7122161184664482,0.7130701890589971,0.9765936240058,0.3146364390850067,6323643.5
supervised_finetune,23,64,60,0.4887674392537144,0.7178594799223348,0.7188454552961547,0.979215528823165,0.3218740820884704,5665697.0
supervised_finetune,23,64,70,0.4848764514371533,0.7255237139129885,0.7266386234143845,0.9794707046791092,0.3084796369075775,5447518.0
supervised_finetune,23,64,80,0.4916701067404196,0.7287677407844381,0.7300089053056718,0.981092615277492,0.3131469190120697,4875081.5
supervised_finetune,23,64,90,0.521302393772558,0.7443527005828879,0.745661606377387,0.982781145174842,0.3343617618083954,4550958.5
supervised_finetune,23,64,100,0.4325046115712082,0.7319754256291136,0.7334750026106375,0.9812204485244278,0.3018549978733063,4565502.5
supervised_finetune,23,64,110,0.4886550706340063,0.7406863131170821,0.7422833976943951,0.9827350641203494,0.3240226209163666,4264509.5
supervised_finetune,23,64,120,0.4440938671432809,0.7435518213307158,0.7452604648469178,0.9822074710043625,0.3180764615535736,4008168.0
supervised_finetune,23,64,130,0.4140532981435045,0.7431773667673746,0.7450150994365475,0.9818838654776648,0.3195946812629699,3679620.5
supervised_finetune,23,64,140,0.4204931323856094,0.7478275245795866,0.7497592312646434,0.9824954557480544,0.3060909211635589,3568328.0
supervised_finetune,23,64,150,0.3961655546665357,0.745869041660206,0.7479389259691053,0.9822923319984356,0.2976602613925934,3444697.25
supervised_finetune,23,64,160,0.4212739049361805,0.7503238945491828,0.7524935248228938,0.9828994846365802,0.3095192015171051,3310823.75
supervised_finetune,23,64,170,0.3680490421309378,0.7431341257973701,0.7454852308755335,0.9820656542243766,0.2750552892684936,3363087.0
supervised_finetune,23,64,180,0.3845126076426525,0.7448074997636893,0.7472711669861521,0.9825519552289572,0.2929657697677612,3138443.75
supervised_finetune,23,64,190,0.3422395135354509,0.7384535718987545,0.7411026311636988,0.9818779261177552,0.2966688573360443,3107291.0
supervised_finetune,23,64,200,0.3707081095166333,0.7445382712472147,0.7472675602804145,0.9824874628101902,0.2933069765567779,2973828.5
supervised_finetune,24,65,10,0.2012921517957198,0.5200338521706723,0.5203514131882943,0.9039711073118806,0.1858520954847335,14426915.0
supervised_finetune,24,65,20,0.3196171113156144,0.6255320093228888,0.6260101324663583,0.9478061939784924,0.2550691962242126,10476627.0
supervised_finetune,24,65,30,0.4006331916368885,0.6684469182708943,0.6690588650633049,0.9657425517804374,0.297961562871933,8281359.5
supervised_finetune,24,65,40,0.4529869163336787,0.6939365636590297,0.6946760280606625,0.9724860473567448,0.3140289485454559,7163963.0
supervised_finetune,24,65,50,0.4827932767368745,0.7099761329003534,0.710836093136487,0.976627054583447,0.3197871148586273,6327673.0
supervised_finetune,24,65,60,0.4900285504104956,0.7175308250943225,0.718522606991588,0.9788059035517686,0.3077622950077057,5972671.5
supervised_finetune,24,65,70,0.462186396674758,0.7240798031578809,0.7251963090883137,0.9788374887791362,0.3204114735126495,5283045.5
supervised_finetune,24,65,80,0.4925773267228284,0.7382525400906125,0.7394447721204901,0.9817316866711548,0.298780620098114,4920601.5
supervised_finetune,24,65,90,0.4478871600836686,0.7261166810132769,0.727514542314643,0.9803876919989212,0.3011211454868316,4758952.0
supervised_finetune,24,65,100,0.4941443939090219,0.7416651475385895,0.7431223382211838,0.9823950918866424,0.3076662719249725,4385729.0
supervised_finetune,24,65,110,0.4212861943046812,0.7341939849513824,0.735832374350891,0.9804849680692748,0.2912193834781647,4336631.5
supervised_finetune,24,65,120,0.5305755227815943,0.7541591050281479,0.7558086834934983,0.9841090979235936,0.3389409780502319,3965792.25
supervised_finetune,24,65,130,0.4151588069096755,0.7387376215231181,0.7406095178542321,0.9817917070073822,0.2904189825057983,3893889.25
supervised_finetune,24,65,140,0.42857286749686,0.743953821586013,0.745913226556948,0.9827258434725816,0.2984190285205841,3684680.5
supervised_finetune,24,65,150,0.4189780010256089,0.742333145165061,0.7444446181901341,0.9825405038805956,0.3075843751430511,3461195.75
supervised_finetune,24,65,160,0.3833428484271326,0.7452048893178899,0.7474166289603429,0.9821280825599032,0.3144684135913849,3307476.75
supervised_finetune,24,65,170,0.3638917860595675,0.7424509462540513,0.7448059897602628,0.9819266231644672,0.288110613822937,3328744.0
supervised_finetune,24,65,180,0.3987119500679049,0.7503764064395194,0.7527932818237957,0.98277855177779,0.3056271374225616,3072722.25
supervised_finetune,24,65,190,0.3836106331897149,0.7511818625508555,0.7537094352614909,0.982784742501604,0.2876260876655578,3004122.25
supervised_finetune,24,65,200,0.3591218815098013,0.7462937270072574,0.7489990488582867,0.9823309385127684,0.2861992120742798,2993088.5
supervised_finetune,25,66,10,0.2066599636253387,0.5253411340514532,0.5256548078169571,0.9059849543932412,0.1800108104944229,14596299.0
supervised_finetune,25,66,20,0.3538728181349571,0.6364619297990114,0.6369230852421172,0.9532365798358018,0.2750736176967621,10149657.0
supervised_finetune,25,66,30,0.4125526315326365,0.6759872785106658,0.6765846934543853,0.9665739302941588,0.284942090511322,8280664.5
supervised_finetune,25,66,40,0.4468067941374959,0.6890823531250135,0.6898330447054803,0.9723727892841204,0.306188702583313,7196877.5
supervised_finetune,25,66,50,0.4887195063856024,0.7123540340005917,0.7132062255075559,0.9768645883672158,0.3302764296531677,6208974.0
supervised_finetune,25,66,60,0.4937764325537838,0.716823942858771,0.7178215986625293,0.978595169162785,0.3235249519348144,5792563.5
supervised_finetune,25,66,70,0.4911870861380123,0.722990470643928,0.7241082908307563,0.980386966958138,0.3132347166538238,5317425.0
supervised_finetune,25,66,80,0.5312792560687097,0.7421105369393004,0.7432931865302351,0.9821857386199476,0.3345445692539215,4909294.5
supervised_finetune,25,66,90,0.4896574255024661,0.7358312728680955,0.7371779846716924,0.9820731964913508,0.332383245229721,4526990.5
supervised_finetune,25,66,100,0.4893669805753481,0.7417153954891237,0.7431660343189963,0.982684247236087,0.3155004382133484,4422968.5
supervised_finetune,25,66,110,0.4743358294747197,0.7424136498998711,0.7439992665821201,0.9824828974712312,0.3169898986816406,4168577.5
supervised_finetune,25,66,120,0.4205368955867123,0.7317770662016496,0.7335618349630054,0.9815181677358698,0.3106141984462738,3923479.75
supervised_finetune,25,66,130,0.3970581749804714,0.7403024607543774,0.7421496441317432,0.98190343582732,0.3008403182029724,3704907.0
supervised_finetune,25,66,140,0.4530948125681908,0.7473509596790232,0.7492886854267964,0.9832265378924232,0.3360268175601959,3500915.25
supervised_finetune,25,66,150,0.3797758761002719,0.743035433492914,0.7451294592991675,0.9818019473721332,0.2976035177707672,3511278.5
supervised_finetune,25,66,160,0.4010417233761734,0.7448192540705568,0.7470325927134818,0.9825257566308776,0.3089882433414459,3431729.75
supervised_finetune,25,66,170,0.369941375720251,0.7418125267093889,0.7441725495864148,0.9821290543868688,0.3029893934726715,3245181.0
supervised_finetune,25,66,180,0.3530928057231321,0.743840409072838,0.7463079003658635,0.9819535205694604,0.2899129986763,3144437.0
supervised_finetune,25,66,190,0.3252737152539451,0.739767456007441,0.7423908668345853,0.9817773934088176,0.2848232388496399,3050529.25
supervised_finetune,25,66,200,0.3398064645043106,0.7433708019608193,0.7460949234074962,0.982078038371687,0.2873050272464752,2859627.75
supervised_finetune,26,67,10,0.2040976024179352,0.5228556518540032,0.523171108758549,0.9051768183840898,0.1906163096427917,14395696.0
supervised_finetune,26,67,20,0.3302122849774008,0.6240430935310204,0.6245208257110064,0.9506247908456662,0.2576543688774109,10421449.0
supervised_finetune,26,67,30,0.4075480033165066,0.6641359323589646,0.6647570675277102,0.9658791007171597,0.2927598059177398,8347593.5
supervised_finetune,26,67,40,0.447916672457428,0.6922918890523956,0.693033718260778,0.9726536052560256,0.2909218370914459,7176867.5
supervised_finetune,26,67,50,0.4431216641706376,0.7011832320773208,0.7020725884596001,0.9748028732763866,0.2985969185829162,6549654.0
supervised_finetune,26,67,60,0.5172548771579025,0.7258443251271581,0.7268074807196844,0.979585343580579,0.3322445750236511,5855761.0
supervised_finetune,26,67,70,0.4968451751626541,0.7259744865495487,0.7270780448015247,0.9807031437805872,0.3195815682411194,5238438.5
supervised_finetune,26,67,80,0.4800352680182462,0.7330131738444615,0.7342373941816026,0.9805979606926954,0.330191820859909,4912990.0
supervised_finetune,26,67,90,0.4650586776461034,0.7352730524627883,0.7366202201442819,0.9813986575510016,0.2968890964984894,4781109.5
supervised_finetune,26,67,100,0.4779652951994933,0.7441519571552572,0.7455870250283789,0.982392461691746,0.3175966739654541,4366000.5
supervised_finetune,26,67,110,0.4101283228283396,0.7272309667273713,0.728914653298776,0.9802438690027996,0.29346764087677,4328751.0
supervised_finetune,26,67,120,0.4031182517976253,0.7416407861141823,0.7433580811672511,0.980742923717732,0.3050788938999176,4022257.75
supervised_finetune,26,67,130,0.4222133893996622,0.7390056028225395,0.7408775670601534,0.9818737396146596,0.2935279905796051,3858277.25
supervised_finetune,26,67,140,0.4118943978989694,0.7393777705084372,0.7413843371722646,0.981921301621,0.2989937961101532,3708087.0
supervised_finetune,26,67,150,0.4191676138976319,0.7497620803873659,0.7518077611169917,0.98278538919291,0.312999963760376,3393700.75
supervised_finetune,26,67,160,0.3831936068346908,0.7463162557804125,0.7485069479988556,0.9822455688633228,0.308805763721466,3348158.75
supervised_finetune,26,67,170,0.3606831211161502,0.7432510302004608,0.7455980776712423,0.9819275514443824,0.2860394716262817,3189191.75
supervised_finetune,26,67,180,0.3330238948563779,0.7375137938776152,0.740037242520983,0.981493158876074,0.2676472663879394,3202898.5
supervised_finetune,26,67,190,0.3349002053420808,0.7342098626255984,0.7369043842833424,0.9815340528430192,0.2741521596908569,3144204.5
supervised_finetune,26,67,200,0.357903462899085,0.7489681132075154,0.7516403872947096,0.982351340188528,0.3110192418098449,2927064.75
supervised_finetune,27,68,10,0.1913813841878759,0.5075682505643,0.5078950832840008,0.8996238215806405,0.177781879901886,14698034.0
supervised_finetune,27,68,20,0.3196830242508644,0.6177732537686538,0.6182597719703393,0.9493208578165644,0.2585976421833038,10346441.0
supervised_finetune,27,68,30,0.4180636265869782,0.6685843230842295,0.66919496840666,0.967314995159678,0.2876343131065368,8302583.0
supervised_finetune,27,68,40,0.4405437031274343,0.6971889706707125,0.6979214213994089,0.9712260746055652,0.3140795528888702,7081807.5
supervised_finetune,27,68,50,0.4640210589718455,0.7106726918390661,0.7115325366041427,0.975558570889878,0.3252536058425903,6303345.5
supervised_finetune,27,68,60,0.494637047441946,0.7180156366768855,0.7190074423953138,0.978471677768059,0.3243184685707092,5678348.5
supervised_finetune,27,68,70,0.4866458640952109,0.7217636525471687,0.7228847496590073,0.9803548132128757,0.3056912124156952,5244117.5
supervised_finetune,27,68,80,0.5229557121304891,0.7368604647894901,0.7380683332882756,0.9820051120864975,0.3186270892620086,4920102.0
supervised_finetune,27,68,90,0.4663622560287903,0.7315848406962269,0.7329565735233555,0.981064238563936,0.315825492143631,4676495.0
supervised_finetune,27,68,100,0.4611180381464472,0.7320373094291075,0.7335434855441576,0.9817449560795286,0.2934657037258148,4386850.5
supervised_finetune,27,68,110,0.4650249310028599,0.7367085711129566,0.7383372435939966,0.9817980244402014,0.2909306287765503,4302839.0
supervised_finetune,27,68,120,0.4303498473858916,0.7413412014028093,0.7430624625363134,0.9815055687290558,0.301974207162857,3907527.5
supervised_finetune,27,68,130,0.4653749726338547,0.7475609493394417,0.7493684464668923,0.98329576473243,0.2891299426555633,3898998.5
supervised_finetune,27,68,140,0.3987693630829713,0.7424448847995545,0.7444146665332675,0.98197463901089,0.275236427783966,3695679.5
supervised_finetune,27,68,150,0.392310297132018,0.7469262690707055,0.7489845773893846,0.982312641356796,0.3077956438064575,3362537.25
supervised_finetune,27,68,160,0.3763543847512494,0.737943318904059,0.7402198415446792,0.9817288290573628,0.2809669971466064,3530286.0
supervised_finetune,27,68,170,0.4744239480039525,0.7546502269587926,0.7569096281032799,0.984273877204136,0.3114467263221741,3179695.0
supervised_finetune,27,68,180,0.3497593540595796,0.7384794017529779,0.7409952339527156,0.9819180990347518,0.2834596931934356,3213754.0
supervised_finetune,27,68,190,0.3606236415255039,0.7426714055683676,0.7452804555702127,0.9823070267217248,0.306950956583023,3033448.75
supervised_finetune,27,68,200,0.3453146075955405,0.7421655561735085,0.7449026209525536,0.9821979644837068,0.2922201454639435,2883544.5
supervised_finetune,28,69,10,0.1870111438407727,0.510788113410006,0.511112864914632,0.8992264893716188,0.1828810572624206,14357289.0
supervised_finetune,28,69,20,0.3393794426559052,0.6304224135703235,0.6308920047203401,0.9515787851766934,0.269528716802597,10163573.0
supervised_finetune,28,69,30,0.4011156238848912,0.6651230898740382,0.6657418456122156,0.9652412152470125,0.2659592628479004,8528608.0
supervised_finetune,28,69,40,0.4501338003363123,0.6967543859055713,0.6974899010474019,0.9717835911770418,0.3095253407955169,7248717.0
supervised_finetune,28,69,50,0.4855887217058791,0.7125905573780484,0.7134415887785368,0.9769858650833758,0.3258906900882721,6265262.5
supervised_finetune,28,69,60,0.5084742189581383,0.72707596661596,0.7280305293422631,0.9798465492357924,0.3274205923080444,5746263.5
supervised_finetune,28,69,70,0.4618879970829251,0.7154125573388846,0.7165623998233619,0.9792352372087536,0.2880643010139465,5644526.5
supervised_finetune,28,69,80,0.4778221987953051,0.7291217536040865,0.7303686478790025,0.9801130756715196,0.3195310533046722,5011885.0
supervised_finetune,28,69,90,0.4585741045736321,0.7357428841237217,0.7370878971750271,0.9810218976846165,0.2897935509681701,4804474.0
supervised_finetune,28,69,100,0.4223675449380679,0.7387083291747306,0.7401753107618966,0.9805227882130828,0.2933706939220428,4458425.0
supervised_finetune,28,69,110,0.4474348420307881,0.7379787245149746,0.739580594604527,0.9820897055772608,0.2986407279968261,4215883.0
supervised_finetune,28,69,120,0.4267668185666532,0.7410513642950685,0.7427789639114509,0.981701074151084,0.2974229454994201,4086528.75
supervised_finetune,28,69,130,0.4328132992086981,0.7377049194885948,0.7395764318123039,0.9823993133095428,0.2945386171340942,3812383.5
supervised_finetune,28,69,140,0.4557154340646157,0.7445653135269581,0.7465363499403881,0.982724907445752,0.3181452751159668,3674446.25
supervised_finetune,28,69,150,0.4175680308053486,0.7472331498653202,0.7493024263894521,0.9826725242175144,0.2997031807899475,3534002.0
supervised_finetune,28,69,160,0.4062612872906509,0.7448482292764776,0.7470587307240548,0.9826603379686596,0.3045086562633514,3333458.5
supervised_finetune,28,69,170,0.3699873076148935,0.7394094642672413,0.7417994003491919,0.9819209337012436,0.293573796749115,3295281.75
supervised_finetune,28,69,180,0.3482871542323565,0.7394876788446094,0.7419968493975452,0.9818999717827028,0.2973456978797912,3225178.75
supervised_finetune,28,69,190,0.3699820053389615,0.7465169148783614,0.7490901024081557,0.982426201383025,0.3069854974746704,3030602.5
supervised_finetune,28,69,200,0.3600348545217308,0.7439828923070728,0.746703197242106,0.9824131741831112,0.3057232797145843,2892888.75
supervised_finetune,29,70,10,0.1908513194597755,0.5141691906534213,0.5144914644397082,0.9006699954512106,0.1777256429195404,14644527.0
supervised_finetune,29,70,20,0.3370009865980147,0.6280058373949321,0.6284788697388553,0.9509779172230473,0.2609122991561889,10237411.0
supervised_finetune,29,70,30,0.4312851621237224,0.6770471639375066,0.6776415667721101,0.96818061128001,0.3007222712039947,8082946.0
supervised_finetune,29,70,40,0.4462206791001492,0.6914507000260951,0.6921910863667653,0.9733236199982276,0.2836655378341675,7114345.5
supervised_finetune,29,70,50,0.4451268709588794,0.7035543882216061,0.7044281930353787,0.9761161749662768,0.2896144390106201,6338534.5
supervised_finetune,29,70,60,0.4833020385813791,0.7176966026860009,0.7186848984511308,0.9788432849971912,0.3005888760089874,5773689.0
supervised_finetune,29,70,70,0.4672056677610088,0.7264938639937483,0.7275931671395277,0.9799895611534272,0.3115229904651642,5213037.0
supervised_finetune,29,70,80,0.517562700064777,0.7416846334126015,0.7428650331008795,0.9821947131271096,0.3203586339950561,4803956.0
supervised_finetune,29,70,90,0.4759232512369162,0.7362625527188519,0.7376080726740433,0.9814746738574218,0.3174295127391815,4665804.5
supervised_finetune,29,70,100,0.4811488036255055,0.7306285296516157,0.7321635410199032,0.980655659947658,0.2944406270980835,4636288.5
supervised_finetune,29,70,110,0.4775048042082742,0.7456662626519263,0.7472280969857527,0.9826138200938216,0.30416339635849,4222527.0
supervised_finetune,29,70,120,0.3996111098390281,0.7373179508988911,0.7390628820523577,0.9810283154751936,0.2757145166397095,4101102.25
supervised_finetune,29,70,130,0.4509049538082951,0.7385385327794759,0.7404120527092316,0.9826497792761436,0.3089303970336914,3789558.0
supervised_finetune,29,70,140,0.3927925695247634,0.7432741974213665,0.7452329526853785,0.981973075014465,0.3099719583988189,3540948.75
supervised_finetune,29,70,150,0.3711118019513324,0.7330198179141115,0.7351938226903098,0.9815073419508648,0.2743983268737793,3630073.25
supervised_finetune,29,70,160,0.3648583658996257,0.7441647893520239,0.7463699565409924,0.9818965282791472,0.3036130964756012,3308626.0
supervised_finetune,29,70,170,0.3742297357867822,0.745055884595945,0.7473898078589446,0.9820681200907808,0.2892066836357116,3224486.5
supervised_finetune,29,70,180,0.37244866495181,0.7456340495210675,0.7480893276564582,0.982411174598804,0.2933255434036255,3109960.75
supervised_finetune,29,70,190,0.3769855605489572,0.7506122200899664,0.7531451685332767,0.9826638619344878,0.2953321635723114,2946436.0
supervised_finetune,29,70,200,0.3244837952926788,0.740865483762888,0.7436075525435942,0.9818354631071526,0.2984327971935272,2908706.75
supervised_finetune,30,71,10,0.2022909925310868,0.52636887673916,0.5266847325365911,0.8963230428959886,0.1700400859117508,14915555.0
supervised_finetune,30,71,20,0.313394308236282,0.6066071874071484,0.6071088439065568,0.9484350156758932,0.2431450635194778,10699737.0
supervised_finetune,30,71,30,0.4129167355993039,0.6623638466654905,0.6629893057454719,0.9659374416748846,0.2839227616786957,8518525.0
supervised_finetune,30,71,40,0.4637032702145721,0.6963064100100137,0.6970379771540706,0.973407802491694,0.3011736571788788,7271332.0
supervised_finetune,30,71,50,0.4861826223187861,0.708332420495813,0.7091955099748729,0.9769819607557768,0.3071646988391876,6440390.5
supervised_finetune,30,71,60,0.5138811094449081,0.7319661498614572,0.7329017309901784,0.9804490168099336,0.3080481588840484,5769465.5
supervised_finetune,30,71,70,0.5133736565222593,0.7317935298690451,0.7328799848664485,0.9808683463830636,0.3273507952690124,5246991.5
supervised_finetune,30,71,80,0.4478453305002151,0.7278936272067328,0.7291369784716354,0.9796264710700494,0.3013513088226318,5028576.0
supervised_finetune,30,71,90,0.3962257887505949,0.716537381380058,0.7179740636843392,0.9794738925931707,0.2722271084785461,4848489.0
supervised_finetune,30,71,100,0.4136008014002404,0.7315047116614717,0.7330048999679066,0.9808026342360626,0.3006489872932434,4480498.0
supervised_finetune,30,71,110,0.4764576192892538,0.7426898325177078,0.7442777800590391,0.9822317204317688,0.3217914402484894,4183693.75
supervised_finetune,30,71,120,0.444418114665427,0.7371451369135695,0.7388954214453365,0.9821773989489648,0.3077788054943084,4023868.0
supervised_finetune,30,71,130,0.4333624783967422,0.7353951707780593,0.7372957621033913,0.9821614646606452,0.3134948313236236,3842658.5
supervised_finetune,30,71,140,0.4095205193613781,0.7387581014635384,0.7407644040264866,0.9819133586859484,0.2836686074733734,3795084.25
supervised_finetune,30,71,150,0.3908550183101417,0.7408658815034128,0.7429844960276235,0.9818476752964336,0.3128065466880798,3485132.25
supervised_finetune,30,71,160,0.3781847747581038,0.7368628535644254,0.7391428450036585,0.9819009751255257,0.3059994876384735,3338212.75
supervised_finetune,30,71,170,0.3558028685613022,0.7401100047661283,0.7424912867663757,0.9816527667389648,0.2925461232662201,3360641.25
supervised_finetune,30,71,180,0.350691533257436,0.7407882304246949,0.7432823163740448,0.9819821718876648,0.2757428586483001,3186563.0
supervised_finetune,30,71,190,0.3607319029443606,0.7424616109696994,0.7450738332889761,0.982275870626477,0.2896269559860229,3023810.75
supervised_finetune,30,71,200,0.3314447816721876,0.737781620802155,0.7405678068084223,0.9817757372710592,0.2878643572330475,2960322.25
supervised_finetune,31,72,10,0.2005269188919478,0.5221171097816552,0.5224348324934931,0.8992964185985527,0.175853356719017,14805108.0
supervised_finetune,31,72,20,0.3238203920243157,0.6249026955265689,0.6253800450488876,0.9495660132144934,0.2531874775886535,10313540.0
supervised_finetune,31,72,30,0.4170706476626283,0.6716962407530787,0.6723009575173341,0.9672578696459084,0.2915133833885193,8171504.5
supervised_finetune,31,72,40,0.4357010597923375,0.6916374420956998,0.6923808121984348,0.9719284044283956,0.294070690870285,7090059.5
supervised_finetune,31,72,50,0.5044049742272291,0.7189704351207246,0.719799701588685,0.9782166224001128,0.3090495467185974,6174279.5
supervised_finetune,31,72,60,0.4955616301127399,0.7218687625006505,0.7228426649062286,0.979184448201646,0.3222794532775879,5735637.0
supervised_finetune,31,72,70,0.4793982074378631,0.7229500382289051,0.7240652622366524,0.9801089716848024,0.3051150441169739,5305023.5
supervised_finetune,31,72,80,0.487361704698713,0.7324012317625804,0.7336274700520894,0.9809859934936506,0.3018288612365722,5002563.0
supervised_finetune,31,72,90,0.448537303078281,0.7355332811123062,0.736879311617308,0.9807895944767568,0.2793180644512176,4820667.5
supervised_finetune,31,72,100,0.4590499622824117,0.7393482742261709,0.7408115183191946,0.9818927136866428,0.3150065541267395,4326183.0
supervised_finetune,31,72,110,0.4686230002251024,0.73866488398987,0.7402783955116162,0.9818118385388382,0.315693736076355,4207749.0
supervised_finetune,31,72,120,0.4154445011367397,0.7358406646274651,0.7375926173991431,0.9817219527316036,0.2756248116493225,4088045.75
supervised_finetune,31,72,130,0.4826397131747444,0.7424488419186148,0.7443064719901747,0.9831105458045084,0.3089474737644195,3867038.75
supervised_finetune,31,72,140,0.4028653148351788,0.7434660135481895,0.745424091041423,0.982210833752202,0.2897755801677704,3578697.25
supervised_finetune,31,72,150,0.415854825160321,0.7469712894191598,0.7490396202633482,0.98263685325563,0.304255872964859,3499034.5
supervised_finetune,31,72,160,0.3952758324236178,0.7392043318787065,0.7414647273512662,0.9823548191400868,0.2929675579071045,3441040.5
supervised_finetune,31,72,170,0.3564358614048234,0.7370643460696711,0.7394647134491739,0.981872385371817,0.2859415113925934,3238387.0
supervised_finetune,31,72,180,0.3595729811454344,0.742211085104374,0.7446983444487858,0.9820218496477008,0.2914628684520721,3226210.25
supervised_finetune,31,72,190,0.3353313629463387,0.7340434305348099,0.7367325721370311,0.9816981159447792,0.2849109172821045,3007869.0
supervised_finetune,31,72,200,0.34464410962593,0.7425531951539874,0.7452912948744057,0.9821196110153052,0.2805512249469757,2954568.0
ssl_contrastive,1,42,10,0.0946058917192729,0.2937691913949237,0.294239241224225,0.8855030085080484,0.0645359456539154,1613553.5
ssl_contrastive,1,42,20,0.1839749310499427,0.3800701479874075,0.3808615376217544,0.9378230982174984,0.0788434818387031,1428057.25
ssl_contrastive,1,42,30,0.2090922944256457,0.4152908646669251,0.4163690490832812,0.9553231564776712,0.0878479704260826,1317417.875
ssl_contrastive,1,42,40,0.2025920630306451,0.444733850201057,0.4460663886686177,0.9615243265365264,0.0897536724805831,1234469.625
ssl_contrastive,1,42,50,0.2442419566629299,0.4710038311925524,0.4725672279319966,0.9671467508368096,0.0996525436639785,1187349.625
ssl_contrastive,1,42,60,0.2387201898000036,0.4866120517342525,0.4884010082363131,0.9699236565090958,0.1136552989482879,1117746.0
ssl_contrastive,1,42,70,0.2357080710072791,0.4969777220278417,0.4989947121424279,0.971546249422854,0.1081695035099983,1087346.75
ssl_contrastive,1,42,80,0.2310840679387093,0.5147092618611586,0.5169158932745642,0.972586958021215,0.1075988784432411,1057973.0
ssl_contrastive,1,42,90,0.2160560931677785,0.499458594043347,0.5019980482820556,0.9733299553898036,0.0997568517923355,1040971.8125
ssl_contrastive,1,42,100,0.2419351660554775,0.5208232974032035,0.523494699505097,0.9753324873980737,0.1086434572935104,1021552.875
ssl_contrastive,1,42,110,0.2289210888476342,0.5253189119417819,0.5281987564705126,0.9760287409988356,0.1091116219758987,993422.5
ssl_contrastive,1,42,120,0.2082219980689472,0.5253970089479295,0.5285177831993307,0.9761409962568364,0.0974029749631881,983325.875
ssl_contrastive,1,42,130,0.2332754683011469,0.5344592563730166,0.5377673052168345,0.9767771305721432,0.1063694581389427,971895.8125
ssl_contrastive,1,42,140,0.2286492165806624,0.5388860426490365,0.542384983534138,0.9776431745334424,0.1006964519619941,952259.4375
ssl_contrastive,1,42,150,0.2243018542725988,0.5428078420573815,0.5465073301746157,0.9778455113843384,0.1068297028541565,934473.5
ssl_contrastive,1,42,160,0.2376782918934398,0.5502756518396712,0.5541387381723056,0.9785443508699928,0.1065781041979789,928684.9375
ssl_contrastive,1,42,170,0.2174103516391577,0.5495520729731597,0.5536578196767028,0.9778970383437536,0.1034430786967277,912885.5625
ssl_contrastive,1,42,180,0.2114322696348245,0.5596978763079629,0.5639160017109799,0.978403952773094,0.1071856468915939,896427.5
ssl_contrastive,1,42,190,0.2216022415131913,0.562251164142081,0.56666528265967,0.9788781849063144,0.1138312891125679,888396.1875
ssl_contrastive,1,42,200,0.206590716015535,0.5635532528549989,0.5681598818320251,0.9788939776373758,0.1070411279797554,874066.1875
ssl_contrastive,2,43,10,0.0691600883419869,0.2587087478386172,0.2592056263365356,0.8743654819067671,0.0661517828702926,1650722.75
ssl_contrastive,2,43,20,0.1256481225377269,0.3592800174639387,0.3601004490202556,0.931903695005631,0.0935747548937797,1433054.0
ssl_contrastive,2,43,30,0.1886312038491929,0.4068280809988902,0.4079218203896215,0.9541111541478238,0.0928429067134857,1336798.375
ssl_contrastive,2,43,40,0.196336872686346,0.4318583543687658,0.4332283060747782,0.9604632917948236,0.1074256598949432,1247049.125
ssl_contrastive,2,43,50,0.1998906523336532,0.448792567739447,0.4504152810931704,0.965648084318772,0.1004930436611175,1195897.25
ssl_contrastive,2,43,60,0.2217765347434405,0.4738424444532642,0.4756773269596819,0.9687647930837956,0.1069067418575286,1141917.5
ssl_contrastive,2,43,70,0.2097288177908886,0.4817315046128452,0.4838056186087901,0.9708603062025184,0.1092937290668487,1110625.125
ssl_contrastive,2,43,80,0.1977534077714186,0.4874897716056943,0.4898175515120619,0.9714213680438384,0.1003977581858635,1084041.125
ssl_contrastive,2,43,90,0.218036829542349,0.4933487053319432,0.4959178021641172,0.9732650084853778,0.1022848635911941,1061229.0
ssl_contrastive,2,43,100,0.2205252100295816,0.5044802891182042,0.5072410242003396,0.9748004412733896,0.0972416773438453,1048087.375
ssl_contrastive,2,43,110,0.194519751206619,0.4981481748789844,0.5012111831285154,0.9743068459031032,0.1017562448978424,1024009.25
ssl_contrastive,2,43,120,0.2260331223190203,0.5095398432963754,0.5127640563907107,0.976452162938311,0.1016218140721321,999483.5
ssl_contrastive,2,43,130,0.2001873665007199,0.5160613621723114,0.5194941985098636,0.9761263211355886,0.1016604527831077,981542.5625
ssl_contrastive,2,43,140,0.1888953056157283,0.5217888963576659,0.5254258921454643,0.9762648661352932,0.1007516309618949,967471.125
ssl_contrastive,2,43,150,0.2141635409622556,0.5328866194506666,0.5366696960459864,0.9775081395316442,0.1091286391019821,956824.6875
ssl_contrastive,2,43,160,0.1794573654629913,0.5268161228401147,0.5308779432466788,0.9769383580683916,0.0907305926084518,944028.25
ssl_contrastive,2,43,170,0.2061051423351804,0.5398894875177859,0.5440649996695288,0.9780631156433188,0.1061670780181884,931972.875
ssl_contrastive,2,43,180,0.2012453796600533,0.5426776972189731,0.5470627023749247,0.9780503906317648,0.1067605689167976,917317.375
ssl_contrastive,2,43,190,0.182167672515861,0.5453264969485424,0.5499028474823197,0.9778678928662976,0.1052142456173896,909208.25
ssl_contrastive,2,43,200,0.2029122006103176,0.5490164868836088,0.5537833928792232,0.9786388700364445,0.1034352555871009,904143.8125
ssl_contrastive,3,44,10,0.0644468818842478,0.266054151232782,0.2665515711523057,0.8609095197882622,0.0740141570568084,1645072.375
ssl_contrastive,3,44,20,0.137296108669563,0.355729749488896,0.3565535035524915,0.933378129585509,0.084021046757698,1453482.25
ssl_contrastive,3,44,30,0.1563126266353609,0.3946380981365442,0.3957608988417884,0.9503526190219644,0.0962672978639602,1336089.625
ssl_contrastive,3,44,40,0.1761104997247813,0.4220427221698731,0.4234362960951163,0.9592756744633888,0.1033147722482681,1258287.625
ssl_contrastive,3,44,50,0.2238544055746893,0.4644147110974064,0.4659982270428931,0.965752690789722,0.0990742519497871,1201014.125
ssl_contrastive,3,44,60,0.2108619274538134,0.4691589428877484,0.4710200546482375,0.9677336109602644,0.1136115491390228,1153391.125
ssl_contrastive,3,44,70,0.2081860427975287,0.4898851206607483,0.4919346625607588,0.9702735015986188,0.1003910154104232,1113957.0
ssl_contrastive,3,44,80,0.2137236091741509,0.4978211519003704,0.5001033570902313,0.972065664027158,0.1149506196379661,1074351.75
ssl_contrastive,3,44,90,0.2267743651547724,0.5040554029066634,0.5065642298012611,0.973779628042966,0.1111175268888473,1055900.25
ssl_contrastive,3,44,100,0.219698278378505,0.5112474414166315,0.5139742387529228,0.9745131526369286,0.1132406741380691,1038346.875
ssl_contrastive,3,44,110,0.2152101489167877,0.5125986556588383,0.5155621518928127,0.975222038638402,0.1146133542060852,1010606.875
ssl_contrastive,3,44,120,0.2113300416419869,0.5198998734207629,0.5230529142883601,0.9762504378002276,0.1034891083836555,991933.875
ssl_contrastive,3,44,130,0.2265899624814826,0.5294035112760638,0.5327377768112637,0.9770420020438868,0.1084362268447876,978460.25
ssl_contrastive,3,44,140,0.2143656166148592,0.5297611081063651,0.5333435538768028,0.9766616368103812,0.1141423359513282,967568.75
ssl_contrastive,3,44,150,0.2187350434754026,0.5385605444324564,0.5422977549978117,0.9775817960222266,0.1124972179532051,954701.9375
ssl_contrastive,3,44,160,0.1866283599378841,0.532863454974286,0.5368797238378299,0.9769633675737636,0.0967050194740295,937298.1875
ssl_contrastive,3,44,170,0.2015884701923686,0.5400120514473975,0.5441958091559186,0.9777186396351488,0.1016274541616439,925301.625
ssl_contrastive,3,44,180,0.2264738651963321,0.5447540038084117,0.5491134679260803,0.9787614384332426,0.1154158189892768,917153.3125
ssl_contrastive,3,44,190,0.1932430598810295,0.5450019062985441,0.5495957021140332,0.9779576300149352,0.1007085293531417,911839.4375
ssl_contrastive,3,44,200,0.1859154378797759,0.5506348976083095,0.5553773143321712,0.9782488674650656,0.1074335053563118,892373.5
ssl_contrastive,4,45,10,0.0840958629276093,0.3002639527393774,0.3007388256950138,0.8632541455110745,0.0736274793744087,1643875.25
ssl_contrastive,4,45,20,0.1563114990842258,0.3669229677226137,0.3677327007674559,0.9346417410977064,0.0927159935235977,1446149.875
ssl_contrastive,4,45,30,0.1930453269802192,0.4087554658891396,0.4098555643681036,0.951455481233826,0.0997125953435897,1339021.375
ssl_contrastive,4,45,40,0.2142685036248446,0.4272636948929376,0.428647323875544,0.9606304263134818,0.1042930781841278,1270023.5
ssl_contrastive,4,45,50,0.2086294246788981,0.4593369507885516,0.4609353829640805,0.9647197148446314,0.106678269803524,1194593.875
ssl_contrastive,4,45,60,0.205758796193697,0.4601335160583734,0.462018637447824,0.9679738365034252,0.0992055460810661,1156230.5
ssl_contrastive,4,45,70,0.2163441449850346,0.4748027230098257,0.4769167393036798,0.9704865534888532,0.0994446948170661,1119741.125
ssl_contrastive,4,45,80,0.2204055704743755,0.4898535690468841,0.4921775677331194,0.972066544299678,0.1052175760269165,1082751.0
ssl_contrastive,4,45,90,0.2074940251781129,0.4894557259663516,0.4920321216383135,0.9736269841281342,0.0931896939873695,1068829.375
ssl_contrastive,4,45,100,0.2241125778383389,0.5073954891913729,0.5101491931845586,0.9743572636451956,0.1030353009700775,1043690.1875
ssl_contrastive,4,45,110,0.2244497979088894,0.5130253510431816,0.5159839272999768,0.9756171947860536,0.1078117936849594,1011512.3125
ssl_contrastive,4,45,120,0.1965140875684864,0.5131928651873877,0.5163978886737365,0.9754221880423104,0.0956683382391929,995940.5625
ssl_contrastive,4,45,130,0.2269436112497863,0.5199917412102053,0.5233983639397893,0.9768118658593304,0.1036490499973297,985543.625
ssl_contrastive,4,45,140,0.1972639821897053,0.5188527133608896,0.5225098559055581,0.976530541877629,0.0970937982201576,968409.8125
ssl_contrastive,4,45,150,0.2107308863481516,0.5288630475269365,0.5326802580177348,0.9773545935707671,0.1007416769862175,950238.1875
ssl_contrastive,4,45,160,0.1795935822287724,0.5219619738072131,0.5260698169555851,0.976833776833603,0.0932279080152511,951137.8125
ssl_contrastive,4,45,170,0.2109405980655564,0.5365766255914672,0.5407888977893222,0.97798701729003,0.1019820421934127,930628.4375
ssl_contrastive,4,45,180,0.1892097776780942,0.537159318883167,0.5415900549911389,0.9778417122856632,0.0970360934734344,922028.5625
ssl_contrastive,4,45,190,0.2089205725796285,0.5393543382775376,0.5440212330797046,0.978089782284158,0.1033047139644622,915001.1875
ssl_contrastive,4,45,200,0.2208840754592694,0.5463004319495995,0.5511193339230608,0.9786083176136506,0.1031178459525108,901586.25
ssl_contrastive,5,46,10,0.0726606034967811,0.2582754839845681,0.2587699022693618,0.8803130550130452,0.0698249116539955,1573804.625
ssl_contrastive,5,46,20,0.1294308847032251,0.3519594399595983,0.3527870827806875,0.9332644855756824,0.0804367363452911,1401223.875
ssl_contrastive,5,46,30,0.1535694548934707,0.3916487209764748,0.3927857335142788,0.9475109640502646,0.0967526733875274,1293251.25
ssl_contrastive,5,46,40,0.1915366807622096,0.4336994939358447,0.4350663866046297,0.9597522047305738,0.101560391485691,1204857.0
ssl_contrastive,5,46,50,0.1964169496510213,0.4494626612109091,0.4510889048768879,0.9646410192208332,0.1007180362939834,1153726.0
ssl_contrastive,5,46,60,0.2061753555115299,0.4696423644572118,0.4714940034193812,0.9679265492777996,0.1009732782840728,1111926.125
ssl_contrastive,5,46,70,0.2081197136438825,0.4754768670536645,0.4775832749264472,0.9706091624982645,0.1020680367946624,1073757.875
ssl_contrastive,5,46,80,0.2094086576056169,0.487218391594736,0.4895413290446314,0.9724348386077172,0.0991117358207702,1057685.25
ssl_contrastive,5,46,90,0.2167692339616549,0.4948066088985039,0.4973613268904745,0.9736010537376294,0.1034026220440864,1020302.5625
ssl_contrastive,5,46,100,0.2290402082498815,0.507756231953254,0.5105089396554907,0.9746520273500152,0.1028971225023269,1008636.6875
ssl_contrastive,5,46,110,0.231793732546559,0.5141444699777229,0.5170977481900279,0.9759353495366624,0.1079419329762458,981501.25
ssl_contrastive,5,46,120,0.2164305130674229,0.5220722265951522,0.52521572396023,0.9761665530934648,0.1080589815974235,960989.125
ssl_contrastive,5,46,130,0.2136436944541868,0.5170757496933294,0.5205122219006392,0.9761066997267236,0.1012400537729263,953334.0
ssl_contrastive,5,46,140,0.2182198531763715,0.5331914094612654,0.5367239853726565,0.9774675008020608,0.105798989534378,932081.875
ssl_contrastive,5,46,150,0.2024981722839569,0.5287409397000132,0.5325356451810997,0.9775905591912096,0.1005915850400924,919072.4375
ssl_contrastive,5,46,160,0.2030284111280111,0.5414077233935728,0.5453397227757134,0.977614844594818,0.1036543846130371,904010.125
ssl_contrastive,5,46,170,0.2038886861635726,0.5391960779007433,0.5433975940210094,0.9776274230605704,0.101157046854496,900065.875
ssl_contrastive,5,46,180,0.20704224957562,0.5439325441735224,0.5483177120409666,0.977915041293036,0.1083219498395919,877373.3125
ssl_contrastive,5,46,190,0.1823839879250985,0.5452753904869666,0.549846316581603,0.9779795128772978,0.1075697019696235,871075.0
ssl_contrastive,5,46,200,0.1860450185370544,0.5448074882976897,0.5496184743464027,0.9782047918637552,0.1045528426766395,866652.5
ssl_contrastive,6,47,10,0.0800659134744907,0.2951220547397142,0.2955990625880616,0.8620348454702629,0.0711303129792213,1618005.75
ssl_contrastive,6,47,20,0.1626359307040499,0.3829777888173358,0.3837698859538197,0.9324501652984792,0.0934203341603279,1439267.75
ssl_contrastive,6,47,30,0.1839227187187941,0.4126269950202283,0.4137220461977284,0.9497658827904552,0.102694921195507,1318723.25
ssl_contrastive,6,47,40,0.2205227848182204,0.4362154181996276,0.4375778778613903,0.9608961143217658,0.1080931276082992,1240604.625
ssl_contrastive,6,47,50,0.2225844490453574,0.4472878284296621,0.4489273175492732,0.96479853506464,0.1151587888598442,1183399.375
ssl_contrastive,6,47,60,0.2323466464056839,0.4682683455405341,0.470121469483289,0.9695629579334796,0.1063931733369827,1141834.0
ssl_contrastive,6,47,70,0.201405585416201,0.4816316229312272,0.4837095973878924,0.9703551593608676,0.108013279736042,1103833.5
ssl_contrastive,6,47,80,0.2268797547787189,0.4907432034276526,0.4930535025014258,0.9728231461306982,0.1050377786159515,1087554.875
ssl_contrastive,6,47,90,0.2378444928941082,0.5029441558212856,0.5054642768410207,0.973981703846314,0.1003830358386039,1065575.0
ssl_contrastive,6,47,100,0.2195186983016772,0.5009750881289737,0.50374662541966,0.974969033679218,0.0999549701809883,1042381.0
ssl_contrastive,6,47,110,0.2121127850232134,0.5097565238864489,0.5127406094972902,0.9751879747504832,0.0961905792355537,1016818.75
ssl_contrastive,6,47,120,0.2172564012642868,0.519173474790353,0.5223370949466879,0.9762777982594364,0.0982086285948753,997110.5
ssl_contrastive,6,47,130,0.2128314368289289,0.5258055781078289,0.5291705321440279,0.976506827808975,0.105765551328659,977816.5
ssl_contrastive,6,47,140,0.2143685881790255,0.5283210038832085,0.5319185682016345,0.9767042038761328,0.1027079820632934,962002.75
ssl_contrastive,6,47,150,0.2070504534635403,0.531395818220156,0.5351857747276236,0.977254997592924,0.0993432998657226,949024.4375
ssl_contrastive,6,47,160,0.1912975346902192,0.5296723765568712,0.5337084787647514,0.977375040260796,0.1004516258835792,943640.25
ssl_contrastive,6,47,170,0.2145279409902395,0.5442913613823275,0.5484293571700961,0.978178225111164,0.1057672128081321,927528.9375
ssl_contrastive,6,47,180,0.1961501181225981,0.5443958558670078,0.5487521607287956,0.97816161032682,0.0938592255115509,915131.4375
ssl_contrastive,6,47,190,0.1897357279288437,0.543642467133734,0.5482474822764137,0.9779599093685006,0.0974416509270668,904147.625
ssl_contrastive,6,47,200,0.2092818311806349,0.5488066341280381,0.5535957339959431,0.9784739974407938,0.0978711694478988,898882.6875
ssl_contrastive,7,48,10,0.0892146077581729,0.2977166934753169,0.2981885107138563,0.8740376992671733,0.0689530298113823,1664033.125
ssl_contrastive,7,48,20,0.1406379780555056,0.3649503892811034,0.3657727307155057,0.9269255502558182,0.0879003629088401,1461788.75
ssl_contrastive,7,48,30,0.1984899417308158,0.4214915948365879,0.4225675647339202,0.951900153488346,0.1045654267072677,1336816.875
ssl_contrastive,7,48,40,0.1986866288297811,0.4442254861215961,0.4455667353056149,0.9596991780389116,0.1001898348331451,1260474.0
ssl_contrastive,7,48,50,0.2166397596976869,0.4648193909360493,0.4664035490556135,0.964896710950866,0.1012888923287391,1204321.625
ssl_contrastive,7,48,60,0.2473277854503747,0.4860557698664262,0.4878461965222668,0.969851184768254,0.117396242916584,1147366.5
ssl_contrastive,7,48,70,0.2171853324653167,0.4861300948971772,0.4882010695915467,0.9703631639191036,0.0982671603560447,1132159.125
ssl_contrastive,7,48,80,0.2291223523018449,0.4999976808457464,0.5022699829979917,0.9725894549339664,0.1137924790382385,1077575.625
ssl_contrastive,7,48,90,0.2171587168892532,0.5070011574804487,0.5094863668133836,0.9739547631290256,0.1151432618498802,1051812.375
ssl_contrastive,7,48,100,0.2091762307120769,0.5092921830819936,0.5120238580941363,0.974239592765666,0.1022055074572563,1039524.3125
ssl_contrastive,7,48,110,0.229101858713253,0.5158130283351492,0.518761682722166,0.9755637045706654,0.1084394380450248,1019293.0
ssl_contrastive,7,48,120,0.2153035722162214,0.5210117731323807,0.5241674366187757,0.9759541194304936,0.1109748780727386,1004059.0
ssl_contrastive,7,48,130,0.2140995585227038,0.5244924116246837,0.5278621319697329,0.976672215339694,0.0985580906271934,994016.3125
ssl_contrastive,7,48,140,0.1875904117352534,0.5246418187379615,0.5282602275218282,0.9761163003841296,0.099750243127346,968523.6875
ssl_contrastive,7,48,150,0.1889940531449303,0.5300542917441873,0.5338495523950935,0.976873596913851,0.0991033762693405,950151.5
ssl_contrastive,7,48,160,0.1973503462793413,0.5377098602165215,0.5416833018546917,0.9772872846203314,0.1022470444440841,936627.5
ssl_contrastive,7,48,170,0.1866248398396656,0.5370019147809506,0.5412055178803005,0.9774537874133142,0.0991097167134285,931786.375
ssl_contrastive,7,48,180,0.1947606841985256,0.5420053147513391,0.5463944538942869,0.977856839662397,0.1076967418193817,917853.125
ssl_contrastive,7,48,190,0.1861229597993685,0.5429668262378465,0.5475630306499208,0.978150639463232,0.0975421965122222,904560.5
ssl_contrastive,7,48,200,0.1858103610297242,0.5430748331107604,0.5478991664870522,0.9782794695385396,0.1037030518054962,896092.25
ssl_contrastive,8,49,10,0.071027136713126,0.2631267673978634,0.2636222726809925,0.8720133710211316,0.0596078000962734,1657806.875
ssl_contrastive,8,49,20,0.1481035697916293,0.351494844971537,0.3523260320299721,0.9331368469993216,0.0818868651986122,1449846.75
ssl_contrastive,8,49,30,0.1936348304331895,0.4041915796529645,0.405300815195773,0.9503804022162196,0.0952660366892814,1332211.0
ssl_contrastive,8,49,40,0.1883288560918252,0.4256688806811654,0.427051483495127,0.960278755710476,0.0975606739521026,1270147.75
ssl_contrastive,8,49,50,0.1841822875015955,0.4384894075887684,0.4401484707796271,0.964159881652235,0.0982407107949256,1207196.0
ssl_contrastive,8,49,60,0.2094017525448429,0.4621943601231738,0.4640653121948767,0.9689240023914036,0.1049220114946365,1159856.375
ssl_contrastive,8,49,70,0.1945744885026359,0.4763660056589585,0.4784753283740899,0.9694949521715476,0.1028552576899528,1119571.25
ssl_contrastive,8,49,80,0.1983081975699237,0.4793595465404236,0.481723893691615,0.9719429312431788,0.0990482047200203,1099709.125
ssl_contrastive,8,49,90,0.1999103335515071,0.4940798642562973,0.4966506384462205,0.972531762780342,0.105554886162281,1069723.875
ssl_contrastive,8,49,100,0.2145145931259679,0.5027664650472928,0.5055348990612176,0.9744699983902608,0.104181982576847,1037196.0625
ssl_contrastive,8,49,110,0.212254092410797,0.5096086200892656,0.5125894445448553,0.9753553868669158,0.1107377186417579,1020361.5625
ssl_contrastive,8,49,120,0.2128208328348662,0.5166535241578463,0.519845434714235,0.9756709617775734,0.1110765412449836,1006345.375
ssl_contrastive,8,49,130,0.1883044637045939,0.5178424156141774,0.5212531716562985,0.9759992624040502,0.0980317592620849,991646.125
ssl_contrastive,8,49,140,0.2077327308616111,0.5315317534370236,0.5350912015573297,0.9767035951564464,0.1095836907625198,971315.6875
ssl_contrastive,8,49,150,0.211212140423457,0.5330462463206846,0.5368200619138551,0.9776047716690628,0.0955692380666732,966908.8125
ssl_contrastive,8,49,160,0.1989869027827832,0.5273303230882959,0.5314007413099212,0.9772326116506204,0.1009153649210929,956844.375
ssl_contrastive,8,49,170,0.180976435460671,0.5334405541255254,0.5376690832557108,0.9775825587998744,0.098204031586647,931342.5625
ssl_contrastive,8,49,180,0.1970282765882792,0.5404438714809993,0.5448474911790266,0.9781073420160212,0.1054885983467102,923193.25
ssl_contrastive,8,49,190,0.2085277923003368,0.547272575423966,0.551840887684659,0.978478256717936,0.1019341498613357,915925.1875
ssl_contrastive,8,49,200,0.184760663038793,0.5478295712815783,0.5526189903134172,0.9779130614868368,0.106848232448101,903498.5
ssl_contrastive,9,50,10,0.0664570087495045,0.2561184482765994,0.2566238901662275,0.8543493578812489,0.066055454313755,1638928.125
ssl_contrastive,9,50,20,0.1470858910013875,0.3606539156304676,0.3614727076329062,0.9337944741902656,0.0899389758706092,1401483.75
ssl_contrastive,9,50,30,0.1620275613268436,0.3987317762319164,0.3998528474172217,0.949152611146146,0.0918240174651146,1306918.0
ssl_contrastive,9,50,40,0.2106176750849934,0.4400628842469578,0.4414094806579748,0.9614384328552568,0.1117684096097946,1205527.0
ssl_contrastive,9,50,50,0.2329578953157355,0.4614038283496719,0.4629947389888183,0.9659476136672452,0.1111966893076896,1165842.625
ssl_contrastive,9,50,60,0.2118245986542417,0.4601048469913937,0.4619917135816084,0.968423358385196,0.105483777821064,1134568.0
ssl_contrastive,9,50,70,0.2145127012477496,0.4820478557562976,0.484134376286457,0.9701165322057376,0.1032856553792953,1093452.25
ssl_contrastive,9,50,80,0.2597549945283011,0.4904450111965013,0.4927675784605214,0.9732056806176792,0.1169091463088989,1058526.75
ssl_contrastive,9,50,90,0.242905079757473,0.4942494794224767,0.496814063575131,0.9741426000445842,0.1176043823361396,1033179.6875
ssl_contrastive,9,50,100,0.2125980476345034,0.5047908160072991,0.507548072847197,0.9743626616014118,0.1042617931962013,1022314.0
ssl_contrastive,9,50,110,0.2132934057496073,0.5066848268542542,0.5096793275655692,0.9753735963418998,0.1145545542240142,987159.5625
ssl_contrastive,9,50,120,0.2217522867190557,0.5141249221253165,0.5173261473957617,0.9762384823155272,0.1002424955368042,986997.375
ssl_contrastive,9,50,130,0.2368397754657579,0.5196318243717152,0.5230526038704615,0.9767439562882552,0.095016211271286,972390.375
ssl_contrastive,9,50,140,0.2400910922820104,0.5318176831841153,0.5353724142259497,0.97777267125423,0.102339468896389,943504.25
ssl_contrastive,9,50,150,0.2069662514256846,0.5214382575434157,0.5253295421448168,0.9769588119771364,0.1003428846597671,937747.5625
ssl_contrastive,9,50,160,0.2096692442805219,0.5316557502492083,0.5356888038849087,0.9775441938484256,0.0935846120119094,925388.625
ssl_contrastive,9,50,170,0.1974696947950099,0.5344241238260581,0.5386608687934991,0.9775537455594164,0.1044493168592453,909168.75
ssl_contrastive,9,50,180,0.1956757835807466,0.5322461588590002,0.5367533529255349,0.9775586397901151,0.0946027711033821,914727.9375
ssl_contrastive,9,50,190,0.2019231871251226,0.5411096170790828,0.5457346413867122,0.9783940921245377,0.096982829272747,885297.8125
ssl_contrastive,9,50,200,0.1984476772395103,0.5435355098491539,0.5483537465622078,0.9786460664506312,0.0955633074045181,881935.0625
ssl_contrastive,10,51,10,0.090097011686384,0.3007981086549686,0.3012693428347076,0.8704046562354335,0.079092688858509,1627862.875
ssl_contrastive,10,51,20,0.1383700787354509,0.3741345604313514,0.374943563089025,0.9265514694133672,0.0878865420818328,1443094.5
ssl_contrastive,10,51,30,0.1773389604235228,0.4146471129625677,0.4157351366985305,0.9506393053945014,0.1024404540657997,1313191.125
ssl_contrastive,10,51,40,0.2612253505775091,0.4509669617035945,0.4522858888356049,0.96412358905914,0.1063878163695335,1252401.25
ssl_contrastive,10,51,50,0.2209864361811304,0.4593944863649968,0.4609890362167035,0.9660471295349482,0.0924866497516632,1202564.125
ssl_contrastive,10,51,60,0.2161614782132809,0.470506427494075,0.4723498514070305,0.9687432092992888,0.1101755127310752,1135115.0
ssl_contrastive,10,51,70,0.2370404271232718,0.484840713037744,0.4869169223660094,0.9708021221198148,0.1057644262909889,1128435.0
ssl_contrastive,10,51,80,0.257666039138862,0.4976283387851731,0.4999019493074744,0.9741227483410748,0.1140909940004348,1073782.75
ssl_contrastive,10,51,90,0.2269788061724311,0.5016890440524854,0.5042121216058121,0.97370737292229,0.1116195693612098,1044900.25
ssl_contrastive,10,51,100,0.2323635967037675,0.50896809468662,0.5116962902537683,0.9753761645027904,0.1070956066250801,1024830.1875
ssl_contrastive,10,51,110,0.2171788046873808,0.5181031974947019,0.5210322482458681,0.9755023086288916,0.0974883586168289,1008632.8125
ssl_contrastive,10,51,120,0.2024661562513547,0.5144248765992774,0.5176253748690842,0.9756250563785014,0.1015838831663131,990682.625
ssl_contrastive,10,51,130,0.2466179466501093,0.5271351253329433,0.5305019579340254,0.9771799094490417,0.1081231907010078,977050.75
ssl_contrastive,10,51,140,0.2402018594883908,0.5318299362148483,0.535386057629066,0.9777651110284992,0.1094401404261589,952802.9375
ssl_contrastive,10,51,150,0.2190932299202063,0.5331265832390726,0.5369162074871556,0.9773232094110476,0.1014216765761375,944649.625
ssl_contrastive,10,51,160,0.2457360878598882,0.5408983908121671,0.5448617258439705,0.9781477598998486,0.1016845554113388,933050.0625
ssl_contrastive,10,51,170,0.185619897266582,0.5370016598719423,0.5412222061260062,0.9771793545469364,0.1001262962818145,923299.75
ssl_contrastive,10,51,180,0.2166603727043445,0.5507788791182714,0.5551025065594426,0.978179016881053,0.1063197776675224,909836.5625
ssl_contrastive,10,51,190,0.2018119388604024,0.5483438259104241,0.5529115148827053,0.9780093238264588,0.1007897481322288,898658.4375
ssl_contrastive,10,51,200,0.2074687560390833,0.558263497340243,0.5629345184637069,0.978828036252128,0.099758431315422,890116.125
ssl_contrastive,11,52,10,0.0869596136264462,0.2878121647519841,0.2882912739608199,0.8722601137149187,0.076919637620449,1608808.0
ssl_contrastive,11,52,20,0.1445928758386021,0.3626362182361893,0.3634551597645785,0.9312433315105354,0.0924737527966499,1429590.5
ssl_contrastive,11,52,30,0.1481918944582989,0.3927929021940355,0.3939258383310777,0.9476195153440492,0.0843252539634704,1334049.0
ssl_contrastive,11,52,40,0.1997640595685359,0.432983667010799,0.4343532315544953,0.9598596124741184,0.0971839502453804,1249165.125
ssl_contrastive,11,52,50,0.2395385569806622,0.4583230713950627,0.4599307282576328,0.9656976413903862,0.1099258065223693,1179801.875
ssl_contrastive,11,52,60,0.2073121888712855,0.4561091133667322,0.4580117528582944,0.9676264677269036,0.1030448973178863,1145686.25
ssl_contrastive,11,52,70,0.2346565858117474,0.4887510477298653,0.4908182940581657,0.96989793651775,0.1158848404884338,1100427.0
ssl_contrastive,11,52,80,0.2579250456234062,0.4965256891064948,0.4988074292208967,0.9738992477997253,0.1219318136572837,1063367.25
ssl_contrastive,11,52,90,0.2278593415870675,0.5042817190796655,0.5067902856975633,0.9736739800228188,0.1138404905796051,1037333.6875
ssl_contrastive,11,52,100,0.2223942033046481,0.5119636965678014,0.5146934093303728,0.9744502138266784,0.1114933341741561,1021454.1875
ssl_contrastive,11,52,110,0.2260423009007734,0.5138466763012581,0.5168104105069131,0.9753185600301544,0.1097831204533577,997341.3125
ssl_contrastive,11,52,120,0.247880370210356,0.5208730526116949,0.5240384835270069,0.9767299898336306,0.1089934781193733,978116.0625
ssl_contrastive,11,52,130,0.2419087594162906,0.5271756293229535,0.5305419691377639,0.9768782433606588,0.1107137799263,966362.375
ssl_contrastive,11,52,140,0.2420029047538862,0.5294476649908951,0.5330313034918666,0.9775566822269508,0.1062626242637634,955046.4375
ssl_contrastive,11,52,150,0.1998765967441784,0.5341361777882374,0.5379086388536248,0.9770910809782772,0.1096443086862564,933501.6875
ssl_contrastive,11,52,160,0.21312439701214,0.5333312213893342,0.5373378147817717,0.9778573675089898,0.1071876063942909,930283.6875
ssl_contrastive,11,52,170,0.2353249078770272,0.5424666991967312,0.5466350251324764,0.9785135884001726,0.0991297513246536,916737.125
ssl_contrastive,11,52,180,0.1957098336761735,0.5406126988608008,0.5450190474672328,0.9780476935903852,0.100268468260765,904687.5
ssl_contrastive,11,52,190,0.2186453533519993,0.5442994424151603,0.5488974428989626,0.9785187227265362,0.1033303439617157,897293.1875
ssl_contrastive,11,52,200,0.1959739114341303,0.5527963059179076,0.5575039927646396,0.9786622098469572,0.0966320037841796,884628.75
ssl_contrastive,12,53,10,0.0920213459879163,0.2731414903899367,0.2736256992522177,0.8827553962088615,0.0670885890722274,1576014.5
ssl_contrastive,12,53,20,0.1300665479309914,0.3493876342776102,0.3502291900833136,0.9274755743283783,0.0863503143191337,1391904.875
ssl_contrastive,12,53,30,0.1514161007891646,0.3888635698350542,0.3899964259710003,0.94963511217172,0.0873650163412094,1295389.875
ssl_contrastive,12,53,40,0.2246299014428143,0.4238396504216343,0.4252323256969335,0.9608524727237412,0.1038630753755569,1219891.75
ssl_contrastive,12,53,50,0.2032786498135355,0.4408587203494986,0.4425087386217128,0.9651894390364876,0.0913923233747482,1189495.875
ssl_contrastive,12,53,60,0.2276566673440418,0.4662232806333883,0.4680737098923124,0.970195459708776,0.1046929433941841,1120909.125
ssl_contrastive,12,53,70,0.2052928773283493,0.4693629131309879,0.4715006487525242,0.9699390087224204,0.094847060739994,1108181.125
ssl_contrastive,12,53,80,0.205103216231601,0.4850676885447254,0.4874022645166688,0.9719602569243182,0.1042911410331726,1057508.75
ssl_contrastive,12,53,90,0.2140858857753007,0.4918329940746542,0.49439758746377,0.9737268645703352,0.1056164428591728,1032220.5
ssl_contrastive,12,53,100,0.2228588606431472,0.4984159554178931,0.501205890863976,0.9750302883571772,0.1036036387085914,1014946.1875
ssl_contrastive,12,53,110,0.206883543572495,0.5034953545466221,0.5065238479568264,0.9748497553735902,0.1014979109168052,991533.75
ssl_contrastive,12,53,120,0.2138176347743815,0.5067245158048119,0.5099704656055609,0.9760868797151376,0.1020530983805656,968426.25
ssl_contrastive,12,53,130,0.1856479244697369,0.5128594361853881,0.5163222510422846,0.975493400263948,0.1016280278563499,954645.0
ssl_contrastive,12,53,140,0.2011796284580625,0.5170947217218393,0.5207603489338651,0.9767564362156012,0.100593626499176,948297.8125
ssl_contrastive,12,53,150,0.2054330916772984,0.5285047601432107,0.5323274513551391,0.9771569448943784,0.0989711880683898,941101.5
ssl_contrastive,12,53,160,0.1795301211666604,0.5245812883327691,0.528672558386098,0.9767222159808598,0.1002527847886085,920410.3125
ssl_contrastive,12,53,170,0.1816842666598948,0.5271102565954982,0.5313915758441218,0.977597407639814,0.1022680401802063,905224.0625
ssl_contrastive,12,53,180,0.1706340699647706,0.535123059454949,0.5395765953176744,0.9773249871518904,0.0925372317433357,893949.4375
ssl_contrastive,12,53,190,0.20153747623814,0.5461501286054163,0.5507172276424412,0.9784897936344912,0.1053683087229728,883189.4375
ssl_contrastive,12,53,200,0.1770852016403218,0.5408104030916124,0.5456653516646726,0.977956627904576,0.0991037264466285,874036.5625
ssl_contrastive,13,54,10,0.0775452936830403,0.2589288024132741,0.2594250795373271,0.8760848249810147,0.0699291005730629,1610788.375
ssl_contrastive,13,54,20,0.1240802949512405,0.3446461612303406,0.3454894958441336,0.9282754606363964,0.0815925598144531,1419715.75
ssl_contrastive,13,54,30,0.1727915176403999,0.3959039046389814,0.3970323742215217,0.9485012437556712,0.0891201123595237,1318963.875
ssl_contrastive,13,54,40,0.1840748328474085,0.4338018662585998,0.4351727609093042,0.9581235457479008,0.1074141263961792,1221508.875
ssl_contrastive,13,54,50,0.1962405629700701,0.4418725694802348,0.4435201612717604,0.9647730559319126,0.1060778573155403,1164896.125
ssl_contrastive,13,54,60,0.1999414328556514,0.4689991797270608,0.470850887149836,0.968088675298768,0.0991434827446937,1125239.0
ssl_contrastive,13,54,70,0.2368070898281108,0.4789975910795214,0.4810807434096399,0.9720777149984504,0.1138778924942016,1094026.875
ssl_contrastive,13,54,80,0.2009662025561176,0.4838016222468566,0.4861409946210238,0.9719780028168876,0.0943027883768081,1067637.125
ssl_contrastive,13,54,90,0.2485681788757821,0.4987539848710399,0.5013030624985028,0.973724803891042,0.1189062520861625,1036290.25
ssl_contrastive,13,54,100,0.2180897315217611,0.5035645101497308,0.5063288946099888,0.9745057658951346,0.1076882183551788,1018243.0
ssl_contrastive,13,54,110,0.2270482799363974,0.510814295735034,0.5137957525110562,0.975366816265686,0.1031652688980102,992731.3125
ssl_contrastive,13,54,120,0.2090452059502976,0.5120707393009724,0.5152896089495935,0.9756629401409116,0.1103568226099014,975589.3125
ssl_contrastive,13,54,130,0.2040533234486395,0.5146087265979694,0.5180601127075587,0.9760568280247354,0.1006064563989639,959416.125
ssl_contrastive,13,54,140,0.2052565573541059,0.520652847425076,0.5243076631150319,0.9764499609365146,0.0932153910398483,961578.8125
ssl_contrastive,13,54,150,0.1817968125094092,0.5225845909614028,0.5264488315318495,0.9766969180202952,0.091912917792797,936363.3125
ssl_contrastive,13,54,160,0.1970167785385743,0.5316315905116207,0.53565820420913,0.9773437410236936,0.0962948724627494,920096.0
ssl_contrastive,13,54,170,0.1838825739545757,0.5325273263819029,0.5367918541664914,0.9770373415704684,0.0981772541999816,910285.1875
ssl_contrastive,13,54,180,0.1911498876827386,0.5354793783556951,0.5399233039494481,0.9778996122561412,0.108734130859375,900998.9375
ssl_contrastive,13,54,190,0.1764457887566929,0.5377504409712587,0.5424093339671144,0.9776188523319896,0.0939641073346138,894292.625
ssl_contrastive,13,54,200,0.1679057476644751,0.5448510305217517,0.5496583230220223,0.9777653969600756,0.0919350609183311,876542.6875
ssl_contrastive,14,55,10,0.0900886949432635,0.2682105738159928,0.2687001745031457,0.8785250284979014,0.0679820403456687,1605099.875
ssl_contrastive,14,55,20,0.1613013665260132,0.3637499436207954,0.3645620535806163,0.9359836958664636,0.0867558643221855,1419061.875
ssl_contrastive,14,55,30,0.1675624751430924,0.4028214745997293,0.4039333214072078,0.9495110204497986,0.0929133668541908,1297124.5
ssl_contrastive,14,55,40,0.1884025502568223,0.4312970260203526,0.4326779845491291,0.9584621706640372,0.0859155058860778,1237699.0
ssl_contrastive,14,55,50,0.2407306371611325,0.463073559481,0.4646698629497975,0.965337728070208,0.1097310632467269,1175800.0
ssl_contrastive,14,55,60,0.228664134841516,0.4767113762284063,0.478542310904377,0.9683886873621872,0.1047191396355629,1129484.125
ssl_contrastive,14,55,70,0.2758943132085769,0.4890022216978712,0.4910622934475976,0.972212347747575,0.1095023229718208,1089633.5
ssl_contrastive,14,55,80,0.2387523832184766,0.4997495042270711,0.5020178159281629,0.9729742685397578,0.1023346632719039,1057122.75
ssl_contrastive,14,55,90,0.2221490273537201,0.5017428357885881,0.5042690024586047,0.9733190813039596,0.1069626435637474,1027713.375
ssl_contrastive,14,55,100,0.2216533377078403,0.5021682669905232,0.5049490574835924,0.9743769821839372,0.0968041494488716,1023119.8125
ssl_contrastive,14,55,110,0.2308356623582348,0.511828064725994,0.5148177581872663,0.97491057293776,0.0977015122771263,1010740.1875
ssl_contrastive,14,55,120,0.2530200553477022,0.5213658471676165,0.5245287540284721,0.976652477140222,0.1005910411477088,982931.5
ssl_contrastive,14,55,130,0.2016329052456986,0.5248723729309764,0.5282346639916854,0.9764084543764258,0.0968746915459632,965966.5
ssl_contrastive,14,55,140,0.1975860284978364,0.5300992239512708,0.5336556180408515,0.976796871882119,0.0987577736377716,952751.375
ssl_contrastive,14,55,150,0.209077784876398,0.5375923251349941,0.5413369732199101,0.9771899306113216,0.1006756797432899,935698.0625
ssl_contrastive,14,55,160,0.2150763349554578,0.5398769348050552,0.5438326679865757,0.9777280628177832,0.1062768176198005,923600.8125
ssl_contrastive,14,55,170,0.1830881136117429,0.5369164996658312,0.541127933279291,0.9773053842299804,0.0961444973945617,908585.3125
ssl_contrastive,14,55,180,0.1951011010713986,0.543602291112053,0.547974215601326,0.9778937167954148,0.099064253270626,900234.1875
ssl_contrastive,14,55,190,0.1944722473826005,0.5429890015821504,0.5476038317812983,0.978020557967767,0.1011457294225692,893141.8125
ssl_contrastive,14,55,200,0.2039705361011423,0.5497061990650268,0.5544444834778219,0.9786603259381708,0.0977903231978416,883390.625
ssl_contrastive,15,56,10,0.0799853353276835,0.2860671506188079,0.2865538303700575,0.8600324913475856,0.0394997969269752,1641055.375
ssl_contrastive,15,56,20,0.1504715228660333,0.3771638455529218,0.3779662687436557,0.9289977627094228,0.0860476940870285,1444699.375
ssl_contrastive,15,56,30,0.1928741231127263,0.4186426548345464,0.4197152974741154,0.9540813270592572,0.0919871255755424,1317157.5
ssl_contrastive,15,56,40,0.2398095389395168,0.4552805583332963,0.4565939219580316,0.9624205303515893,0.1052236333489418,1238568.25
ssl_contrastive,15,56,50,0.2043003634727876,0.4589688852486885,0.4605739255325455,0.9638307774007422,0.101633533835411,1189369.625
ssl_contrastive,15,56,60,0.2460025683299512,0.4807968945551217,0.4826066319662705,0.9697942045091338,0.1055268198251724,1137134.625
ssl_contrastive,15,56,70,0.2172570403621139,0.4923748504300029,0.494419900554969,0.9701934860062064,0.1054611206054687,1103183.375
ssl_contrastive,15,56,80,0.2417871019849319,0.4993844945380792,0.5016445758887842,0.9737579497108876,0.0993778705596923,1080539.75
ssl_contrastive,15,56,90,0.2310972848194662,0.5073703111930626,0.5098564196042129,0.9742824171228852,0.1068386733531951,1049692.75
ssl_contrastive,15,56,100,0.2299731287443392,0.5159437577706304,0.518629910606411,0.975508030488304,0.1007566675543785,1023315.75
ssl_contrastive,15,56,110,0.209547231373185,0.5146224509882678,0.5175703337502255,0.9754162424027052,0.1049945577979087,1007563.3125
ssl_contrastive,15,56,120,0.2153386047034872,0.518725391839465,0.5218995591319772,0.9759496413617016,0.1003516241908073,991394.375
ssl_contrastive,15,56,130,0.2230971109422577,0.5280763362643789,0.5314257078461334,0.9767689068701249,0.0991427674889564,978022.5625
ssl_contrastive,15,56,140,0.2059827098350972,0.5310724464824303,0.5346259636411155,0.9771572497237316,0.0957743376493454,961632.25
ssl_contrastive,15,56,150,0.195631894959485,0.532682862615173,0.5364681856343924,0.9769392183867376,0.092435598373413,950216.5625
ssl_contrastive,15,56,160,0.219519701893512,0.5384776866728617,0.5424440998815635,0.9780745287266174,0.0982534810900688,943896.3125
ssl_contrastive,15,56,170,0.1862902773901731,0.5354091256437062,0.5396252543739675,0.9775464924519,0.0968739762902259,923329.125
ssl_contrastive,15,56,180,0.2020708461368848,0.5438932656275351,0.5482706508434375,0.9781093905467436,0.0921275243163108,918450.5625
ssl_contrastive,15,56,190,0.1984175114013062,0.5501266738958757,0.5546584727142949,0.9782521688831642,0.1049498543143272,898720.375
ssl_contrastive,15,56,200,0.2305036926847201,0.5534017214962128,0.5581473550349201,0.978875847979088,0.1004464626312255,893079.1875
ssl_contrastive,16,57,10,0.0849681861257481,0.2785234501112205,0.2790069321103985,0.876362085823367,0.0466846600174903,1615633.625
ssl_contrastive,16,57,20,0.146434476893558,0.3717757799811813,0.3725839649475713,0.9308475670540188,0.0884042009711265,1397966.625
ssl_contrastive,16,57,30,0.1784383503705285,0.4050793304694426,0.406187366744906,0.9501129375234904,0.0974668487906456,1294910.125
ssl_contrastive,16,57,40,0.2085088540434954,0.4332472426133222,0.434624039226805,0.9591996556920412,0.1054977029561996,1230249.75
ssl_contrastive,16,57,50,0.2375271328164963,0.4657002888914927,0.4672889828739344,0.9651196879885904,0.112120397388935,1155726.125
ssl_contrastive,16,57,60,0.2109392205379771,0.4726793201364224,0.474523720852518,0.968254410912447,0.1107475683093071,1117344.0
ssl_contrastive,16,57,70,0.2097187008593456,0.4773855679311132,0.4794836706439948,0.9706753550713504,0.1032052710652351,1086966.125
ssl_contrastive,16,57,80,0.2338838396032489,0.4935632356316242,0.4958640682394785,0.973039758197718,0.110957533121109,1055112.0
ssl_contrastive,16,57,90,0.2153819386102677,0.4904052872008936,0.492993068360113,0.9732446933168316,0.1028381586074829,1042097.0
ssl_contrastive,16,57,100,0.2380758292183878,0.497701955198272,0.5005026422649727,0.9750989593560592,0.108437106013298,1019644.6875
ssl_contrastive,16,57,110,0.2316102061331202,0.5115020597951054,0.5144770073162239,0.9758030704410569,0.1008254513144493,1001344.0
ssl_contrastive,16,57,120,0.227043824384875,0.5215196751334612,0.5246783693845644,0.9761351297883508,0.1029478758573532,983184.3125
ssl_contrastive,16,57,130,0.2430054124599996,0.5262380621319872,0.5296074788833279,0.9771388455194844,0.1123488247394561,964483.5625
ssl_contrastive,16,57,140,0.2174459845157842,0.5333170350049149,0.5368705734798238,0.9769041183489864,0.1031600087881088,941281.5
ssl_contrastive,16,57,150,0.1893665039386941,0.525640284151809,0.5294917956169736,0.9763714663803644,0.0878414362668991,943920.25
ssl_contrastive,16,57,160,0.2030901240914548,0.5337350030717243,0.5377344206394339,0.977588633554724,0.0933213159441948,928342.125
ssl_contrastive,16,57,170,0.2210212722714329,0.5434754724001778,0.5476373241449068,0.9780281026996688,0.1035977527499198,912644.625
ssl_contrastive,16,57,180,0.206652408344184,0.5469965981819845,0.5513357681355607,0.9783080479066312,0.1053801029920578,899244.6875
ssl_contrastive,16,57,190,0.2154737354753081,0.5517934488916527,0.5563166101024369,0.9785975451180284,0.1041330099105835,888517.6875
ssl_contrastive,16,57,200,0.2181346592435585,0.555422722656463,0.5601459109942185,0.9786478616807204,0.1003322005271911,882370.5625
ssl_contrastive,17,58,10,0.0962430462993347,0.3063787995609277,0.3068422815238709,0.8799129039248048,0.0674537122249603,1633347.75
ssl_contrastive,17,58,20,0.1569964713467469,0.3612572776770438,0.3620719645468646,0.936007888776606,0.0754427835345268,1456065.375
ssl_contrastive,17,58,30,0.1886129437778533,0.4037137076554818,0.4048233273422631,0.9513138634086934,0.0943505093455314,1331391.875
ssl_contrastive,17,58,40,0.2170897041260129,0.4383348665767805,0.4396889027069178,0.960784430105276,0.1066790074110031,1244688.5
ssl_contrastive,17,58,50,0.2121625688434686,0.4556386736734947,0.4572415822488819,0.9658188746181846,0.0921813622117042,1205143.5
ssl_contrastive,17,58,60,0.2117250470379107,0.4665094900046855,0.4683778177559874,0.9673510970730336,0.1037526577711105,1146203.625
ssl_contrastive,17,58,70,0.2741406195475102,0.4914378625037701,0.4934768839613417,0.97307023667269,0.1112119257450103,1100518.25
ssl_contrastive,17,58,80,0.2174116805232631,0.4852116534211709,0.4875484356929184,0.9724834753223972,0.1018385589122772,1079655.125
ssl_contrastive,17,58,90,0.2333313300673783,0.5045513969277834,0.5070580819286311,0.9740095875157044,0.0974507331848144,1055665.75
ssl_contrastive,17,58,100,0.238067399679697,0.5064972095841945,0.509250802642985,0.9750654991405944,0.1077280789613723,1032322.0
ssl_contrastive,17,58,110,0.192279757001453,0.5050955895048576,0.5081064860715442,0.9746097598903184,0.0899036154150962,1015598.625
ssl_contrastive,17,58,120,0.2074794086834585,0.5184167081948642,0.5215837423391317,0.9759452093635762,0.0971039310097694,1003085.375
ssl_contrastive,17,58,130,0.1994051861848021,0.5252319612890535,0.5285937299310906,0.9762919224694138,0.0957435071468353,980680.5625
ssl_contrastive,17,58,140,0.2101315678422768,0.5265122258914067,0.530112441889499,0.9766796537862744,0.0962556004524231,965207.375
ssl_contrastive,17,58,150,0.1919008064244242,0.5266950297186793,0.5305085304299084,0.9772904187755004,0.0981652960181236,949517.375
ssl_contrastive,17,58,160,0.2086227448094748,0.54087524632753,0.5448192435264365,0.9776702916104164,0.0990602597594261,937462.6875
ssl_contrastive,17,58,170,0.1943918702626227,0.5378892987083859,0.5420958759606694,0.9774152051961228,0.0995619595050811,926519.8125
ssl_contrastive,17,58,180,0.1982177840101855,0.5442662071094851,0.5486352406521161,0.97800456733825,0.0941207185387611,920664.1875
ssl_contrastive,17,58,190,0.1883807735714631,0.5457367815006785,0.550315653547676,0.9780206795121624,0.0885615497827529,915155.5625
ssl_contrastive,17,58,200,0.199203845574881,0.5496053886743604,0.5543555053955806,0.9785785148809142,0.0921282470226287,902799.875
ssl_contrastive,18,59,10,0.0792665628792396,0.2570085281734479,0.2575034082373355,0.882967589247969,0.0695680901408195,1634817.625
ssl_contrastive,18,59,20,0.1355352591710276,0.3494563001396689,0.3502890013346248,0.9334638359909864,0.0889025852084159,1422852.75
ssl_contrastive,18,59,30,0.1721982959173261,0.3987019899776218,0.3998188319712612,0.950711151219854,0.101179152727127,1325178.25
ssl_contrastive,18,59,40,0.2038766672250322,0.4400250376145501,0.4413842780486171,0.9583531972807824,0.116405002772808,1241550.75
ssl_contrastive,18,59,50,0.2377576528251709,0.4546685106072134,0.4562786469535371,0.966662772204646,0.1052723973989486,1197700.25
ssl_contrastive,18,59,60,0.2538472185244802,0.4764355453388793,0.4782583132009137,0.9704564763275346,0.1225594580173492,1143893.625
ssl_contrastive,18,59,70,0.2436712754881362,0.4916895681686147,0.4937356190214873,0.971234111325235,0.1036367937922477,1123393.5
ssl_contrastive,18,59,80,0.2227446064598738,0.4943768629997274,0.4966696374312294,0.9727464951054764,0.1084533557295799,1083865.125
ssl_contrastive,18,59,90,0.2185889802319782,0.5048639536593755,0.5073706126554041,0.97337374118608,0.1090379059314727,1047885.375
ssl_contrastive,18,59,100,0.2059190649260771,0.5007816804883705,0.5035587776009641,0.973784076415252,0.1008995622396469,1038524.4375
ssl_contrastive,18,59,110,0.2311672367320077,0.5144043424844803,0.517355337328815,0.9758468608737444,0.1022626981139183,1015759.9375
ssl_contrastive,18,59,120,0.2235727355357775,0.5182137278668904,0.5213901569546219,0.9761463458535248,0.1118723154067993,992914.375
ssl_contrastive,18,59,130,0.2181411279542922,0.5203409941587681,0.5237536392554831,0.9764214085088492,0.1077667996287345,979957.8125
ssl_contrastive,18,59,140,0.2390608533109666,0.5313925011386993,0.5349527315806746,0.9775636012194294,0.1038932353258133,965779.0625
ssl_contrastive,18,59,150,0.2253412994660956,0.5325306174431595,0.536314623858225,0.9777120648521728,0.1061148568987846,952117.625
ssl_contrastive,18,59,160,0.2065196481869997,0.5373311066757175,0.5413177520792414,0.977445627505964,0.0998869240283966,939094.5
ssl_contrastive,18,59,170,0.2370472435103152,0.5427649979707039,0.5469299213671348,0.9785324034843392,0.1133619621396064,920260.125
ssl_contrastive,18,59,180,0.2314055472419846,0.5491606778356434,0.5534892836116577,0.9786805517824436,0.1101767122745513,908558.3125
ssl_contrastive,18,59,190,0.2096107607932131,0.5477308283126295,0.552293086940544,0.9785395638049464,0.1036354601383209,909839.75
ssl_contrastive,18,59,200,0.2026836960829791,0.5531770077626832,0.5578908794930815,0.9788147370298708,0.0992608740925788,895799.5625
ssl_contrastive,19,60,10,0.0668373686269028,0.2844196818130678,0.284908053469698,0.853804808177654,0.0609161630272865,1593402.25
ssl_contrastive,19,60,20,0.1477512697613087,0.3588293433633616,0.3596480120870287,0.934996041073966,0.0844950526952743,1411371.0
ssl_contrastive,19,60,30,0.1774485148995041,0.3987379643572194,0.3998526053430389,0.9512517077410866,0.0945582166314125,1297558.375
ssl_contrastive,19,60,40,0.1778179033349858,0.4230451514349789,0.4244408817454427,0.957817811883758,0.0903564691543579,1227576.125
ssl_contrastive,19,60,50,0.2219563563550493,0.4568622860770287,0.4584652895321093,0.9661273176135886,0.1089928075671196,1166891.375
ssl_contrastive,19,60,60,0.2032047571486037,0.4675231712444439,0.469372435220981,0.9688044608667444,0.0976277217268943,1128289.0
ssl_contrastive,19,60,70,0.2248943755352505,0.4840983289549672,0.4861629874914641,0.97161818410297,0.1075912117958068,1088382.125
ssl_contrastive,19,60,80,0.2224393371893985,0.4962924454536899,0.4985852400448016,0.9722210854456418,0.1088556870818138,1053158.0
ssl_contrastive,19,60,90,0.2118994665379445,0.4895225420238041,0.4921252282209478,0.9726581760530384,0.0964585542678833,1046803.625
ssl_contrastive,19,60,100,0.2275555994751663,0.5080250881741162,0.5107650900450563,0.9749691422534004,0.1086024418473243,1014109.9375
ssl_contrastive,19,60,110,0.2247387048295323,0.5051844336807502,0.5082036220895467,0.975310728779789,0.1021585762500763,1000930.0
ssl_contrastive,19,60,120,0.2220029181079942,0.5158633146271808,0.5190547337620925,0.9762287347601868,0.1042820066213607,978420.5625
ssl_contrastive,19,60,130,0.2151104920885584,0.5211038724058317,0.5244989455765947,0.9765646973199934,0.1021187379956245,963295.8125
ssl_contrastive,19,60,140,0.1940348801430068,0.5208328152223367,0.524470378158522,0.9765006109099796,0.093305118381977,950741.375
ssl_contrastive,19,60,150,0.2114137636446213,0.5307933174860981,0.5346005212501895,0.9772092541747944,0.0964283049106597,934937.625
ssl_contrastive,19,60,160,0.1808502767584554,0.5299880810325288,0.5340200783639131,0.9769390970184082,0.0964992567896843,920191.3125
ssl_contrastive,19,60,170,0.2149517453183405,0.5371199846473412,0.5413350017487015,0.9780264608819644,0.1036369353532791,915612.6875
ssl_contrastive,19,60,180,0.1889384108419784,0.5401935240934018,0.5446061503126993,0.9776434722614572,0.100607082247734,895823.6875
ssl_contrastive,19,60,190,0.2028678614507311,0.5451939567661783,0.5497831156738414,0.9782089846465468,0.099964439868927,885147.5
ssl_contrastive,19,60,200,0.1873958782741364,0.544612647011956,0.5494164255695718,0.9783804817345424,0.0993561148643493,875699.4375
ssl_contrastive,20,61,10,0.0930418484268837,0.2724095555865738,0.2728948016447754,0.8825309239579238,0.0628126561641693,1611411.75
ssl_contrastive,20,61,20,0.1624331586014041,0.367224892632608,0.3680316285237933,0.9363229872520136,0.0813094452023506,1424685.0
ssl_contrastive,20,61,30,0.1906573969894787,0.4036996883534348,0.4048066400794276,0.9516274602151252,0.0883076936006546,1317221.0
ssl_contrastive,20,61,40,0.2127304460981748,0.4237721031316065,0.4251711907656584,0.9592396459696564,0.0902983993291854,1256189.375
ssl_contrastive,20,61,50,0.2182784496281503,0.4558199558851087,0.4574228509670516,0.966056676902972,0.0975158736109733,1182035.875
ssl_contrastive,20,61,60,0.2400621091383328,0.4751493433185958,0.4769807572470445,0.969799302448474,0.1046155244112014,1133023.0
ssl_contrastive,20,61,70,0.2294836127718028,0.4809647916991342,0.4830504510007713,0.9713045451580176,0.0991394892334938,1102553.5
ssl_contrastive,20,61,80,0.2539619710478231,0.4939362982711975,0.496228778299294,0.9740474183995536,0.1011104732751846,1080895.0
ssl_contrastive,20,61,90,0.2320452348751305,0.4966363760931349,0.4991950283054207,0.973543885439763,0.0992505028843879,1056317.625
ssl_contrastive,20,61,100,0.2308554046211571,0.5123916263390774,0.5151080640565776,0.9748957954046484,0.1026162952184677,1026972.8125
ssl_contrastive,20,61,110,0.2059705841930957,0.5105474490070847,0.5135192006173187,0.9753597264302644,0.099074974656105,1004318.0625
ssl_contrastive,20,61,120,0.2198476148121645,0.5254854893340621,0.5286089346561486,0.9762452408529708,0.1042705699801445,985147.0
ssl_contrastive,20,61,130,0.2309491291939345,0.5273810536392002,0.5307280492229247,0.9772752222634222,0.1025658845901489,971363.1875
ssl_contrastive,20,61,140,0.2279046467760707,0.5306599967364131,0.5342381749937148,0.9772565219157564,0.1014755144715309,959298.5
ssl_contrastive,20,61,150,0.211524401981842,0.5329844085931621,0.5367766105582534,0.9772153158420532,0.1001520007848739,946193.5625
ssl_contrastive,20,61,160,0.1901148575102153,0.5356422750344498,0.5396405729643833,0.9771003843771786,0.1004115939140319,930599.5625
ssl_contrastive,20,61,170,0.2071818907971373,0.5429038610514714,0.5470593357977508,0.9780704014991564,0.1017218232154846,921186.0625
ssl_contrastive,20,61,180,0.2037511371502014,0.5449849375682415,0.5493434095966301,0.9783067511787608,0.0997860357165336,915551.25
ssl_contrastive,20,61,190,0.1922306085806347,0.5459442205707683,0.550515323973507,0.978208934937178,0.0992817729711532,896971.4375
ssl_contrastive,20,61,200,0.1974912552323143,0.5522446852535927,0.5569688863098775,0.9785517669561604,0.1011329069733619,884513.5
ssl_contrastive,21,62,10,0.067655230755323,0.2363469519113726,0.2368597906760241,0.8725319597573845,0.0503156147897243,1660290.625
ssl_contrastive,21,62,20,0.1202126663023338,0.3394580194450624,0.3403122866455417,0.9263618853338031,0.0795566067099571,1451957.875
ssl_contrastive,21,62,30,0.1810681749789469,0.4005696797525755,0.4016793738439329,0.9522523438975862,0.0919665619730949,1324144.5
ssl_contrastive,21,62,40,0.1813622245502965,0.4281879812311246,0.4295838336828886,0.9553847016062404,0.0909268707036972,1254729.125
ssl_contrastive,21,62,50,0.221525318067328,0.4533869178816189,0.4550067491375065,0.96475048347677,0.0945958793163299,1211384.875
ssl_contrastive,21,62,60,0.1951979680451605,0.4542503891940382,0.4561549516837233,0.9678374294174052,0.0923966094851493,1156993.875
ssl_contrastive,21,62,70,0.2483275732075998,0.4848789406652795,0.4869568650662792,0.9713446060381956,0.1000050827860832,1115702.25
ssl_contrastive,21,62,80,0.2412862562234185,0.5022211516537591,0.5044802797275039,0.9730739272558716,0.1070982813835144,1077207.5
ssl_contrastive,21,62,90,0.2424846782041049,0.4959971445214881,0.498548489786483,0.974129798620281,0.1003130301833152,1059125.875
ssl_contrastive,21,62,100,0.2217149825439663,0.5064559012552909,0.509210145325943,0.9744065724634088,0.1004334017634391,1041299.8125
ssl_contrastive,21,62,110,0.1958921282948424,0.5075140087111336,0.5105200033580045,0.9742455934553164,0.0962966904044151,1019109.9375
ssl_contrastive,21,62,120,0.1989018934435408,0.5147092466833063,0.5179005188714706,0.9756716210282712,0.101969726383686,997277.5625
ssl_contrastive,21,62,130,0.2067401156800254,0.5203447927859306,0.5237447004746469,0.9763472664862608,0.0927070975303649,995337.1875
ssl_contrastive,21,62,140,0.255152837121663,0.526126264789623,0.5297297863480719,0.9778364360499088,0.0997258871793747,971207.9375
ssl_contrastive,21,62,150,0.1830331922928209,0.5257740398104505,0.5296116701089351,0.9765601595060568,0.0988461524248123,953689.1875
ssl_contrastive,21,62,160,0.1856468798705536,0.5322396440181755,0.5362635345907988,0.976812654049206,0.1021774262189865,937168.375
ssl_contrastive,21,62,170,0.1974108605063892,0.5355543442857874,0.5397908581279519,0.9773746712846422,0.0935032665729522,938725.0625
ssl_contrastive,21,62,180,0.1983508205796052,0.541572613710257,0.5459689044484997,0.978031310333149,0.1014741361141204,915692.9375
ssl_contrastive,21,62,190,0.1969517533312393,0.5488239496320011,0.5533666268964236,0.9783178981672792,0.0997021347284317,906208.0
ssl_contrastive,21,62,200,0.1694086546593274,0.5386678384906899,0.5435484073269556,0.977621446081174,0.094086043536663,898958.5
ssl_contrastive,22,63,10,0.0886888176981905,0.2633170517320138,0.2638060214931148,0.8875474679921026,0.0642950609326362,1601267.875
ssl_contrastive,22,63,20,0.1405093630559155,0.3443362078131836,0.3451725512097625,0.934769118098321,0.0876877456903457,1406490.75
ssl_contrastive,22,63,30,0.181332070016343,0.4005684804339141,0.4016794067284232,0.95221594126309,0.094871237874031,1299545.0
ssl_contrastive,22,63,40,0.1953742047913058,0.4249626858979823,0.4263539927573503,0.9592237103901842,0.0987273305654525,1223267.875
ssl_contrastive,22,63,50,0.2248440437829311,0.4485509856954112,0.4501761899820625,0.9663733701863968,0.0969792082905769,1169941.875
ssl_contrastive,22,63,60,0.2125785904347623,0.4588264691973243,0.4607235517682306,0.967858214154618,0.1054345592856407,1119935.625
ssl_contrastive,22,63,70,0.2126081163044236,0.4715392796061806,0.4736558305987106,0.9710288012437152,0.1003108248114585,1095283.625
ssl_contrastive,22,63,80,0.1888448967565807,0.4722614025136985,0.4746627315865094,0.9711053273792828,0.0884057506918907,1071628.75
ssl_contrastive,22,63,90,0.2055554095962225,0.4889593924887344,0.4915470582476381,0.9730131393295192,0.0928417965769767,1028689.25
ssl_contrastive,22,63,100,0.1975368070589472,0.4947582403271963,0.4975870430768208,0.9733325544796638,0.0921490713953971,1019432.0625
ssl_contrastive,22,63,110,0.2024641625654206,0.5100161245623601,0.5129932884356815,0.9748274871609132,0.0998036563396453,993360.875
ssl_contrastive,22,63,120,0.1982825093560635,0.5079353952986605,0.5111818735357267,0.9752522874643064,0.1038389131426811,972051.5625
ssl_contrastive,22,63,130,0.2068353176319725,0.5180096074317896,0.5214389745006517,0.9761171869950342,0.0986280888319015,960278.625
ssl_contrastive,22,63,140,0.183229096706655,0.516073465260403,0.5197541752109527,0.9758784620644516,0.0949364081025123,948355.6875
ssl_contrastive,22,63,150,0.1985536156365298,0.5252518743377006,0.5290987883065966,0.9768320867737488,0.0949054807424545,928603.25
ssl_contrastive,22,63,160,0.1989457184485084,0.5276558031027744,0.531715532117445,0.97746711762323,0.0995633453130722,926225.5625
ssl_contrastive,22,63,170,0.1906368747111366,0.5329540859692422,0.5371989772800239,0.9773832967111354,0.0942262113094329,906813.4375
ssl_contrastive,22,63,180,0.2127228006080298,0.5405374653053999,0.5449412536187236,0.9783329109248898,0.0985519960522651,893440.875
ssl_contrastive,22,63,190,0.171159099209451,0.5343415539037256,0.5390215190985386,0.9777354088295866,0.0915741175413131,888699.5625
ssl_contrastive,22,63,200,0.1722611445892115,0.5390005095459731,0.5438787692076745,0.9776983360869744,0.0962866693735122,881288.9375
ssl_contrastive,23,64,10,0.0736870195499385,0.2518678288670612,0.2523709566291025,0.8721195850942461,0.0675568133592605,1652813.375
ssl_contrastive,23,64,20,0.1252399151630302,0.3581866188683607,0.3590142857735717,0.9273336411686068,0.0770577788352966,1455547.0
ssl_contrastive,23,64,30,0.1481404816314672,0.4073545349172508,0.4084608696871011,0.94697571263965,0.0944505706429481,1323385.875
ssl_contrastive,23,64,40,0.1823758385920345,0.4251160445843644,0.426506186142665,0.9587538281495316,0.1036226823925972,1260745.25
ssl_contrastive,23,64,50,0.2004412183220514,0.4598267742142297,0.4614268678468944,0.9640609928737962,0.11018668115139,1184596.125
ssl_contrastive,23,64,60,0.20190123725561,0.4690989412599339,0.4709478926204033,0.96818661807329,0.0984133929014206,1150570.25
ssl_contrastive,23,64,70,0.2270534935889971,0.4848128695572105,0.4868874483589594,0.9706173077334278,0.0952184870839119,1129656.125
ssl_contrastive,23,64,80,0.2146300355866743,0.49290138021231,0.4952079680037514,0.9722364248648194,0.1028216704726219,1081723.375
ssl_contrastive,23,64,90,0.238407617619937,0.5106611039517562,0.5131430940622751,0.9738070877448464,0.1040507107973098,1062962.875
ssl_contrastive,23,64,100,0.2231135785970024,0.508584225909061,0.5113350413450293,0.9743545828019105,0.0988400056958198,1056351.5
ssl_contrastive,23,64,110,0.2070737492651203,0.5183304113917261,0.5212494507789003,0.9754540132479658,0.1045951545238494,1010074.75
ssl_contrastive,23,64,120,0.2010618299988513,0.5177455631631651,0.52092162984485,0.9757118433611928,0.0948034897446632,1002233.5625
ssl_contrastive,23,64,130,0.2159290063059485,0.526571881473052,0.5299286088986448,0.9766285156984984,0.1101645901799202,981209.125
ssl_contrastive,23,64,140,0.2009333059606712,0.534102827265273,0.537634773885785,0.9767490498259396,0.1070207729935646,959128.875
ssl_contrastive,23,64,150,0.2062079794657215,0.5331135988161316,0.5368961545781397,0.9771748720177996,0.100767858326435,949075.8125
ssl_contrastive,23,64,160,0.2103722746649428,0.5404971195308573,0.5444588255824077,0.9774292313958924,0.1052405536174774,936830.8125
ssl_contrastive,23,64,170,0.2021069970023857,0.539373190220266,0.5435645386033177,0.9778315800842732,0.098780870437622,924827.4375
ssl_contrastive,23,64,180,0.2236517285791667,0.5559993575882117,0.5602564503963836,0.9786096273117342,0.1068868860602378,913693.5
ssl_contrastive,23,64,190,0.189594065717146,0.5438295305795192,0.5484269758382075,0.9780093754138676,0.1022950708866119,903967.5
ssl_contrastive,23,64,200,0.194887671509649,0.5522308061484427,0.5569678091737748,0.9783822831269502,0.0985961332917213,897354.625
ssl_contrastive,24,65,10,0.0737908373946389,0.2558255091044548,0.2563220722229654,0.8787145675045076,0.0679276958107948,1647285.625
ssl_contrastive,24,65,20,0.1359751685131751,0.3682381868111221,0.3690582536653309,0.9248887061649176,0.0905578136444091,1442679.875
ssl_contrastive,24,65,30,0.1908860629898967,0.4194198872306121,0.4204976190772901,0.9519836379378528,0.1083404794335365,1315653.375
ssl_contrastive,24,65,40,0.1864861589206555,0.4323315778910328,0.4337085766043312,0.9579573682079552,0.0907460823655128,1267657.375
ssl_contrastive,24,65,50,0.2368005360939457,0.4547611873744259,0.4563701134642215,0.9667257838476316,0.1099051982164383,1184839.625
ssl_contrastive,24,65,60,0.1878545859168555,0.4538785079444275,0.4557862353962519,0.96734846112664,0.0938147827982902,1159978.25
ssl_contrastive,24,65,70,0.2372708152617197,0.4876703877640459,0.4897301234790253,0.9715546352818812,0.1042408943176269,1115534.0
ssl_contrastive,24,65,80,0.2206505362735064,0.4929437180794542,0.4952512597762619,0.9724846564334352,0.1013891994953155,1090860.75
ssl_contrastive,24,65,90,0.2063857657370644,0.496927760460777,0.4994688383253037,0.9734229735915444,0.0969889312982559,1058659.125
ssl_contrastive,24,65,100,0.2615173979845048,0.5124253143634016,0.5151417106414343,0.97599783356781,0.1084524393081665,1034710.625
ssl_contrastive,24,65,110,0.2310485010832894,0.5141269835229675,0.5170762613344788,0.97601149947736,0.1057419404387474,1018364.75
ssl_contrastive,24,65,120,0.2631201032753275,0.5219577852576884,0.5251231520464841,0.9768125207670608,0.1025048568844795,1007973.75
ssl_contrastive,24,65,130,0.2180326657083626,0.5259122810940454,0.5292729075590942,0.9767832390730224,0.1069023460149765,977168.4375
ssl_contrastive,24,65,140,0.2184790169199361,0.5267483267348476,0.5303493033946257,0.9769099178536113,0.1056406497955322,965085.25
ssl_contrastive,24,65,150,0.202141768591562,0.5315958417651941,0.5353779543284577,0.977334077099818,0.095805324614048,956973.5
ssl_contrastive,24,65,160,0.2063358843074052,0.5409035730548952,0.5448440231161925,0.9777032735712798,0.0988708958029747,943658.875
ssl_contrastive,24,65,170,0.1997344409567026,0.539709786367704,0.543887085049589,0.9778279039385236,0.1030736565589904,921769.0625
ssl_contrastive,24,65,180,0.188222017005225,0.5445475502629165,0.5489085095270438,0.9778583046509056,0.0947275906801223,910228.4375
ssl_contrastive,24,65,190,0.1760638158255227,0.5459483837936353,0.5505089029491885,0.978035641210563,0.0944917500019073,905876.8125
ssl_contrastive,24,65,200,0.185402076782238,0.5485762161359965,0.5533561324950482,0.9780858688598032,0.0985870733857154,895041.5
ssl_contrastive,25,66,10,0.0819015127252984,0.2768420533859904,0.277328301913684,0.8727157825973869,0.0598571300506591,1631553.375
ssl_contrastive,25,66,20,0.1519413768943436,0.3690090231953803,0.3698160850400302,0.9341484286658704,0.0768808871507644,1444522.875
ssl_contrastive,25,66,30,0.2065137445666141,0.417121941543997,0.4181997967554992,0.9543086685443588,0.088618978857994,1346974.875
ssl_contrastive,25,66,40,0.2273956379955465,0.4374986133163699,0.4388505669584342,0.962370334335584,0.1020100861787796,1259273.625
ssl_contrastive,25,66,50,0.2622342380462698,0.4734696117621496,0.4750263785797408,0.9674353597940174,0.1091200187802314,1194291.625
ssl_contrastive,25,66,60,0.258605538183279,0.4733231866162758,0.4751724446053632,0.968986053945173,0.1047101318836212,1168775.0
ssl_contrastive,25,66,70,0.2312406710597102,0.4871114386058792,0.4891773492755653,0.970860798542419,0.1052790135145187,1117033.125
ssl_contrastive,25,66,80,0.2489015694695872,0.5000756175532185,0.5023397437816084,0.9737952420081032,0.1145099848508834,1081056.5
ssl_contrastive,25,66,90,0.230261949284303,0.5110150599698641,0.5134853179780409,0.9741170031235412,0.1138539463281631,1046076.0
ssl_contrastive,25,66,100,0.2114801078897339,0.511277162900761,0.5139929513811545,0.9747717299165968,0.106302760541439,1028065.9375
ssl_contrastive,25,66,110,0.2906401449556669,0.522456978676918,0.525365965977916,0.9772336179278804,0.106876827776432,1027338.25
ssl_contrastive,25,66,120,0.2254558139367313,0.5230538709137504,0.5261951226377968,0.9763809162076904,0.1112244352698326,994130.6875
ssl_contrastive,25,66,130,0.2108346376165233,0.5248525920918051,0.5282365145578474,0.9761466782079004,0.1033876463770866,978552.0
ssl_contrastive,25,66,140,0.2270965839120026,0.5369445341135869,0.5404722214315151,0.977110477022353,0.0987726375460624,967350.3125
ssl_contrastive,25,66,150,0.2084040639629903,0.5381532533876476,0.5418767488249343,0.9776105807986424,0.1042079702019691,945463.4375
ssl_contrastive,25,66,160,0.2868052462114793,0.5466479116537192,0.5505572878886917,0.979240593730714,0.1109433844685554,937912.6875
ssl_contrastive,25,66,170,0.2245421994128784,0.545819535244053,0.549949422070902,0.978392613872372,0.1024310067296028,922154.125
ssl_contrastive,25,66,180,0.2067429274192255,0.5483745062192547,0.5526985807496038,0.9783680678907258,0.1002880856394767,913344.5625
ssl_contrastive,25,66,190,0.2106746295655451,0.5511378594366754,0.5556649073088917,0.97854704051659,0.1057686433196067,906715.75
ssl_contrastive,25,66,200,0.1972149736116281,0.5541956258805636,0.5589081854477673,0.978539642389179,0.1049495860934257,892462.3125
ssl_contrastive,26,67,10,0.0709002424778993,0.2608146982207469,0.2613149638154656,0.8607869779187778,0.069794088602066,1626997.0
ssl_contrastive,26,67,20,0.1526700350085498,0.3727085464519534,0.3735128689255731,0.9331191206501048,0.081521064043045,1441536.75
ssl_contrastive,26,67,30,0.1768446368467128,0.4006432748986468,0.4017616344480514,0.949330751096064,0.0985121130943298,1330355.0
ssl_contrastive,26,67,40,0.2188758460053332,0.432467773791496,0.433845210015815,0.9601724871155154,0.0999530851840972,1245611.625
ssl_contrastive,26,67,50,0.1990200898311249,0.4524012341703768,0.4540321023366965,0.9629496138096236,0.0991317108273506,1187610.0
ssl_contrastive,26,67,60,0.2715224174728401,0.471844294789807,0.4736945011260393,0.9702034739506556,0.1162936985492706,1147400.875
ssl_contrastive,26,67,70,0.2455257019507039,0.4778910731096673,0.4799967629094677,0.9709406377164572,0.1140761226415634,1100232.875
ssl_contrastive,26,67,80,0.2687600044625931,0.4946721809603674,0.4969734122854889,0.9735268084815346,0.1168626248836517,1077695.75
ssl_contrastive,26,67,90,0.2175215215289886,0.4904137369608083,0.4929991515212495,0.9733062912065846,0.1009287610650062,1053067.75
ssl_contrastive,26,67,100,0.2135187372143792,0.4973891428183785,0.5001894827510931,0.9744568564538464,0.1055955067276954,1033111.8125
ssl_contrastive,26,67,110,0.2382105812376897,0.5046775412373679,0.5076981848333103,0.9756833682852964,0.1023540645837783,1015970.9375
ssl_contrastive,26,67,120,0.261415014976502,0.5117284636177003,0.5149527603648514,0.9768112284408468,0.1030031889677047,996449.0
ssl_contrastive,26,67,130,0.2227220668648892,0.5122386755864988,0.5157188453863696,0.9760494382898152,0.0931307226419448,985672.4375
ssl_contrastive,26,67,140,0.2958418679741898,0.5268129151746355,0.5304143552575644,0.9788983974869304,0.1269469410181045,961575.75
ssl_contrastive,26,67,150,0.213278794176788,0.5289607748768623,0.5327777400592721,0.9773025823704984,0.0993018969893455,947333.625
ssl_contrastive,26,67,160,0.1936772040673871,0.5272778361648551,0.5313440120814849,0.9771673569237154,0.0926010310649871,939527.0
ssl_contrastive,26,67,170,0.1979597230791521,0.5318964942952826,0.5361528597182796,0.9777037433160128,0.0991654396057128,930827.1875
ssl_contrastive,26,67,180,0.2125323362558025,0.5414963332882837,0.5459021314286917,0.9780650445076856,0.1006232872605323,918177.5
ssl_contrastive,26,67,190,0.2270518796076057,0.5448729418982615,0.5494791048784288,0.978743308716266,0.1000519543886184,913806.3125
ssl_contrastive,26,67,200,0.2029921561101977,0.544451296500706,0.5492848983931787,0.9783118505266312,0.1069121360778808,895802.1875
ssl_contrastive,27,68,10,0.0870224654824633,0.2722018741321607,0.2726879904565398,0.8808574653308654,0.0686211511492729,1623031.375
ssl_contrastive,27,68,20,0.1523342461226136,0.3713097830519424,0.3721208275861078,0.9296385836733296,0.0870197936892509,1425455.25
ssl_contrastive,27,68,30,0.1895478907430655,0.4025380691205278,0.4036527540528042,0.9507936030408528,0.1001017019152641,1301017.625
ssl_contrastive,27,68,40,0.1887098466298996,0.427418172658725,0.4288097266428609,0.9575658891450732,0.1022054105997085,1244013.75
ssl_contrastive,27,68,50,0.2485997291832248,0.4478664545064218,0.4495012393254599,0.9666892341978234,0.1022841036319732,1203254.375
ssl_contrastive,27,68,60,0.2655837671485005,0.4764490315547455,0.4782733870702559,0.9705835321833244,0.1159554570913314,1138561.25
ssl_contrastive,27,68,70,0.2168417387992447,0.4845034947456913,0.4865814918609547,0.9701325693167424,0.1023907288908958,1100244.375
ssl_contrastive,27,68,80,0.286153261494276,0.499599363934903,0.5018860230019129,0.9738716896768156,0.1190344467759132,1079921.125
ssl_contrastive,27,68,90,0.2532370408865721,0.4927269479352205,0.4953097624974764,0.9741711414974538,0.1194533705711364,1048314.0625
ssl_contrastive,27,68,100,0.2654218763003829,0.5044785981439763,0.5072502338810069,0.9755695515544868,0.1193380132317543,1019749.375
ssl_contrastive,27,68,110,0.2182677723974477,0.5048144354846766,0.5078321756934223,0.97516660958156,0.0978084281086921,1013445.8125
ssl_contrastive,27,68,120,0.2324228003104349,0.5210701223270315,0.5242120496867592,0.9769428404214622,0.101065807044506,990174.25
ssl_contrastive,27,68,130,0.2274941123022364,0.5249459771075909,0.5283112009844537,0.9771087913641548,0.1038999035954475,967796.9375
ssl_contrastive,27,68,140,0.2478265002342889,0.5271892203720762,0.530784356791412,0.9777040378161465,0.1101941615343093,948586.75
ssl_contrastive,27,68,150,0.2295975955945708,0.5288694043142715,0.5326920736034235,0.9776383656361824,0.097437173128128,942281.6875
ssl_contrastive,27,68,160,0.2032123508053838,0.5335358522674837,0.5375353618318616,0.9777794820833472,0.1049541234970092,927370.375
ssl_contrastive,27,68,170,0.265251711791732,0.5433719365425695,0.5475332102049155,0.9790972154192304,0.1140505746006965,914769.125
ssl_contrastive,27,68,180,0.1739104581374417,0.5334683409670626,0.5379328902377102,0.977497456888494,0.0961335226893425,908128.4375
ssl_contrastive,27,68,190,0.1782474266262015,0.5437807379158608,0.5483640316969268,0.9779825155696728,0.1030751690268516,892217.0625
ssl_contrastive,27,68,200,0.2195307830873547,0.5499047317497313,0.5546762024767835,0.9787661834771458,0.1056104749441146,885151.875
ssl_contrastive,28,69,10,0.0766161797550368,0.2590479617254385,0.2595456530735479,0.8750552009263453,0.0531901977956295,1621350.0
ssl_contrastive,28,69,20,0.1431367462463664,0.3603700299046793,0.3611845616236528,0.9359453211726824,0.0841151475906372,1416914.5
ssl_contrastive,28,69,30,0.1640504709016837,0.4027748224053826,0.4038869876763467,0.9491110676708352,0.0971430242061615,1306033.75
ssl_contrastive,28,69,40,0.1952664536075321,0.4323672937847703,0.4337321769061742,0.9608348276584392,0.10133046656847,1244160.125
ssl_contrastive,28,69,50,0.2093452138504958,0.4434160065765551,0.4450574935907929,0.9658567029784176,0.1003199070692062,1182529.75
ssl_contrastive,28,69,60,0.2151683139445327,0.4577174390492431,0.4596093647920121,0.9687062726558816,0.1056195348501205,1137954.25
ssl_contrastive,28,69,70,0.2024091517763474,0.4699031399858457,0.4720332620368802,0.970224448076456,0.1058021262288093,1100939.875
ssl_contrastive,28,69,80,0.2051361471439244,0.4813212677835541,0.4836652307857458,0.9724381670813282,0.0948797240853309,1076003.875
ssl_contrastive,28,69,90,0.2135010887694492,0.4945508405499597,0.4971082177779565,0.9735695275511412,0.1067950427532196,1044930.375
ssl_contrastive,28,69,100,0.1911337428585558,0.494944643641063,0.4977538203065206,0.9738197472597588,0.1048570051789283,1029766.5625
ssl_contrastive,28,69,110,0.2386011222944958,0.513930596493165,0.5169000014536701,0.9757330117467464,0.1079692840576171,1011996.1875
ssl_contrastive,28,69,120,0.2240451125151284,0.5138945817143125,0.5170902025867558,0.9765342461939772,0.1050929948687553,994731.75
ssl_contrastive,28,69,130,0.2080072270673275,0.5194848905566374,0.5228915641922539,0.9765030273604588,0.1055175885558128,971713.25
ssl_contrastive,28,69,140,0.1911578010667178,0.5218824705221865,0.525511044359222,0.9763858808061968,0.0969446450471878,965110.8125
ssl_contrastive,28,69,150,0.2085097610497487,0.5298637117757021,0.5336687725004202,0.9773712699782958,0.1009255498647689,947762.0
ssl_contrastive,28,69,160,0.2014937346621553,0.5329028879517714,0.536915428583291,0.9776275132064862,0.0927552953362464,941154.375
ssl_contrastive,28,69,170,0.2166487364062197,0.5402377857112576,0.5444265858030517,0.978037725834865,0.1129348278045654,919007.4375
ssl_contrastive,28,69,180,0.2029596154585256,0.541063341645215,0.545464820180779,0.978121360938386,0.1053337678313255,913309.3125
ssl_contrastive,28,69,190,0.1930049073545977,0.5424501165954321,0.5470461293730986,0.978417273886254,0.0973424315452575,901610.8125
ssl_contrastive,28,69,200,0.1970130586904896,0.5484255441992433,0.5531979616798083,0.9785773127593044,0.1029776111245155,895253.5625
ssl_contrastive,29,70,10,0.0992440835433808,0.3040548714849048,0.3045210765885571,0.8790416361368023,0.0666484534740448,1667069.375
ssl_contrastive,29,70,20,0.1278997533595709,0.3768257897955523,0.3776284123601093,0.927414068227826,0.0749593898653984,1475114.0
ssl_contrastive,29,70,30,0.2064155002726262,0.4153109959375554,0.4164000605580173,0.9519658083551298,0.0987407565116882,1356513.5
ssl_contrastive,29,70,40,0.2273972435821488,0.4530238313379195,0.4543540577945769,0.958729908494196,0.1073138192296028,1276190.375
ssl_contrastive,29,70,50,0.188893265743592,0.4536639533294095,0.455285989394152,0.9630961787440164,0.1050207391381263,1206529.75
ssl_contrastive,29,70,60,0.2041010702420855,0.4762813206467206,0.4781064140543584,0.9681797072972362,0.099043920636177,1160935.625
ssl_contrastive,29,70,70,0.2222847660247517,0.4885018327728251,0.4905531183814627,0.9711701026778116,0.1158845350146293,1113591.625
ssl_contrastive,29,70,80,0.2338373696164508,0.4992683154409204,0.501539717319339,0.972907961464926,0.1123862341046333,1089495.25
ssl_contrastive,29,70,90,0.2354919758031945,0.5116020719021285,0.514071426014194,0.9741589386983724,0.1074170619249343,1062977.0
ssl_contrastive,29,70,100,0.2351710830541729,0.5199001814477404,0.5225839157302589,0.9746001052979536,0.1118910387158393,1041346.0625
ssl_contrastive,29,70,110,0.2298002668138792,0.5200283567369234,0.5229453458093248,0.9758856301319732,0.1164187341928482,1019513.625
ssl_contrastive,29,70,120,0.2040088803354263,0.5219343488151256,0.5250784215910532,0.975825673883858,0.1021718308329582,1005365.3125
ssl_contrastive,29,70,130,0.2062646804748115,0.5284983610547616,0.5318426917720291,0.9763038982604209,0.1062235087156295,983065.3125
ssl_contrastive,29,70,140,0.2302216975808014,0.5349410309048073,0.5384767987344421,0.9772701216830882,0.1086813509464263,977439.4375
ssl_contrastive,29,70,150,0.2171361193071659,0.5404090641674187,0.5441312259607533,0.9775897114322558,0.0991520062088966,960090.5625
ssl_contrastive,29,70,160,0.2137953338727717,0.5396045087430694,0.5435563322694518,0.9779748164276774,0.1131361797451973,936999.5
ssl_contrastive,29,70,170,0.1996632575381127,0.5475200119210691,0.5516261727268036,0.9778525769813076,0.1021864712238311,925516.5625
ssl_contrastive,29,70,180,0.2051980946435402,0.5509048858831378,0.5552184525787247,0.9781340854217414,0.1062041148543357,922851.75
ssl_contrastive,29,70,190,0.2048949739593252,0.5473036225706329,0.5518578270584598,0.9786594794703694,0.1064241677522659,905894.5
ssl_contrastive,29,70,200,0.1927768120269415,0.5547966497124219,0.5595042079589838,0.9783383277788829,0.09883464127779,901834.125
ssl_contrastive,30,71,10,0.090362036933291,0.2741101742992796,0.2745981383207881,0.8744717742119816,0.06653793156147,1617238.375
ssl_contrastive,30,71,20,0.1539114649362103,0.3610595986748101,0.3618797160615191,0.9331182673744086,0.0803916752338409,1420455.25
ssl_contrastive,30,71,30,0.2059770356376595,0.4113791190570246,0.4124672806427669,0.9544124860037908,0.0853316560387611,1327064.625
ssl_contrastive,30,71,40,0.2404201820174712,0.4488200752981838,0.4501511804387219,0.9618175549437183,0.1024007722735405,1240775.875
ssl_contrastive,30,71,50,0.2449683396544876,0.4553812600338934,0.456986049163851,0.967297227376206,0.0960194244980812,1201654.75
ssl_contrastive,30,71,60,0.2335975397697729,0.4713888025088695,0.4732364080552463,0.96856766474184,0.0995403453707695,1157041.5
ssl_contrastive,30,71,70,0.2568750533356301,0.4946744096424079,0.4966966535994316,0.9728155498700766,0.1037754416465759,1101941.875
ssl_contrastive,30,71,80,0.2129092231800027,0.4820436701557877,0.4843882976741936,0.972518947857627,0.0989289134740829,1095158.875
ssl_contrastive,30,71,90,0.2283129142126667,0.4992099228738345,0.5017415197541124,0.9739631560307024,0.1005694940686225,1063477.375
ssl_contrastive,30,71,100,0.2116526009135971,0.5078567601477594,0.510583206134023,0.9749898644284088,0.1012453511357307,1026207.3125
ssl_contrastive,30,71,110,0.2155220666713267,0.5140596879852674,0.517008167506344,0.9755463254240776,0.0992665514349937,1014966.6875
ssl_contrastive,30,71,120,0.261680882657238,0.5172195115086883,0.5204198789089279,0.9766794075869796,0.1087968498468399,993938.625
ssl_contrastive,30,71,130,0.2124108644801565,0.5190816788732463,0.5225037926884929,0.9763473602121904,0.0943062230944633,983336.375
ssl_contrastive,30,71,140,0.2094950989435169,0.5273838344336743,0.530960134084587,0.9773270118549814,0.1075519993901252,965186.625
ssl_contrastive,30,71,150,0.2232005823295207,0.5358842018564962,0.539626289685353,0.9780029545127872,0.1060990840196609,948906.5625
ssl_contrastive,30,71,160,0.2155464154721194,0.5432939456294102,0.5472144609731241,0.9779992182697602,0.1098484247922897,931749.9375
ssl_contrastive,30,71,170,0.204705093690497,0.5401362539840127,0.5443230423813176,0.9777708820103928,0.0950560420751571,932925.0
ssl_contrastive,30,71,180,0.1939414172551179,0.5407552013870247,0.5451502310745382,0.978051221781803,0.094746321439743,918482.1875
ssl_contrastive,30,71,190,0.2025845481092588,0.5514531086228839,0.555966866596513,0.9784798641440342,0.1044004634022712,898091.5
ssl_contrastive,30,71,200,0.2056635858960884,0.5544151814447685,0.5591089060615655,0.9789210828592227,0.1054929196834564,890049.25
ssl_contrastive,31,72,10,0.0760873122558053,0.2666116223064262,0.2671000674046709,0.8819191113745596,0.0715928822755813,1613825.5
ssl_contrastive,31,72,20,0.1321694992982081,0.3576989700935249,0.3585300755288628,0.9273213961136274,0.0843598395586013,1425481.5
ssl_contrastive,31,72,30,0.1618634256298069,0.3976009936158817,0.3987229932447281,0.9490943207194324,0.0875244215130806,1330692.0
ssl_contrastive,31,72,40,0.1676943071268626,0.4238724638984469,0.4252731347790485,0.9567269986477712,0.0951093286275863,1247692.625
ssl_contrastive,31,72,50,0.2243094076436407,0.4595377960709599,0.461129948346551,0.966520081079704,0.1065458282828331,1181678.625
ssl_contrastive,31,72,60,0.2153891739689028,0.4739042862818312,0.4757468054041032,0.967945174973379,0.103785403072834,1141057.375
ssl_contrastive,31,72,70,0.2179113953824208,0.4774736487445415,0.4795755801814365,0.9705312791267282,0.1053711399435997,1107715.25
ssl_contrastive,31,72,80,0.2423897241294029,0.4930648496357214,0.4953791087943359,0.9723429258085304,0.1025654748082161,1085765.125
ssl_contrastive,31,72,90,0.2371155131232589,0.5045534106783341,0.5070520525737654,0.9744746848041056,0.1139524206519126,1042777.9375
ssl_contrastive,31,72,100,0.2478998886635216,0.5119856495920873,0.5146982709333408,0.9756908530372984,0.1107647195458412,1024128.5625
ssl_contrastive,31,72,110,0.2266040372478552,0.5151094667521122,0.5180674762951077,0.97539856235891,0.1099945306777954,1008241.25
ssl_contrastive,31,72,120,0.217944029739479,0.5241413545883112,0.5272712892864551,0.9762302887208362,0.1049443259835243,982033.9375
ssl_contrastive,31,72,130,0.2246114482318114,0.5283827709599356,0.5317236096242394,0.9770822645199118,0.1070971935987472,976061.625
ssl_contrastive,31,72,140,0.1963190295542972,0.5263476764251662,0.5299542548801474,0.976309230309174,0.1049375757575035,961493.6875
ssl_contrastive,31,72,150,0.2076506432440472,0.542365966211585,0.5460654200325802,0.9773691930422196,0.1108696311712265,941585.875
ssl_contrastive,31,72,160,0.1970961489773056,0.5424437842899382,0.5463709229660577,0.9773928467201528,0.1099202409386634,925577.875
ssl_contrastive,31,72,170,0.2070742320087915,0.5475369199280218,0.55164905140269,0.9779412104880534,0.1064276397228241,915102.4375
ssl_contrastive,31,72,180,0.1773537203787561,0.5376075254668249,0.5420335024688241,0.9776821831830712,0.098296470940113,910308.3125
ssl_contrastive,31,72,190,0.2040115454675162,0.5503256396228813,0.5548552811641799,0.9783955946738444,0.1071773469448089,893632.0625
ssl_contrastive,31,72,200,0.1907868038060373,0.5520618528302199,0.5568032935995714,0.9782354546800824,0.1133825778961181,884414.5625
supervised_contrastive,1,42,10,0.0964785585016558,0.2938936441726011,0.294365710769788,0.880215014521759,0.0667374283075332,1633536.875
supervised_contrastive,1,42,20,0.1605142082280589,0.3833839822867479,0.3841772635771634,0.9325307114958554,0.0932446420192718,1403223.75
supervised_contrastive,1,42,30,0.2379927751012506,0.4372632798973566,0.4383039909365402,0.9559950220868948,0.1028465703129768,1288865.25
supervised_contrastive,1,42,40,0.2463737575389883,0.4646164965916757,0.465910005598483,0.9628286355257432,0.1068799942731857,1214148.0
supervised_contrastive,1,42,50,0.2609737819808238,0.4772335593462296,0.4787744284240324,0.9681575369773896,0.1063996329903602,1172268.5
supervised_contrastive,1,42,60,0.2730923183265702,0.4991968593243113,0.50095291486474,0.9703655371159758,0.1099955067038536,1121603.375
supervised_contrastive,1,42,70,0.2396337923579776,0.5037918050317449,0.5057813356018732,0.971860474551014,0.1062320545315742,1077692.25
supervised_contrastive,1,42,80,0.2434619370295799,0.5124919955234031,0.5146955381091283,0.973846187244656,0.1005159616470336,1056152.75
supervised_contrastive,1,42,90,0.2461637130884629,0.5226213294852015,0.5250272475018196,0.975078372693368,0.1075388193130493,1022124.625
supervised_contrastive,1,42,100,0.2856294376414617,0.5282412683852568,0.5308805899027457,0.97617705186477,0.1081666871905326,1023615.4375
supervised_contrastive,1,42,110,0.2537237872070185,0.5316123303501797,0.5344615153433364,0.9765184193060652,0.1005663871765136,993510.0625
supervised_contrastive,1,42,120,0.2282350388875606,0.5337651325580899,0.5368317936565389,0.9766495610724376,0.1065706312656402,970139.875
supervised_contrastive,1,42,130,0.2904672468883897,0.5490938758845183,0.5523011712924244,0.9784948205017586,0.1181882545351982,959913.875
supervised_contrastive,1,42,140,0.2643351396658148,0.544991044141987,0.5484510194915191,0.9783346346133964,0.1073245108127594,936978.9375
supervised_contrastive,1,42,150,0.2436231321870219,0.5573063576946105,0.5608976747487664,0.978209216291032,0.1109340190887451,920459.8125
supervised_contrastive,1,42,160,0.2496834401429274,0.5595820316655504,0.5633710403740197,0.9787880539561826,0.1118111833930015,911508.0625
supervised_contrastive,1,42,170,0.225104750448576,0.5565994364224329,0.5606415817661368,0.9781451143871892,0.1068900376558303,899385.6875
supervised_contrastive,1,42,180,0.2439353622953218,0.5568658149459836,0.5611244993594944,0.9789263063924823,0.1054658666253089,892640.9375
supervised_contrastive,1,42,190,0.2128814183001051,0.558956109437584,0.5634014570701699,0.9787193601860668,0.0982970893383026,880711.5
supervised_contrastive,1,42,200,0.2196099495315319,0.5655055134390208,0.5700974705867288,0.9791161088528748,0.1049928963184356,869025.6875
supervised_contrastive,2,43,10,0.09268690536855,0.2884156895350338,0.2888919646109181,0.8758797051684134,0.0647970959544181,1637581.75
supervised_contrastive,2,43,20,0.1666841002448843,0.393845404221826,0.3946200305188064,0.9353039590398372,0.0828318446874618,1424563.375
supervised_contrastive,2,43,30,0.1828438754372837,0.4170735199704975,0.4181584894868336,0.9506018794043194,0.0972281619906425,1304255.0
supervised_contrastive,2,43,40,0.2383201381779492,0.4551292682300196,0.4564394110760285,0.9630197441042057,0.1036157384514808,1237995.375
supervised_contrastive,2,43,50,0.2126397315536724,0.4732408011542388,0.4747916985418777,0.966066304263758,0.1074681431055069,1170464.0
supervised_contrastive,2,43,60,0.2124318404015229,0.4741596715438216,0.4759912057664585,0.9687248566824505,0.1017966195940971,1140400.625
supervised_contrastive,2,43,70,0.2321981673135654,0.4877885793818693,0.4898467324593473,0.9713183403001892,0.1005260720849037,1106040.375
supervised_contrastive,2,43,80,0.2601376391007519,0.5112835884667145,0.5135045163310111,0.973575691630264,0.1123120859265327,1068167.75
supervised_contrastive,2,43,90,0.298094313844074,0.5177345557571911,0.5201777900578314,0.9758232317277078,0.1198165267705917,1044322.625
supervised_contrastive,2,43,100,0.2246480664746072,0.5128597336951312,0.5155734729428058,0.9749808531820912,0.1061665266752243,1024674.1875
supervised_contrastive,2,43,110,0.2215023043915931,0.5185650268622681,0.5214979744737195,0.975220969388116,0.1075940206646919,1006379.9375
supervised_contrastive,2,43,120,0.2539386418635698,0.5229775423331302,0.5261355354301283,0.976503663722545,0.1015652492642402,993533.0625
supervised_contrastive,2,43,130,0.2242908158448021,0.5223618695210814,0.5257565117333259,0.9767646945439804,0.1024863049387931,982075.1875
supervised_contrastive,2,43,140,0.2062390624004712,0.5283750958519835,0.5319594635952675,0.9768604546253038,0.1007148101925849,961417.875
supervised_contrastive,2,43,150,0.2318648341481264,0.5358612912002477,0.5396360824192494,0.9776989502647144,0.1039099395275116,948755.6875
supervised_contrastive,2,43,160,0.2136245062254832,0.5423364129084759,0.5462712493821773,0.9777363151599104,0.1006329804658889,930366.9375
supervised_contrastive,2,43,170,0.2245581843792902,0.54702043518877,0.5511562599459845,0.978122775630638,0.1067586690187454,920949.9375
supervised_contrastive,2,43,180,0.2118039308563193,0.5468616806417305,0.5512066845459713,0.9783387427670144,0.1010941192507743,909623.25
supervised_contrastive,2,43,190,0.1984026095717367,0.5561778606054352,0.560640083008106,0.9784857665300328,0.0996580347418785,896841.6875
supervised_contrastive,2,43,200,0.2028119383687411,0.554715233907617,0.5594269116163864,0.9786032676817056,0.0982613191008567,889188.4375
supervised_contrastive,3,44,10,0.0767418835634054,0.2829907112451642,0.2834746362702696,0.8693654595765791,0.0660362243652343,1676506.0
supervised_contrastive,3,44,20,0.1900445379993852,0.3736219988194677,0.3744197287054884,0.9392333240800136,0.0912463366985321,1455803.125
supervised_contrastive,3,44,30,0.1977171350330273,0.4100822326978519,0.4111772661919967,0.9521021017610464,0.104648470878601,1328395.25
supervised_contrastive,3,44,40,0.210963512340385,0.4442631153224781,0.4456019642454859,0.9609618870942426,0.1128609105944633,1245300.375
supervised_contrastive,3,44,50,0.1998934124661948,0.4569325621235351,0.4585348657912355,0.9651650982307018,0.1048020049929618,1185041.75
supervised_contrastive,3,44,60,0.2041837098843693,0.4717917098514397,0.4736431925074439,0.9674431722052952,0.1101338267326355,1139832.875
supervised_contrastive,3,44,70,0.2194562048092855,0.4847989674488285,0.4868695630774026,0.9708048719810668,0.0990427732467651,1107092.5
supervised_contrastive,3,44,80,0.2214233126404081,0.4917208372268205,0.494026848206425,0.9724915531828786,0.1137669160962104,1071423.75
supervised_contrastive,3,44,90,0.2287055536490281,0.5035665942404672,0.5060864069533999,0.9735628315759024,0.1060944348573684,1055305.0
supervised_contrastive,3,44,100,0.2368657926208746,0.5096314290701963,0.5123590127788403,0.9753232637571796,0.1086423620581626,1033073.5
supervised_contrastive,3,44,110,0.2436780504364973,0.5187286555533381,0.5216502342801614,0.9763044886105292,0.116248145699501,1009376.8125
supervised_contrastive,3,44,120,0.2363503846626537,0.5192069340853545,0.522369984542516,0.9768492267636916,0.1110466569662094,1000399.8125
supervised_contrastive,3,44,130,0.224726182099319,0.5243249083122047,0.5277046265925904,0.9767599870021868,0.1059654876589775,981213.9375
supervised_contrastive,3,44,140,0.2226700551192736,0.5311564403524219,0.5347328390106457,0.976876773970494,0.0962405726313591,970383.875
supervised_contrastive,3,44,150,0.2328850079668218,0.5367824418050496,0.5405318548978132,0.9778965103210948,0.1132618859410286,947332.25
supervised_contrastive,3,44,160,0.2033429529777713,0.5329256124432599,0.5369417190070817,0.9774930820532084,0.1023670434951782,940517.6875
supervised_contrastive,3,44,170,0.2189372270398855,0.5427365163814145,0.5469030980590678,0.9780925751055728,0.0971723198890686,929145.0
supervised_contrastive,3,44,180,0.219041429405977,0.5409522588348058,0.5453944689299297,0.9777842591713064,0.1056035310029983,924359.625
supervised_contrastive,3,44,190,0.2031856674395141,0.5438792373780768,0.548483728516399,0.978253387496312,0.0990647599101066,906378.0625
supervised_contrastive,3,44,200,0.1790678725285955,0.5478964522691934,0.5526658478137931,0.9780908363927472,0.0918130204081535,897881.25
supervised_contrastive,4,45,10,0.0893307344490469,0.2864838926024653,0.2869693059335558,0.8651319486136942,0.0828991457819938,1648464.875
supervised_contrastive,4,45,20,0.1548054007630318,0.3674255892986804,0.3682399227416755,0.930900883726781,0.0929905027151107,1452654.75
supervised_contrastive,4,45,30,0.1962794714760637,0.4145324044875054,0.415630747296539,0.949133441288502,0.1087642833590507,1319447.25
supervised_contrastive,4,45,40,0.2513123127089191,0.4474893262134216,0.4488235039140494,0.9628103653665948,0.1144375503063201,1247261.625
supervised_contrastive,4,45,50,0.2752178661871207,0.4698944250326196,0.4714580494060696,0.9683754293981192,0.1124890223145484,1199057.75
supervised_contrastive,4,45,60,0.2329982960920567,0.4817025718122024,0.4835058807513877,0.96981571428713,0.104128248989582,1139692.125
supervised_contrastive,4,45,70,0.2188183753939004,0.483026296290069,0.4851099613693957,0.9704966584586644,0.095408871769905,1117840.125
supervised_contrastive,4,45,80,0.2314790823979444,0.4983640951521782,0.5006450959077411,0.972710098339855,0.1005795747041702,1081489.75
supervised_contrastive,4,45,90,0.2302925766113824,0.5056067394176008,0.5081020849475836,0.9742483434926346,0.1059504672884941,1053553.5
supervised_contrastive,4,45,100,0.227456480975485,0.5108646721672514,0.5135933680959122,0.9747823237636726,0.0981019139289856,1042542.75
supervised_contrastive,4,45,110,0.2556615314155707,0.5182292908796532,0.5211702221615673,0.976081225289096,0.1045749112963676,1011710.3125
supervised_contrastive,4,45,120,0.2106219909158554,0.5136987663022649,0.5169002099932519,0.9760743105222072,0.0907740667462349,1001990.5625
supervised_contrastive,4,45,130,0.2201766341854964,0.531414511066586,0.5347310151355126,0.976840573812176,0.1096656769514083,974371.8125
supervised_contrastive,4,45,140,0.2167293295507731,0.5319288810304861,0.535495816875537,0.9767951081091982,0.0993582308292388,960133.0
supervised_contrastive,4,45,150,0.2262909426997464,0.5365131799253823,0.5402741829814718,0.9776519816016084,0.0978091806173324,949120.0
supervised_contrastive,4,45,160,0.1871066548054248,0.5355929500728487,0.5395847522836934,0.9770323627105963,0.0895590856671333,939756.8125
supervised_contrastive,4,45,170,0.2024001026512812,0.5460853097197981,0.550205090419952,0.9779337277314688,0.0974281653761863,921987.5625
supervised_contrastive,4,45,180,0.1986868691079615,0.5448977052378172,0.5492507814459155,0.978217482131571,0.0996979102492332,913344.5
supervised_contrastive,4,45,190,0.1930883355566979,0.5487856652656743,0.553331122935112,0.9781810054318758,0.0955218896269798,903753.5625
supervised_contrastive,4,45,200,0.1991318824014963,0.5494788341523049,0.5542432860496812,0.9784101769494938,0.0957933440804481,901922.9375
supervised_contrastive,5,46,10,0.0773621420489943,0.2683581402252205,0.268844751703966,0.8829611277342753,0.0625846832990646,1619285.625
supervised_contrastive,5,46,20,0.1316550432301819,0.3742532253135328,0.375056280569709,0.931068157161704,0.0895486697554588,1409741.0
supervised_contrastive,5,46,30,0.1764326926491306,0.4173256056455741,0.4184074954886905,0.9514294321159856,0.1007781103253364,1303115.5
supervised_contrastive,5,46,40,0.1895243576397254,0.4532011317592989,0.4545245277739628,0.9587021388570416,0.1062492951750755,1230915.75
supervised_contrastive,5,46,50,0.2325073492362401,0.4670193486636277,0.4685896258807931,0.9670646143504495,0.1085752919316291,1183812.75
supervised_contrastive,5,46,60,0.2145156235709396,0.4801204730278488,0.4819305694226115,0.9689672401521588,0.1090296283364296,1133676.875
supervised_contrastive,5,46,70,0.2154467836372799,0.4956310931529452,0.4976511127514513,0.9708178122042572,0.1203109100461006,1078457.75
supervised_contrastive,5,46,80,0.2044955341609955,0.5004457287109148,0.5027211478305667,0.9713420247897144,0.1145379915833473,1056149.875
supervised_contrastive,5,46,90,0.2239482378787549,0.5134734631325126,0.5159268196534265,0.9742478802623524,0.1175046041607856,1027803.3125
supervised_contrastive,5,46,100,0.2282629363459223,0.5211566670184649,0.5238248899745175,0.9747690957308656,0.1139213964343071,1004124.75
supervised_contrastive,5,46,110,0.2304637041454108,0.5243744421058192,0.5272643674782069,0.9759690055964764,0.1115011200308799,992141.5625
supervised_contrastive,5,46,120,0.2430314532175706,0.5361311485549037,0.5391924615644368,0.976380295867632,0.1147555410861969,974566.8125
supervised_contrastive,5,46,130,0.2210935046432941,0.5359610011980186,0.5392597577332868,0.976457964027532,0.1053647547960281,957927.9375
supervised_contrastive,5,46,140,0.2078285811922001,0.5386430615678182,0.5421343514168923,0.97719938079078,0.1080738678574562,936032.8125
supervised_contrastive,5,46,150,0.1975540449973236,0.5388304800836635,0.5425553773954195,0.9770718746162328,0.1075649634003639,933075.875
supervised_contrastive,5,46,160,0.1812783802712464,0.5445090685147121,0.5484271342950524,0.97659686444629,0.107936792075634,911982.625
supervised_contrastive,5,46,170,0.1890010604374446,0.5503630983939981,0.5544553089205762,0.9772439428631164,0.1058178097009658,903082.0625
supervised_contrastive,5,46,180,0.1977114230714673,0.555556461220182,0.5598189663683247,0.9779637972632504,0.1065195053815841,893606.375
supervised_contrastive,5,46,190,0.1908065105088998,0.5560435212785554,0.5605070055783952,0.9782254775343628,0.1091611832380294,876034.625
supervised_contrastive,5,46,200,0.1907123902925542,0.5571752365804198,0.5618437100153765,0.978501294633533,0.1027989760041236,869992.8125
supervised_contrastive,6,47,10,0.0967777373226028,0.2802572768888485,0.2807379542945946,0.8832130427260454,0.0613598711788654,1602983.125
supervised_contrastive,6,47,20,0.1840904442085718,0.381007556332421,0.3817934611435921,0.9403859602184104,0.0828038677573204,1403829.125
supervised_contrastive,6,47,30,0.2272435891663061,0.4263854545846832,0.427445879646766,0.9552794070684176,0.1055321544408798,1282858.25
supervised_contrastive,6,47,40,0.2633945746565271,0.4497458420604685,0.4510651762230129,0.964710132145982,0.1102470234036445,1211640.75
supervised_contrastive,6,47,50,0.2697536147580086,0.4719500352478187,0.4735121406440012,0.967567449148903,0.1059813573956489,1156365.875
supervised_contrastive,6,47,60,0.245769230087489,0.4839491905668694,0.4857476930276848,0.9698579018127532,0.1000435277819633,1125204.125
supervised_contrastive,6,47,70,0.2102150992812451,0.4860235265267076,0.488090867462519,0.9702496182716176,0.1010723635554313,1086796.625
supervised_contrastive,6,47,80,0.2578985512570941,0.5028213264644579,0.5050666318511975,0.9745377473302348,0.1035530641674995,1051105.125
supervised_contrastive,6,47,90,0.242946481758235,0.5101113277896047,0.5125875052034842,0.9745801474265005,0.1060123667120933,1028293.375
supervised_contrastive,6,47,100,0.2236365110930343,0.5060546484790747,0.5087953428778736,0.9752193826791457,0.1032027378678321,1009223.0625
supervised_contrastive,6,47,110,0.2177693720498774,0.5173117587704428,0.5202422594753686,0.9756077728358826,0.1074887439608573,979072.3125
supervised_contrastive,6,47,120,0.2331622328571944,0.5248774441635009,0.5280045246651699,0.976655396964086,0.1085091084241867,965713.75
supervised_contrastive,6,47,130,0.2153638516277777,0.5295821094804526,0.5329272469864346,0.9762665531433328,0.1034051999449729,956915.0625
supervised_contrastive,6,47,140,0.2307113237816755,0.5321385544110749,0.535694998763587,0.9775130494322384,0.0994679108262062,941774.6875
supervised_contrastive,6,47,150,0.2244260116879708,0.5405163665996983,0.5442380539601362,0.9776157814432904,0.1001955941319465,924666.6875
supervised_contrastive,6,47,160,0.2139316612340654,0.5423452401242953,0.546288058466586,0.9776802287304106,0.1006060093641281,915623.3125
supervised_contrastive,6,47,170,0.2081683234288019,0.5489368031117253,0.5530346167244429,0.977972284947254,0.0990525782108306,905172.0625
supervised_contrastive,6,47,180,0.2076219339370399,0.5536319092422718,0.557905777826685,0.9783323208682252,0.1033548936247825,885310.75
supervised_contrastive,6,47,190,0.2031821206256739,0.553455079389602,0.5579523954650659,0.9784302317160686,0.1060052588582038,880988.875
supervised_contrastive,6,47,200,0.1970797354238572,0.5515641589727303,0.5563040455926861,0.9784227473161992,0.0983273610472679,873647.0
supervised_contrastive,7,48,10,0.0834086539443402,0.2841177725626977,0.2845978493751888,0.8741892367817422,0.0699556767940521,1633199.125
supervised_contrastive,7,48,20,0.1687639890993461,0.3706208123005369,0.371426264183741,0.9349138907957504,0.0811478793621063,1449480.0
supervised_contrastive,7,48,30,0.1669879448257629,0.4138161616116252,0.4149135745055957,0.9475171643403444,0.0957451835274696,1327095.125
supervised_contrastive,7,48,40,0.2519325832635604,0.4593369157076504,0.4606373948624971,0.963186124883283,0.1063967198133468,1233860.25
supervised_contrastive,7,48,50,0.2144708514415928,0.4742837566183617,0.4758393209208529,0.9647855456602792,0.1044736579060554,1170183.625
supervised_contrastive,7,48,60,0.2614748021878347,0.4917453992165395,0.4935161760082134,0.9706785810744089,0.1125322729349136,1140997.375
supervised_contrastive,7,48,70,0.2408829579181825,0.49966858860031,0.5016778705235584,0.9717198355954964,0.1113172471523284,1090828.875
supervised_contrastive,7,48,80,0.2234671173580625,0.5094135022947437,0.5116402503896681,0.9725104973822892,0.1075270771980285,1062636.25
supervised_contrastive,7,48,90,0.2310492248284846,0.5080431711909122,0.5105248266970717,0.9744952146560892,0.1037935689091682,1048413.125
supervised_contrastive,7,48,100,0.2371360482815141,0.5181279273422928,0.5208069771602,0.9754979471159516,0.1063132807612419,1024670.1875
supervised_contrastive,7,48,110,0.232748505621499,0.5270069628562255,0.529887797366583,0.9758454885547678,0.1123425513505935,995704.5625
supervised_contrastive,7,48,120,0.2055220735930026,0.5269275358196588,0.5300447668358528,0.9756757435019436,0.0948727056384086,982854.0
supervised_contrastive,7,48,130,0.2339266175505734,0.5365532634241261,0.5398397364463506,0.977262339789959,0.104469433426857,973265.5625
supervised_contrastive,7,48,140,0.2101119375168142,0.5345247412909954,0.5380570528287741,0.976959711558254,0.1067622825503349,955457.6875
supervised_contrastive,7,48,150,0.2022073496651573,0.5402133417601421,0.5439359858278363,0.9770438478636764,0.104354441165924,937366.3125
supervised_contrastive,7,48,160,0.2114906370053083,0.5443419963249088,0.5482500828603671,0.9779113426694962,0.1107750385999679,920968.3125
supervised_contrastive,7,48,170,0.1874481549921762,0.5454526396649473,0.5495907116855293,0.9773136386849024,0.1002459377050399,917309.4375
supervised_contrastive,7,48,180,0.2070821683308353,0.5517597592617676,0.5560695529401509,0.9780713211518256,0.104968674480915,905538.5625
supervised_contrastive,7,48,190,0.2090237037471126,0.55276005746086,0.5572699024260216,0.9785435375613336,0.1065542697906494,894499.625
supervised_contrastive,7,48,200,0.2037849027900566,0.5528473344282574,0.5575819890376603,0.9785446023512746,0.1005061715841293,882661.5625
supervised_contrastive,8,49,10,0.1066858348247458,0.2832311791120451,0.28370746214905,0.888656849056564,0.0693572387099266,1604760.75
supervised_contrastive,8,49,20,0.1625741644235666,0.3766037551108099,0.377402057068455,0.9346109834403636,0.0900787860155105,1427251.375
supervised_contrastive,8,49,30,0.2116938093658733,0.4114503879793371,0.4125423243935396,0.9537575625447432,0.1005801707506179,1306840.875
supervised_contrastive,8,49,40,0.2200803532962145,0.4461769251891229,0.4475097697379796,0.961545318503706,0.102909155189991,1229243.375
supervised_contrastive,8,49,50,0.2615967985402314,0.4758059529555927,0.4773553798357697,0.9674175299765392,0.1115491241216659,1172677.5
supervised_contrastive,8,49,60,0.228451594796696,0.4806814346504671,0.4824909515730774,0.969439861337956,0.1002715304493904,1130667.75
supervised_contrastive,8,49,70,0.2352743306560443,0.4879804473465027,0.490037329326098,0.9714227280381782,0.100638248026371,1097715.625
supervised_contrastive,8,49,80,0.2415659998223609,0.5033975178175897,0.5056423471940503,0.9737683698979602,0.1060756072402,1061980.25
supervised_contrastive,8,49,90,0.2423665977228104,0.5123952482019609,0.5148686861305287,0.974040424872366,0.1065828502178192,1039941.9375
supervised_contrastive,8,49,100,0.2175426456286006,0.5199295718045471,0.5226054903911457,0.9745423958311488,0.0985605865716934,1015826.875
supervised_contrastive,8,49,110,0.2729091956095167,0.5223115771117081,0.5252262034962427,0.9766685481733228,0.1032540872693061,1004348.125
supervised_contrastive,8,49,120,0.2095928335237732,0.5241915886371855,0.5273251352718658,0.9757409207597022,0.1008832678198814,980810.4375
supervised_contrastive,8,49,130,0.2088299016680463,0.5311963171333681,0.5345224029888961,0.9764276488246548,0.0934908092021942,969870.1875
supervised_contrastive,8,49,140,0.2257921214806163,0.5355945682361279,0.539119414129345,0.9775359501335444,0.1021401956677436,956813.125
supervised_contrastive,8,49,150,0.205724764696712,0.5394839187803826,0.543203593515647,0.9773926718863748,0.1061573699116706,935699.5
supervised_contrastive,8,49,160,0.225064132905628,0.5425879326396709,0.5465242552192342,0.9780241442610448,0.1014273092150688,928626.5625
supervised_contrastive,8,49,170,0.2094628330940111,0.5481684370434728,0.5522547148629523,0.9784621069832252,0.1053600832819938,906679.6875
supervised_contrastive,8,49,180,0.2359480302546662,0.5569428804501771,0.5612008087896133,0.97882635012442,0.1083308607339859,905241.4375
supervised_contrastive,8,49,190,0.2087045136600704,0.5573061791178385,0.5617674786153453,0.978553774580826,0.1023235246539115,895835.6875
supervised_contrastive,8,49,200,0.2069024722153977,0.5578602868105176,0.5625479189832285,0.9784229999125672,0.1016905009746551,880906.875
supervised_contrastive,9,50,10,0.098486064661072,0.2826121580119173,0.2830902406832766,0.8833727477775015,0.0694777816534042,1644338.375
supervised_contrastive,9,50,20,0.1879655213581186,0.3983487140569849,0.3991165890912169,0.9377180054515888,0.0976341515779495,1413982.25
supervised_contrastive,9,50,30,0.2091758187459813,0.4298937341870921,0.4309563375781967,0.951646617102556,0.1043448746204376,1308545.875
supervised_contrastive,9,50,40,0.2385749893643369,0.4427072697734682,0.444047296499413,0.9627973867609636,0.1018393486738205,1234910.25
supervised_contrastive,9,50,50,0.2319795838868593,0.4654507591698654,0.4670265600256895,0.9668909345692552,0.1045590564608573,1170705.375
supervised_contrastive,9,50,60,0.2508200754705553,0.4806258084564512,0.4824401026321826,0.969977392102136,0.1038974374532699,1141129.75
supervised_contrastive,9,50,70,0.240506018260508,0.483585106812794,0.4856632684504372,0.9715239513962936,0.1037848740816116,1105366.125
supervised_contrastive,9,50,80,0.2316516391720828,0.4923797953756388,0.4946659336916708,0.9728337094009366,0.1106260493397712,1061717.75
supervised_contrastive,9,50,90,0.2390509775510541,0.50985201503524,0.5123313892050383,0.9743074491060472,0.1132106184959411,1029914.5625
supervised_contrastive,9,50,100,0.2369030534405197,0.5165731139238716,0.5192698947901856,0.9749811770852872,0.1140968352556228,1007962.0625
supervised_contrastive,9,50,110,0.2272990001955921,0.5195352313193128,0.5224583959600215,0.9756117815707628,0.1083492562174797,992152.9375
supervised_contrastive,9,50,120,0.2316357735332934,0.5269734515923854,0.5300904824767768,0.9763277466089284,0.1175014376640319,969475.25
supervised_contrastive,9,50,130,0.2433589608248402,0.5331260678045256,0.5364398462926054,0.9772170617149064,0.1081325933337211,954440.875
supervised_contrastive,9,50,140,0.2384519908821696,0.5328737695002169,0.5364383298822036,0.9772667698513556,0.1070095971226692,949909.125
supervised_contrastive,9,50,150,0.2073554278755752,0.5292138892650359,0.5330369788682141,0.9770181597403202,0.1081521734595298,928797.8125
supervised_contrastive,9,50,160,0.2146485659818775,0.5387502310946641,0.5427345009082117,0.9774619349960274,0.0980809777975082,925426.4375
supervised_contrastive,9,50,170,0.2180826048707486,0.542469270279981,0.5466420297877215,0.9779326736815684,0.0978651568293571,909407.125
supervised_contrastive,9,50,180,0.205494173813222,0.5475282677952175,0.5518697282387073,0.978089631101945,0.0992716699838638,893091.3125
supervised_contrastive,9,50,190,0.1969783036109592,0.5463289822089675,0.5508937026452696,0.9783502764556884,0.0973092913627624,888313.375
supervised_contrastive,9,50,200,0.1944318575867064,0.5527778486605909,0.5574899189469465,0.9786602343837252,0.0906373411417007,876114.875
supervised_contrastive,10,51,10,0.1008221016068261,0.2859185945205985,0.2863973416642196,0.8774392708866683,0.0626827999949455,1665527.625
supervised_contrastive,10,51,20,0.1417035405376806,0.3664170202885324,0.3672378681912835,0.9272454754111764,0.0902603268623352,1444556.0
supervised_contrastive,10,51,30,0.2256689260635565,0.4438183663199421,0.4448468027837961,0.955359337444769,0.1083295866847038,1302097.125
supervised_contrastive,10,51,40,0.2565081124850923,0.4702314668406002,0.4715059397273402,0.9635177923658116,0.1227859854698181,1223905.125
supervised_contrastive,10,51,50,0.2770850159609893,0.4834081177046351,0.4849334770696719,0.968262252022522,0.1223268583416938,1175277.25
supervised_contrastive,10,51,60,0.2728480798198486,0.4960252199517392,0.497781865301616,0.9708068863549384,0.1137029156088829,1133530.75
supervised_contrastive,10,51,70,0.300331170236992,0.5123805658575676,0.5143331570407471,0.9740822482343126,0.1189923360943794,1088777.0
supervised_contrastive,10,51,80,0.2343340294097206,0.5054649703009582,0.5077055989826499,0.973248890794723,0.096762828528881,1068794.625
supervised_contrastive,10,51,90,0.236195584996751,0.5092212070971978,0.5117087362344214,0.9739641265078266,0.1017434895038604,1043718.125
supervised_contrastive,10,51,100,0.2179711468560372,0.520549260620379,0.5232307164214809,0.9738865419207026,0.1008182987570762,1018275.625
supervised_contrastive,10,51,110,0.222013510558662,0.5252681227224408,0.5281503141910417,0.975594845172084,0.0985881015658378,1005246.1875
supervised_contrastive,10,51,120,0.2207341836932689,0.5281400471409491,0.5312486003963411,0.9760794923864562,0.097620315849781,983803.8125
supervised_contrastive,10,51,130,0.2329789683562511,0.5326707087030309,0.535987204758573,0.9769781444612988,0.1011546850204467,972830.6875
supervised_contrastive,10,51,140,0.2190088239439918,0.5394970610920254,0.5429824714441385,0.9774495730917524,0.0938567295670509,956473.375
supervised_contrastive,10,51,150,0.250031896648454,0.5451127414530781,0.5488096178642218,0.978003143549242,0.1009552851319313,948036.1875
supervised_contrastive,10,51,160,0.2383935893461603,0.5466532698168654,0.5505599917142707,0.9781769491004216,0.1005898341536521,931826.25
supervised_contrastive,10,51,170,0.1864878913747998,0.5459166616218006,0.5500382631300693,0.977534593543152,0.0956636220216751,913688.3125
supervised_contrastive,10,51,180,0.1925132276749077,0.5455643232898196,0.5499281617525513,0.9776153033060664,0.0932092443108558,906895.8125
supervised_contrastive,10,51,190,0.1917098797824777,0.5566729901288548,0.5611364791511927,0.9780297488016512,0.0967135354876518,889651.5625
supervised_contrastive,10,51,200,0.201708039466092,0.5565517029066078,0.561241755021026,0.9785856368190806,0.0944701433181762,883401.375
supervised_contrastive,11,52,10,0.0943961111885345,0.3038329130485599,0.3043012644419581,0.8715999206519451,0.0730609223246574,1620860.0
supervised_contrastive,11,52,20,0.1613900904863258,0.3782618918744284,0.379054983253062,0.9363014254170984,0.0953350216150283,1409066.375
supervised_contrastive,11,52,30,0.1839024433290595,0.4289146194927928,0.4299838373732526,0.9480455905430986,0.0967593416571617,1303212.25
supervised_contrastive,11,52,40,0.2110523046738661,0.438457157181511,0.4398101779974767,0.9608323131390638,0.0973391383886337,1232133.0
supervised_contrastive,11,52,50,0.1767208482536462,0.4469069171571972,0.4485521124906083,0.9626507749929506,0.0904450714588165,1183877.0
supervised_contrastive,11,52,60,0.2010673894114859,0.4679927690329877,0.4698549190962504,0.9676248626483552,0.0992603674530983,1133448.875
supervised_contrastive,11,52,70,0.2442790676628743,0.4896381432532129,0.4916996115184223,0.9707977535642252,0.1079099625349044,1098866.5
supervised_contrastive,11,52,80,0.2392382386431406,0.5014750393409573,0.5037370485558516,0.9733051877994476,0.1132581532001495,1053514.875
supervised_contrastive,11,52,90,0.2074509595997209,0.499368924558944,0.5019046111569496,0.973135298430994,0.1085407435894012,1029661.875
supervised_contrastive,11,52,100,0.2147727299514832,0.5117702819545915,0.5144950527959156,0.9742458982259808,0.10270706564188,1011661.625
supervised_contrastive,11,52,110,0.2157866290310263,0.5153675731146803,0.5183231563242198,0.9752698564103028,0.1121526882052421,985576.8125
supervised_contrastive,11,52,120,0.211482348751442,0.5248534655668633,0.5279854681155843,0.9759993037209284,0.1092702969908714,968038.25
supervised_contrastive,11,52,130,0.2101334683878166,0.5305058490643731,0.5338341625479004,0.9765029742471424,0.1064130216836929,953544.25
supervised_contrastive,11,52,140,0.2051498811612166,0.5236648932231114,0.5272804759861068,0.9768700351524696,0.0980611965060234,951324.3125
supervised_contrastive,11,52,150,0.209017321728782,0.5388865095227077,0.5426162632210214,0.977397898940959,0.1056769266724586,929378.125
supervised_contrastive,11,52,160,0.2265939027728,0.5448152974426439,0.5487407069282485,0.9777986198969352,0.1115363761782646,920816.875
supervised_contrastive,11,52,170,0.2093212197862648,0.5439836247987309,0.5481283137786361,0.9780440661562956,0.1044239997863769,904869.4375
supervised_contrastive,11,52,180,0.1878278080032643,0.5462445686584336,0.5505658605257507,0.9782647250471928,0.0967681407928466,891447.4375
supervised_contrastive,11,52,190,0.2042796272998619,0.5493174714856378,0.5538647534980565,0.978262957987702,0.1028194352984428,884344.8125
supervised_contrastive,11,52,200,0.1921064024024598,0.5528960126368178,0.5576130962562953,0.9784034209356663,0.0995534062385559,872705.5
supervised_contrastive,12,53,10,0.0985888551954664,0.2711895972228245,0.2716755931691655,0.8837371335910408,0.0647205859422683,1620312.25
supervised_contrastive,12,53,20,0.166713462054304,0.3736173279276809,0.374423296783106,0.933056643133408,0.0845336765050888,1410494.875
supervised_contrastive,12,53,30,0.2285818578444068,0.4232874087300831,0.4243584002604437,0.9537087485900468,0.1014478057622909,1306421.25
supervised_contrastive,12,53,40,0.1903795074180927,0.4380703005820875,0.4394373421922675,0.9570279668095718,0.0945367291569709,1233899.0
supervised_contrastive,12,53,50,0.2035646945026683,0.4610685146025642,0.4626579871944356,0.9648984773060916,0.106672964990139,1170200.0
supervised_contrastive,12,53,60,0.1898152415721961,0.4702031512311146,0.47205838264784,0.9665989177912504,0.0989370569586753,1127900.375
supervised_contrastive,12,53,70,0.2323754427261147,0.4918420472034014,0.4938939449454526,0.9706948728945766,0.1117836907505989,1088871.25
supervised_contrastive,12,53,80,0.2261041906664014,0.4955610392905795,0.4978415134672402,0.9732277286888652,0.0985989049077034,1065486.625
supervised_contrastive,12,53,90,0.2241564717652051,0.4913775922591249,0.4939600041277512,0.9733178471969828,0.0935168713331222,1046577.5
supervised_contrastive,12,53,100,0.2256254193853782,0.5103187874476909,0.5130452862208925,0.9749216117042284,0.0994607806205749,1017178.4375
supervised_contrastive,12,53,110,0.2347760191640142,0.5236555096399781,0.5265637873134941,0.9756045049877476,0.1113375276327133,991766.0
supervised_contrastive,12,53,120,0.2197742378011795,0.5197812308970667,0.5229393400656183,0.976254682933382,0.1017179042100906,975714.0
supervised_contrastive,12,53,130,0.2085216287169597,0.5271154615470692,0.5304717436115903,0.9762334057975796,0.0987997278571128,956603.875
supervised_contrastive,12,53,140,0.1961656520607923,0.5306018066271788,0.5341617680496675,0.9767491157920916,0.0955278649926185,940496.6875
supervised_contrastive,12,53,150,0.2217516881181131,0.5335072231978961,0.5372860330340016,0.977736640530325,0.1048640832304954,940644.375
supervised_contrastive,12,53,160,0.2057078627000931,0.5394040548975978,0.5433726621587226,0.9774598582947064,0.1095454692840576,916518.5
supervised_contrastive,12,53,170,0.2054994144890311,0.5434048419430287,0.547558384259248,0.9778927202017978,0.1006060317158699,908443.875
supervised_contrastive,12,53,180,0.182539690329254,0.5367743860438071,0.5412071365119,0.977738461407397,0.0985314548015594,896020.75
supervised_contrastive,12,53,190,0.2067807680094073,0.551157082223343,0.5556826532083989,0.978415852620862,0.1043134629726409,891187.5625
supervised_contrastive,12,53,200,0.1987466686589272,0.5524496264591244,0.5571811849554942,0.9785475628464404,0.0946397185325622,877786.125
supervised_contrastive,13,54,10,0.094457187133562,0.2998395455287823,0.3003079913802106,0.8791761205207741,0.0755856335163116,1641353.875
supervised_contrastive,13,54,20,0.1446723958795899,0.3721991396244011,0.3730120407875933,0.9257035618595616,0.088393360376358,1448638.125
supervised_contrastive,13,54,30,0.1760497515336803,0.4075764403620179,0.4086744996952048,0.951403778442924,0.0970727875828743,1322085.0
supervised_contrastive,13,54,40,0.1990648040052864,0.4409811596112354,0.4423362846683641,0.9584679442869246,0.1143454611301422,1231323.0
supervised_contrastive,13,54,50,0.1968217262317992,0.4659155272030054,0.4674966588318174,0.9639895252387308,0.1096091344952583,1171260.0
supervised_contrastive,13,54,60,0.2127046844018547,0.4776638906288806,0.4794849349614075,0.9687320228719324,0.1100837439298629,1127617.875
supervised_contrastive,13,54,70,0.2335005388881145,0.492048951004397,0.4941013526554336,0.9704685306440854,0.1177921295166015,1095783.5
supervised_contrastive,13,54,80,0.2157165706742615,0.492892117667327,0.4951981887487373,0.9720124044585468,0.1004197522997856,1072262.125
supervised_contrastive,13,54,90,0.2773399455007238,0.512276590131486,0.5147469308181971,0.975248686440153,0.1167684346437454,1045945.375
supervised_contrastive,13,54,100,0.2303157874565754,0.5090898952689094,0.5118230880903999,0.9749224738419254,0.1005521044135093,1033900.125
supervised_contrastive,13,54,110,0.2112514311764926,0.5183997195409886,0.5213389140146305,0.9745813278919624,0.1023346036672592,1008099.5
supervised_contrastive,13,54,120,0.2025258612268285,0.5208895106575601,0.5240479436127933,0.9754689213048512,0.1037660017609596,992463.5
supervised_contrastive,13,54,130,0.2303535422346843,0.527486701953042,0.5308439110642187,0.9768148093347596,0.1057965233922004,973189.3125
supervised_contrastive,13,54,140,0.2732257975168105,0.54215145632657,0.545646647329363,0.9780930743120568,0.1093747168779373,960208.3125
supervised_contrastive,13,54,150,0.2322465311722299,0.5404771941714934,0.5442081466117827,0.9775794734150546,0.1054777204990387,939682.1875
supervised_contrastive,13,54,160,0.1957887371037834,0.5421974248500008,0.5461301707285653,0.9772900590721684,0.1015564277768135,926623.6875
supervised_contrastive,13,54,170,0.1803828675096689,0.5371423111478876,0.5413659875209333,0.9768507302520184,0.0941285192966461,918892.5
supervised_contrastive,13,54,180,0.2045494791716526,0.5459022735122806,0.5502588497986489,0.9781105672561258,0.1009865775704383,911246.4375
supervised_contrastive,13,54,190,0.1919365959576141,0.5499053308507003,0.5544448594391403,0.9780724938116844,0.1049816384911537,894233.6875
supervised_contrastive,13,54,200,0.2303853476021458,0.5591116926381011,0.5637787355900474,0.9791239045965484,0.1080975458025932,879862.4375
supervised_contrastive,14,55,10,0.0890114814899111,0.301306255263601,0.3017746400487867,0.8742966584932087,0.0676872506737709,1578887.75
supervised_contrastive,14,55,20,0.1492021578081228,0.3671888184419793,0.3680012030136247,0.9327624188368644,0.0857118070125579,1395187.375
supervised_contrastive,14,55,30,0.1747461945643885,0.4182904939070273,0.4193740248401909,0.9500215853779062,0.0857031494379043,1291857.125
supervised_contrastive,14,55,40,0.228668378357421,0.4494159600578197,0.4507498983425748,0.9604078653789756,0.1047463864088058,1216617.125
supervised_contrastive,14,55,50,0.2277222759301355,0.4729433351286979,0.4745045293143796,0.9655753198971476,0.1068465784192085,1152413.625
supervised_contrastive,14,55,60,0.2349643965789015,0.4789990094186164,0.4808166052809742,0.9693980501245804,0.1083148568868637,1111779.25
supervised_contrastive,14,55,70,0.2751277886327622,0.4968997639484418,0.4989199691946527,0.9729446508526414,0.1063940897583961,1079562.5
supervised_contrastive,14,55,80,0.2451588967794143,0.5019266934799884,0.5041930452146169,0.9727942663372008,0.1098170429468154,1043999.375
supervised_contrastive,14,55,90,0.2141174620744453,0.5104628027053804,0.5129430247566747,0.9729925379359528,0.0950987264513969,1038437.0625
supervised_contrastive,14,55,100,0.2243864380380562,0.5159422028440205,0.5186384610326543,0.9749978487390272,0.0958657637238502,1000616.0625
supervised_contrastive,14,55,110,0.2208261574089063,0.5264162431547115,0.5292943943871866,0.97552622065469,0.1000613272190094,980793.625
supervised_contrastive,14,55,120,0.249124915713903,0.5338367406170459,0.5369168075034362,0.976684139367226,0.0947950109839439,980004.3125
supervised_contrastive,14,55,130,0.2059651280847673,0.5268696376610987,0.5302263772083916,0.9763258293062448,0.0985395759344101,952797.5
supervised_contrastive,14,55,140,0.1956480993864903,0.5300771522561614,0.533647554833372,0.9765968365104464,0.0920193716883659,950332.1875
supervised_contrastive,14,55,150,0.2231984272897371,0.545666933046444,0.5493561734837855,0.9774143305577228,0.0982146337628364,925448.6875
supervised_contrastive,14,55,160,0.2259889134275052,0.5487841364728492,0.5526712818181198,0.9779331548119184,0.1128510013222694,911364.8125
supervised_contrastive,14,55,170,0.2165638304901535,0.5493426443297906,0.5534365286652771,0.9783608207107728,0.1035413071513176,901738.25
supervised_contrastive,14,55,180,0.200473747810762,0.549665564784567,0.5539696947832844,0.9782926743306024,0.0973449796438217,893346.0
supervised_contrastive,14,55,190,0.2037826842585307,0.5590554482534602,0.5634960616035155,0.9784958155107794,0.0984203368425369,878956.125
supervised_contrastive,14,55,200,0.1903000679939001,0.5568234103490657,0.5615060270049044,0.9784129346163492,0.0968777388334274,871954.625
supervised_contrastive,15,56,10,0.0938845420567525,0.2892095053316365,0.2896819778126305,0.886481604281588,0.0658040270209312,1638954.625
supervised_contrastive,15,56,20,0.1791702850945227,0.3843602570547834,0.3851436442855426,0.93912033579956,0.0844187065958976,1443163.625
supervised_contrastive,15,56,30,0.2105407171000388,0.415470779725825,0.4165519488919144,0.9547289415977896,0.0966105684638023,1324716.875
supervised_contrastive,15,56,40,0.2293007106712191,0.4584974619537765,0.4597979859622101,0.962472459094168,0.0967939794063568,1244552.375
supervised_contrastive,15,56,50,0.2432973067756839,0.4642942170145807,0.4658675609785981,0.9679355945049016,0.1013530641794204,1192976.625
supervised_contrastive,15,56,60,0.2266165796354068,0.4883522731776284,0.490135836069096,0.9691795532684432,0.0989516004920005,1140893.875
supervised_contrastive,15,56,70,0.2413865531303545,0.4987697821709971,0.5007883159133452,0.9711723358433326,0.1038583219051361,1100535.875
supervised_contrastive,15,56,80,0.259927375608451,0.5090607928677113,0.5112808483735843,0.9742611686271916,0.1035856902599334,1075811.0
supervised_contrastive,15,56,90,0.1994629223214915,0.5057135350520074,0.5082081511019457,0.9731035814473888,0.099164642393589,1048408.0625
supervised_contrastive,15,56,100,0.2362738707950617,0.5193603110343806,0.5220247138876509,0.9758511090587136,0.0975716710090637,1033360.0625
supervised_contrastive,15,56,110,0.2375891529934534,0.524174638247571,0.5270648680791082,0.9761028303189292,0.1006773710250854,1014164.75
supervised_contrastive,15,56,120,0.2426260223227145,0.5209521276801412,0.5241179405601898,0.976391333166882,0.0991723909974098,996110.375
supervised_contrastive,15,56,130,0.239092999354409,0.5334320312096021,0.5367467177864264,0.9770744285744464,0.104270614683628,970197.8125
supervised_contrastive,15,56,140,0.2363256070117137,0.5407449973179616,0.5442287164940369,0.977762287571558,0.0988752171397209,959092.6875
supervised_contrastive,15,56,150,0.2051484484540481,0.5418729706855664,0.5455684924816727,0.9775012556350364,0.0984012112021446,943701.3125
supervised_contrastive,15,56,160,0.2072915833170761,0.5438168179078141,0.5477214147356058,0.978022124135676,0.0946383699774742,938872.25
supervised_contrastive,15,56,170,0.2241293173620728,0.5466980736926396,0.5508188450585473,0.9782923576461224,0.0984881222248077,925592.4375
supervised_contrastive,15,56,180,0.1964754510326471,0.5467344770434733,0.551065248275253,0.9782285429650086,0.0985041856765747,907383.0625
supervised_contrastive,15,56,190,0.209611472506148,0.5521796099672609,0.5566993013184812,0.9784896005485128,0.0946315303444862,903093.8125
supervised_contrastive,15,56,200,0.1915600256289541,0.5555965163290929,0.5602896686215866,0.978362749457762,0.1006237268447876,893539.5
supervised_contrastive,16,57,10,0.0994941839885386,0.2890921442772575,0.2895653403998678,0.8863060692904048,0.0563077330589294,1618725.125
supervised_contrastive,16,57,20,0.1621936790601605,0.3892943264601644,0.390078736502225,0.9328166917253856,0.0873246788978576,1408755.25
supervised_contrastive,16,57,30,0.2085834628251029,0.4347927992932102,0.435841842189441,0.9528084921409208,0.1051765531301498,1290351.5
supervised_contrastive,16,57,40,0.2039172299998107,0.4439448599422669,0.4452964893347548,0.958450224686914,0.1111641228199005,1217796.0
supervised_contrastive,16,57,50,0.2196689363300232,0.4601784922218139,0.4617779478545792,0.9651423920239042,0.1021206974983215,1175003.0
supervised_contrastive,16,57,60,0.2335728138075959,0.4824564568307195,0.4842757601458639,0.9681941987813938,0.1056908965110778,1129995.75
supervised_contrastive,16,57,70,0.2764342365326437,0.4967717562848033,0.4987918376146095,0.972951294653584,0.1147974953055381,1095503.25
supervised_contrastive,16,57,80,0.2445002183841052,0.5076292208624121,0.5098629064132565,0.9733556229134094,0.1015473529696464,1057171.875
supervised_contrastive,16,57,90,0.2547344782939271,0.5107224401195638,0.5131974894844177,0.974795066147096,0.1082771569490432,1039608.4375
supervised_contrastive,16,57,100,0.227812646348597,0.5128640975901688,0.5155806002503133,0.9747076452672456,0.1008262783288955,1008246.125
supervised_contrastive,16,57,110,0.2262560375067575,0.5213080161650641,0.524227260109128,0.9753410512013824,0.1046386361122131,991981.875
supervised_contrastive,16,57,120,0.2415091297285342,0.5284373653239457,0.5315392052466177,0.9770294604933564,0.1165132820606231,965203.375
supervised_contrastive,16,57,130,0.2372718443477799,0.5305331883727554,0.5338749436458615,0.976863714785213,0.1045606434345245,959140.75
supervised_contrastive,16,57,140,0.2102177175976476,0.5303250150033652,0.5338830670780268,0.9771875755492724,0.1047212854027748,938971.5625
supervised_contrastive,16,57,150,0.2040034855987237,0.537096949428592,0.5408468553710062,0.9769269392922848,0.1041593253612518,929528.8125
supervised_contrastive,16,57,160,0.2189415832386346,0.5440778621896931,0.5479990361342667,0.9778378340745568,0.1055766865611076,917163.0625
supervised_contrastive,16,57,170,0.21286400406165,0.5460408794289277,0.5501770624929788,0.977912547549477,0.1100560054183006,905893.125
supervised_contrastive,16,57,180,0.2062437275764594,0.5462577319239423,0.5506267489798539,0.9778207949118816,0.099287137389183,899895.875
supervised_contrastive,16,57,190,0.216747168852265,0.5523290058123748,0.5568634740927304,0.9783720739846126,0.1031112819910049,886038.3125
supervised_contrastive,16,57,200,0.1822089385556499,0.5501268175749577,0.5548739325286046,0.9782065029341808,0.094068743288517,873570.125
supervised_contrastive,17,58,10,0.0944871227455168,0.2976404811107082,0.2981102364441933,0.8801933243932424,0.0799716413021087,1603640.5
supervised_contrastive,17,58,20,0.1740394393153681,0.3807229930852369,0.3815141859095363,0.9365749264235476,0.0926507115364074,1409683.25
supervised_contrastive,17,58,30,0.191763394847282,0.431260821196426,0.4323226387659363,0.9503992846750684,0.1000867336988449,1309696.375
supervised_contrastive,17,58,40,0.2298925775267652,0.4579179663347893,0.4592159347059775,0.9634906369650856,0.1048136949539184,1215350.375
supervised_contrastive,17,58,50,0.2418953367119903,0.473338183635139,0.4748881329576194,0.9674028202876196,0.1069374978542327,1172678.375
supervised_contrastive,17,58,60,0.246388553147378,0.4881240493798716,0.4899129989833883,0.9699843510616514,0.1059755161404609,1129794.75
supervised_contrastive,17,58,70,0.2703802060754252,0.5026548540149384,0.5046411457383616,0.9735161400410612,0.1101613491773605,1089006.0
supervised_contrastive,17,58,80,0.2505763552271465,0.5055679849023319,0.5078096243964774,0.97363893045739,0.1044252067804336,1064788.25
supervised_contrastive,17,58,90,0.2546705076498711,0.5135598094742821,0.5160186724762017,0.975017526841222,0.1050981059670448,1036948.0625
supervised_contrastive,17,58,100,0.256339594692697,0.5187437860091739,0.5214343588355016,0.9756413700308832,0.1023493558168411,1023871.9375
supervised_contrastive,17,58,110,0.2440544011461219,0.5267735802637734,0.5296549442660341,0.9761816086938608,0.0974019691348075,1002481.25
supervised_contrastive,17,58,120,0.2381755284170393,0.5303830595918161,0.5334753722382594,0.9766516419993488,0.1022175326943397,982124.125
supervised_contrastive,17,58,130,0.2203014274613689,0.5324645127594976,0.5357790570413229,0.9769571560741328,0.0950821340084075,970411.125
supervised_contrastive,17,58,140,0.2683279565473305,0.549597031435542,0.5530236876267146,0.9783170750575992,0.1122041270136833,948964.875
supervised_contrastive,17,58,150,0.1995752423299797,0.5396837434613465,0.5434006992962896,0.977311626599892,0.0910667330026626,936691.375
supervised_contrastive,17,58,160,0.2187556700916694,0.5418156456328286,0.5457543924959357,0.9778310361569638,0.0996534302830696,928465.6875
supervised_contrastive,17,58,170,0.2004345061587758,0.544949208555566,0.5490769350351947,0.9779395704310117,0.0945960357785224,916589.875
supervised_contrastive,17,58,180,0.1968936373339392,0.545997875375954,0.5503495480767384,0.9779668052376128,0.096180148422718,905403.0625
supervised_contrastive,17,58,190,0.2147066691583795,0.5534950284896224,0.55801099081106,0.978476921138115,0.0946647748351097,899148.3125
supervised_contrastive,17,58,200,0.2221672131507654,0.5596285616377659,0.564277277944912,0.9791021713904912,0.097404159605503,883852.1875
supervised_contrastive,18,59,10,0.0831615056515907,0.2877640503928377,0.2882420095763028,0.8717586562826743,0.073711484670639,1642340.375
supervised_contrastive,18,59,20,0.1632960838795964,0.3796858785374753,0.3804794580064449,0.935127514079628,0.0846959874033927,1453211.5
supervised_contrastive,18,59,30,0.2156548631156747,0.4389128268784115,0.4399503164249514,0.9542392715069848,0.1046860590577125,1324408.375
supervised_contrastive,18,59,40,0.2153458087960174,0.4632125134551155,0.4645079597673585,0.9606520396184284,0.104858785867691,1247114.5
supervised_contrastive,18,59,50,0.2658317213073788,0.4718405056727488,0.4733990490232476,0.9678796165908956,0.1155223175883293,1189248.0
supervised_contrastive,18,59,60,0.2650994642398543,0.4898494130021568,0.4916291107541216,0.97050036899602,0.1214277222752571,1137909.0
supervised_contrastive,18,59,70,0.241246777629295,0.5026663061798547,0.5046589280419356,0.9721575422586728,0.1123575195670127,1106327.625
supervised_contrastive,18,59,80,0.2396024251647353,0.5086415124290187,0.5108820061753472,0.9722864575500412,0.1145450696349144,1075361.125
supervised_contrastive,18,59,90,0.2448036528376824,0.5128552152459339,0.5153098416468124,0.9749106406058856,0.1073851287364959,1060255.875
supervised_contrastive,18,59,100,0.2257328288990094,0.5096306353156165,0.5123705379402201,0.9746121230514148,0.1045829132199287,1034510.9375
supervised_contrastive,18,59,110,0.2180312651201976,0.5217178705019714,0.5246224837756888,0.9755593972274392,0.0997491851449012,1016068.8125
supervised_contrastive,18,59,120,0.2401790491944161,0.5268098239438389,0.5299243109975681,0.9769097149079232,0.109310008585453,999166.0
supervised_contrastive,18,59,130,0.2153205144080971,0.5310313220137614,0.5343534312329941,0.9767093846839844,0.1066375821828842,974336.125
supervised_contrastive,18,59,140,0.2191400450320547,0.533911246128446,0.5374428146370568,0.9774281147250986,0.1040229946374893,957335.75
supervised_contrastive,18,59,150,0.2178655672665387,0.537917379013322,0.541660632083983,0.9774599896988114,0.1000887975096702,947482.4375
supervised_contrastive,18,59,160,0.2383838838828643,0.547915028278327,0.5518051267602426,0.9784080324626696,0.1125685274600982,934109.3125
supervised_contrastive,18,59,170,0.2090321200128381,0.5452917712523917,0.549421693458831,0.9781751999996876,0.1051718518137931,923979.25
supervised_contrastive,18,59,180,0.2314962344981788,0.5523070149651761,0.5566051196862015,0.9787951059960512,0.1101622581481933,918014.3125
supervised_contrastive,18,59,190,0.1990702614821128,0.5485424223278469,0.5530943497878172,0.9783099527086117,0.1001256257295608,904558.875
supervised_contrastive,18,59,200,0.1873225289117135,0.5554317207613974,0.5601206061285828,0.9783710070818764,0.104471169412136,887645.4375
supervised_contrastive,19,60,10,0.0890792616863949,0.2697371918150881,0.2702243353465309,0.882348892357176,0.0588737055659294,1603561.0
supervised_contrastive,19,60,20,0.1526664759453362,0.3659749194608035,0.3667890273626198,0.9327182444037034,0.0918261483311653,1400736.625
supervised_contrastive,19,60,30,0.1938335010137807,0.417474023478771,0.4185542276176747,0.952144316107427,0.1038402318954467,1286570.0
supervised_contrastive,19,60,40,0.1973134752699987,0.4371550772444649,0.4385127438337133,0.9599405501841274,0.0898048654198646,1240226.5
supervised_contrastive,19,60,50,0.223504905383097,0.4688192687973962,0.4703899514611226,0.965346084878305,0.1084596216678619,1162317.0
supervised_contrastive,19,60,60,0.2264528488095288,0.4762635358771961,0.478093007849193,0.9687903225127792,0.1002521812915802,1124507.625
supervised_contrastive,19,60,70,0.2557089097270782,0.4815674498740862,0.4836560549185659,0.971219313427128,0.1069343164563179,1102705.875
supervised_contrastive,19,60,80,0.238922775955248,0.5018894880407555,0.5041543630250446,0.9730386488630176,0.1127203628420829,1052208.25
supervised_contrastive,19,60,90,0.2266976406666771,0.5028050074228205,0.5053236035475672,0.973781387825052,0.1052042469382286,1030119.5
supervised_contrastive,19,60,100,0.2264195302939833,0.5123077556040628,0.515022715190911,0.97508229327775,0.1086521968245506,1007814.875
supervised_contrastive,19,60,110,0.2154490030351638,0.5166762528003126,0.5196234024187953,0.9751435153247656,0.0956480354070663,996199.5625
supervised_contrastive,19,60,120,0.21996898926549,0.5254439144927155,0.5285752216725994,0.9758903662551868,0.1056765392422676,972960.375
supervised_contrastive,19,60,130,0.2257235900697646,0.5254655053952413,0.5288354548439863,0.976743382370996,0.1091301292181015,958738.625
supervised_contrastive,19,60,140,0.2112609855216664,0.5353324992955598,0.5388605205818787,0.9770489100615696,0.1014856174588203,939599.1875
supervised_contrastive,19,60,150,0.239350639074736,0.537993724321331,0.5417597095074301,0.9775631565934804,0.1005474105477333,938454.6875
supervised_contrastive,19,60,160,0.2012007616199089,0.539396161178774,0.5433520725576112,0.9775517374065522,0.0944798067212104,916596.5625
supervised_contrastive,19,60,170,0.1999432444563394,0.5440022094935466,0.5481475956784054,0.9777385127600507,0.1023927330970764,903060.0
supervised_contrastive,19,60,180,0.2125285996330796,0.5496585095708801,0.5539722440314989,0.978466613222616,0.1020412370562553,888466.125
supervised_contrastive,19,60,190,0.2158024140341843,0.5490333635135333,0.5535889214143397,0.9785221456303416,0.101251870393753,887825.875
supervised_contrastive,19,60,200,0.1765420771210989,0.5491640221357172,0.5539219126249145,0.9780920067050558,0.0899606347084045,880247.9375
supervised_contrastive,20,61,10,0.0929558930414177,0.2921367344157998,0.2926091666988749,0.8817110839453538,0.0696889162063598,1610311.375
supervised_contrastive,20,61,20,0.1793329874304212,0.3924472010832262,0.3932264512814723,0.9344947900500457,0.0930609628558158,1410965.25
supervised_contrastive,20,61,30,0.2145067562542122,0.4231407545784491,0.4242118676462065,0.9535037141695728,0.1041676253080368,1297613.5
supervised_contrastive,20,61,40,0.2365575825911371,0.4481181831116085,0.449452789286928,0.9613543379254014,0.0934992954134941,1239570.625
supervised_contrastive,20,61,50,0.2635273492235582,0.4696946966677021,0.4712554683182527,0.9681285158027002,0.1071250513195991,1174516.375
supervised_contrastive,20,61,60,0.2397448290866233,0.4814658363858076,0.4832688735422537,0.9700740175490374,0.1122010499238967,1121522.125
supervised_contrastive,20,61,70,0.2343233993285711,0.4944211522034688,0.4964563190820436,0.9709658059748902,0.1091249510645866,1088804.0
supervised_contrastive,20,61,80,0.2457238032816151,0.498186027764034,0.5004753961091436,0.972720370103086,0.1076164692640304,1072387.875
supervised_contrastive,20,61,90,0.2490771666929511,0.502346326753064,0.5048764096128968,0.9742481056858308,0.1054073721170425,1047321.75
supervised_contrastive,20,61,100,0.2450742437981452,0.5178867489247986,0.5205775184040807,0.9753402584337844,0.1078951880335807,1013320.0625
supervised_contrastive,20,61,110,0.2102103235343249,0.5177848956900721,0.5207102825569969,0.9754411907544024,0.0962912440299987,997086.375
supervised_contrastive,20,61,120,0.2128787556696425,0.5184102962191836,0.5215828669313636,0.9760932729738184,0.1005355194211006,976864.9375
supervised_contrastive,20,61,130,0.2282198542029146,0.5281998768641839,0.5315414652791587,0.9772252529620474,0.1030424535274505,967598.25
supervised_contrastive,20,61,140,0.2399598618191736,0.5397734919932361,0.5432616913406,0.9778641808030344,0.1117513179779052,944762.75
supervised_contrastive,20,61,150,0.2176343601712474,0.5416433643888244,0.5453460880610229,0.9777539099289556,0.1052626445889473,930244.5625
supervised_contrastive,20,61,160,0.2200682004820001,0.5430462634461839,0.5469729832871294,0.9780004878247404,0.1046468839049339,920620.875
supervised_contrastive,20,61,170,0.2059643340986088,0.5438563793151528,0.5479980673736355,0.9779714239246432,0.098172903060913,912432.125
supervised_contrastive,20,61,180,0.2081901887411589,0.5515506958441592,0.5558500058749443,0.9782046821744864,0.1022366061806678,901992.0
supervised_contrastive,20,61,190,0.192014121190057,0.5487603575708397,0.5533038303689805,0.978147235515892,0.0903426855802536,902077.3125
supervised_contrastive,20,61,200,0.1920206473927546,0.5531820797716455,0.5579016157968087,0.9784174471941246,0.097770445048809,887481.125
supervised_contrastive,21,62,10,0.0684226177685685,0.2715839016683803,0.2720793174466572,0.8596745358840153,0.0635434463620185,1609010.5
supervised_contrastive,21,62,20,0.1469786815402176,0.371713536140976,0.3725144231654624,0.9355568037200526,0.0818586573004722,1405995.75
supervised_contrastive,21,62,30,0.1538263008366263,0.4155196066003128,0.4166140804020467,0.9460538985811988,0.0855906158685684,1288599.625
supervised_contrastive,21,62,40,0.2229423379173076,0.4474955896927198,0.4488313419787861,0.96065046359081,0.1032987684011459,1208255.625
supervised_contrastive,21,62,50,0.2472717011914466,0.4729174468385643,0.4744750082588306,0.9668275841161322,0.1059706062078476,1143523.375
supervised_contrastive,21,62,60,0.2281141987235239,0.4898502697508773,0.4916288122464298,0.9690596286236418,0.1051026359200477,1101672.5
supervised_contrastive,21,62,70,0.2800877490007687,0.4961729671284167,0.4981987001229566,0.972740506505708,0.1075558140873909,1077104.5
supervised_contrastive,21,62,80,0.2298819700823968,0.5009554407498863,0.5032159158283672,0.9730853058888757,0.1014799773693084,1042492.8125
supervised_contrastive,21,62,90,0.23661441772873,0.5075752976088913,0.5100571215777011,0.9747338119973356,0.0991966053843498,1026686.0
supervised_contrastive,21,62,100,0.2833613992464678,0.5188635130754959,0.5215488831594346,0.9763632918595164,0.1054528653621673,1008018.4375
supervised_contrastive,21,62,110,0.1950474906384213,0.5140079750994597,0.5169660690682462,0.9746548804447736,0.0905174985527992,984378.125
supervised_contrastive,21,62,120,0.2231399244614599,0.5290469037245702,0.5321520964093056,0.9760941557699544,0.0951598361134529,969632.4375
supervised_contrastive,21,62,130,0.2417826823943892,0.5361527072225396,0.5394496909678353,0.9771206082260342,0.1003009527921676,957969.3125
supervised_contrastive,21,62,140,0.2018917939586116,0.5320771143943037,0.5356280643885779,0.9767483558315034,0.0953314080834388,938285.0625
supervised_contrastive,21,62,150,0.2180980252318667,0.5379559864429126,0.5417030053799713,0.9774628317013966,0.0966974273324012,921507.125
supervised_contrastive,21,62,160,0.1922426164807276,0.5305606795565873,0.5345863186622581,0.9774743491332876,0.087487906217575,916288.6875
supervised_contrastive,21,62,170,0.2006589945579303,0.5439678357881277,0.5481113681168627,0.9778128488076376,0.1037634536623954,895678.0625
supervised_contrastive,21,62,180,0.1908610411467419,0.5421079541483779,0.5464941111310739,0.9779258251155866,0.0913114696741104,891150.5
supervised_contrastive,21,62,190,0.1912941252776427,0.5469958830835513,0.5515556264308855,0.9782154983932256,0.0929161608219146,879260.4375
supervised_contrastive,21,62,200,0.1940659097455251,0.554469641762955,0.5591803501621205,0.97845758924084,0.0981331542134285,869512.9375
supervised_contrastive,22,63,10,0.0874867901768467,0.279544707695318,0.2800276449184949,0.8797453727875928,0.0689587518572807,1604511.625
supervised_contrastive,22,63,20,0.144988357755341,0.3699944505820658,0.3708070835193539,0.9297020397661978,0.0930308401584625,1383206.75
supervised_contrastive,22,63,30,0.2133256548661344,0.4296750104978038,0.4307338138840476,0.9533941885838952,0.1036626622080802,1266304.125
supervised_contrastive,22,63,40,0.2314211759783862,0.442428890849455,0.4437730438932354,0.9620347671618674,0.1123476773500442,1203849.5
supervised_contrastive,22,63,50,0.2567973749400176,0.4624707156843927,0.4640605352080321,0.9671529407389812,0.1048700660467147,1166227.75
supervised_contrastive,22,63,60,0.2275482209774299,0.474187144140862,0.4760301757573101,0.968347612281768,0.1111343130469322,1105176.125
supervised_contrastive,22,63,70,0.2776866251740342,0.488145364169784,0.4902028196823275,0.9729128615644996,0.1079420447349548,1083762.375
supervised_contrastive,22,63,80,0.2249737968528627,0.4939245270943248,0.496229571430674,0.9720998510440684,0.1051675528287887,1047355.8125
supervised_contrastive,22,63,90,0.2363835228636228,0.5013581105024438,0.5038789456455677,0.974310189048901,0.0991953238844871,1021526.125
supervised_contrastive,22,63,100,0.2491458472521712,0.5140586550736134,0.516767917031897,0.975274857806654,0.1083282977342605,996505.0
supervised_contrastive,22,63,110,0.2495446177489826,0.5132260975495355,0.5161920803961415,0.9762879724819696,0.1040873378515243,988901.8125
supervised_contrastive,22,63,120,0.2132361469531296,0.5193391019784553,0.5225043939089781,0.975916995041784,0.1027951315045356,963197.6875
supervised_contrastive,22,63,130,0.2158406466431648,0.5247218813144587,0.5280932642890215,0.9766825315303066,0.1087088510394096,939661.4375
supervised_contrastive,22,63,140,0.2295099621786869,0.5322980558209182,0.5358473392072587,0.9774040154821964,0.103508323431015,930519.3125
supervised_contrastive,22,63,150,0.2051040556768408,0.5354787926256291,0.5392250407499249,0.9775914858865288,0.0987539067864418,919533.375
supervised_contrastive,22,63,160,0.2114198933223022,0.541649406692887,0.5455935360658953,0.977518668821098,0.1030557602643966,910781.875
supervised_contrastive,22,63,170,0.1950470196547993,0.5413625633861338,0.5455277048420711,0.977712818474376,0.0910651907324791,897426.75
supervised_contrastive,22,63,180,0.2132450905904293,0.5467510801053187,0.551098473448288,0.9783387460535844,0.1052853539586067,888797.3125
supervised_contrastive,22,63,190,0.1816315332433332,0.5445293331458847,0.5490991783612035,0.9782095048636024,0.0844782367348671,880279.75
supervised_contrastive,22,63,200,0.1966398663930601,0.5514417827140685,0.5561741135947308,0.9785798778096914,0.1004195809364318,858798.625
supervised_contrastive,23,64,10,0.065943766695111,0.2585193101680102,0.2590208626244816,0.8650874377179455,0.0654604285955429,1640261.625
supervised_contrastive,23,64,20,0.1661916004042118,0.3836188904523218,0.384410065285075,0.9336972531699572,0.0962982177734375,1411345.25
supervised_contrastive,23,64,30,0.1826715391848317,0.420940782813093,0.422013337385236,0.952354277917742,0.1104312986135482,1287853.875
supervised_contrastive,23,64,40,0.1902638195362624,0.4508738878201829,0.4521999224034845,0.958879942813882,0.110577218234539,1214027.625
supervised_contrastive,23,64,50,0.2225213017950927,0.4754139939203758,0.4769619390542143,0.9659169654057272,0.1175066158175468,1157621.5
supervised_contrastive,23,64,60,0.2386583249913435,0.482417271080453,0.4842209361424441,0.9699393757618456,0.1043468862771987,1125679.25
supervised_contrastive,23,64,70,0.2350555134273062,0.4907736837169486,0.4928235884866321,0.971265158963678,0.102430336177349,1097813.375
supervised_contrastive,23,64,80,0.2117377881546755,0.5027977622393831,0.5050535838358796,0.9721496763819462,0.1060055047273635,1054745.25
supervised_contrastive,23,64,90,0.2277891047595632,0.5016371298405068,0.5041531068059063,0.974125702967366,0.1072274297475814,1032643.375
supervised_contrastive,23,64,100,0.2051466520259831,0.5046729568773447,0.5074469812897061,0.9737873069960326,0.1025110110640525,1018290.625
supervised_contrastive,23,64,110,0.2251174915768281,0.5199318680156644,0.5228478403479951,0.975917002201811,0.1056483387947082,989543.25
supervised_contrastive,23,64,120,0.2268042827878559,0.5235157007149309,0.5266627385297155,0.9762748795506588,0.0996867194771766,982950.25
supervised_contrastive,23,64,130,0.2186235598949463,0.5321026543032067,0.5354172059620863,0.9767550016278636,0.1054434478282928,954573.3125
supervised_contrastive,23,64,140,0.1957789642848427,0.5298354173563061,0.5334058741240691,0.9766573336340562,0.0906882733106613,954175.875
supervised_contrastive,23,64,150,0.2029436100408481,0.5351907635880949,0.53894333124829,0.9774635277499388,0.0999554470181465,928407.25
supervised_contrastive,23,64,160,0.2271141938061504,0.5447279792014275,0.5486373413362371,0.9782573020357528,0.1117667853832244,913975.5625
supervised_contrastive,23,64,170,0.2315170283057848,0.5494729090415968,0.5535737094705676,0.9785173177179272,0.1093902364373207,905439.0
supervised_contrastive,23,64,180,0.1986596499358607,0.5482985939467239,0.5526220833789284,0.9780773935591252,0.0992708504199981,891788.375
supervised_contrastive,23,64,190,0.19632238758214,0.548513422822498,0.5530453626322799,0.9785311469582608,0.0992297455668449,879685.3125
supervised_contrastive,23,64,200,0.1997754909025025,0.5570166088170744,0.5616894110317168,0.9787307461551642,0.0997689515352249,871922.125
supervised_contrastive,24,65,10,0.0844472405517993,0.2779672776881798,0.2784530686056647,0.8727730169787826,0.0663479939103126,1644646.125
supervised_contrastive,24,65,20,0.1332698586438183,0.3527864766957156,0.3536164633889004,0.9317892583455843,0.080499954521656,1437623.75
supervised_contrastive,24,65,30,0.1739536152720526,0.4181111980030239,0.419197726499581,0.9489558152172546,0.0978245511651039,1305178.75
supervised_contrastive,24,65,40,0.1980757910563937,0.437100188901049,0.4384570814677851,0.960029643986718,0.0929254814982414,1257664.875
supervised_contrastive,24,65,50,0.233471026605584,0.4675081102497439,0.4690827834073208,0.9660171366506708,0.1073505505919456,1169391.625
supervised_contrastive,24,65,60,0.2263324446794821,0.4776591527080709,0.4794761675246256,0.9694935755096036,0.0990299955010414,1128426.875
supervised_contrastive,24,65,70,0.2648117675160053,0.4950450538834919,0.4970684436408061,0.9729098643888666,0.1059712544083595,1094917.875
supervised_contrastive,24,65,80,0.2295949129707633,0.4923573042167657,0.4946642006108156,0.972616329450348,0.1022637784481048,1075148.0
supervised_contrastive,24,65,90,0.2294377093460879,0.5086698310188763,0.5111491896123819,0.9744155441535108,0.0962267220020294,1041544.75
supervised_contrastive,24,65,100,0.2597149710188062,0.5165958299770632,0.5193046978469947,0.9752348320223468,0.1056857034564018,1025285.6875
supervised_contrastive,24,65,110,0.2115900470670646,0.5163320426613334,0.51926942618598,0.9754066345265828,0.0957856327295303,1009109.75
supervised_contrastive,24,65,120,0.2173665799359186,0.5226978359128934,0.525844256468964,0.9760640844188218,0.1049313694238662,982263.0
supervised_contrastive,24,65,130,0.2181901077268005,0.5280792088164039,0.5314252378688836,0.9768442780111468,0.103285975754261,964005.3125
supervised_contrastive,24,65,140,0.2298656164101545,0.5359210588473418,0.5394434303812006,0.9776040357121724,0.1015875786542892,945847.75
supervised_contrastive,24,65,150,0.1901926442960758,0.5351441440596052,0.5389051850766984,0.9768208325608888,0.0869656503200531,946468.875
supervised_contrastive,24,65,160,0.2177972154742278,0.5459379370645753,0.5498366625715073,0.9780295546005866,0.0972668826580047,932302.1875
supervised_contrastive,24,65,170,0.2033324984351369,0.5467649291212318,0.5508801916084346,0.9778355419855332,0.0949814543128013,911579.6875
supervised_contrastive,24,65,180,0.206277089461994,0.5487249628096085,0.5530575072771026,0.9781617764159748,0.097402885556221,901493.8125
supervised_contrastive,24,65,190,0.1752612606756037,0.5448351722731916,0.5494026507225757,0.9780033993734912,0.0912227630615234,892208.5625
supervised_contrastive,24,65,200,0.1856702320804406,0.5531017016691202,0.5578211717795817,0.9783004233580332,0.0978875309228897,879793.375
supervised_contrastive,25,66,10,0.0878184335231582,0.281841570198083,0.2823260093587312,0.87027212595199,0.0551514849066734,1615452.5
supervised_contrastive,25,66,20,0.1605538276966642,0.3854513362675174,0.3862417236360597,0.9321818708055528,0.0837694853544235,1411662.375
supervised_contrastive,25,66,30,0.2183169641798863,0.4284798923013436,0.42953994462452,0.953416680928898,0.0962674915790557,1309833.625
supervised_contrastive,25,66,40,0.2867045342977476,0.4546346803499353,0.4559444794591883,0.9656753452418656,0.1009202301502227,1243815.375
supervised_contrastive,25,66,50,0.2696056498824035,0.4667867882971279,0.4683672278919435,0.96693510788733,0.1074720695614814,1191733.375
supervised_contrastive,25,66,60,0.3028825236273572,0.4859746094652117,0.4877684304592826,0.9718410404179412,0.118566982448101,1125958.75
supervised_contrastive,25,66,70,0.2683492366178668,0.4931555062523364,0.4951894448671476,0.9726415019343708,0.1050570085644722,1095330.125
supervised_contrastive,25,66,80,0.3246661862866283,0.5050743939965558,0.5073173795571361,0.9759496145409442,0.1073277816176414,1086781.875
supervised_contrastive,25,66,90,0.2301254568282569,0.5068577082608933,0.5093488901355895,0.9741210064590567,0.101836584508419,1044756.375
supervised_contrastive,25,66,100,0.244256316801658,0.5134341717459494,0.516142936260642,0.975467017559268,0.1079800054430961,1022712.125
supervised_contrastive,25,66,110,0.2135522971460574,0.5197721750514978,0.5226955989213903,0.9750262540926918,0.1095735728740692,1002361.5625
supervised_contrastive,25,66,120,0.2464233351847086,0.5293934699311356,0.5325035302790043,0.9765885270641682,0.1126056760549545,978013.875
supervised_contrastive,25,66,130,0.2269065901207176,0.5269346273558723,0.5302891883343287,0.9769922873929864,0.1035028547048568,961870.0625
supervised_contrastive,25,66,140,0.225274078008555,0.534281376293634,0.5378150579794458,0.9774616467755898,0.1121774539351463,941964.5625
supervised_contrastive,25,66,150,0.2018468913861637,0.535973401371719,0.5397362713822856,0.9768721075695124,0.1038612574338913,938248.6875
supervised_contrastive,25,66,160,0.2424469955474206,0.5496779962529975,0.5535546852936868,0.9783160618550668,0.1086402833461761,921070.8125
supervised_contrastive,25,66,170,0.2262093805713347,0.5543424206374896,0.5584027668082253,0.9782630130964356,0.1063248068094253,910250.6875
supervised_contrastive,25,66,180,0.2162942703235481,0.5504954674561947,0.5548068245199013,0.9784502008557612,0.1114021465182304,899598.625
supervised_contrastive,25,66,190,0.20527596729322,0.552237655028545,0.5567544218180874,0.9783346107857648,0.1047277599573135,893366.5625
supervised_contrastive,25,66,200,0.2170037578833912,0.5555810449353578,0.5602929228072548,0.9786767498667088,0.1031840816140174,880046.875
supervised_contrastive,26,67,10,0.0756873217705801,0.2830284273152851,0.2835125212204454,0.868319362060069,0.0599982552230358,1626526.25
supervised_contrastive,26,67,20,0.1577700467252083,0.3720663694577274,0.3728714708315408,0.9334772358057564,0.0934815779328346,1426967.375
supervised_contrastive,26,67,30,0.1953516552268603,0.4099832575198571,0.4110752302521848,0.95351249917077,0.1047892123460769,1315389.375
supervised_contrastive,26,67,40,0.2133589370653508,0.4247865536975522,0.426169965549759,0.96166994323683,0.0949389934539794,1254638.0
supervised_contrastive,26,67,50,0.23128225783716,0.4567661565595047,0.4583659851936906,0.9668726733894852,0.1089809089899063,1184987.5
supervised_contrastive,26,67,60,0.2243906775436965,0.4750674760429204,0.476893706471033,0.9694677090311444,0.1020054593682289,1139571.375
supervised_contrastive,26,67,70,0.2657229034155323,0.4867287298525901,0.4887917466810825,0.972250251346782,0.1135569736361503,1104527.5
supervised_contrastive,26,67,80,0.2346200572279973,0.4970075373005844,0.4992884429402597,0.9730859012275276,0.1032460331916809,1078991.25
supervised_contrastive,26,67,90,0.2076773694193943,0.4933981250871047,0.4959635589506078,0.9731971912903908,0.0940304100513458,1063874.625
supervised_contrastive,26,67,100,0.2403920406639373,0.5116679147712675,0.5144005631617499,0.9748388661460496,0.1116552501916885,1031582.9375
supervised_contrastive,26,67,110,0.2382661265748739,0.5065502830718768,0.5095588319176272,0.9755484618118544,0.0987184420228004,1013028.25
supervised_contrastive,26,67,120,0.2066156670530392,0.5124049646392231,0.515618719306222,0.9757840289357032,0.094797246158123,999606.9375
supervised_contrastive,26,67,130,0.2145029614377432,0.5177668849328813,0.5212018440803908,0.9759928197294444,0.0953602269291877,980433.3125
supervised_contrastive,26,67,140,0.2126323644346756,0.5263500226641076,0.5299518430156865,0.976923776086186,0.0936130881309509,960412.6875
supervised_contrastive,26,67,150,0.1925026582282764,0.5234979337000658,0.527358567875362,0.976851052629307,0.1000634431838989,949845.125
supervised_contrastive,26,67,160,0.1901786050770757,0.5313888395878902,0.5354151326946843,0.9770242328518848,0.0982526987791061,936136.1875
supervised_contrastive,26,67,170,0.1949186463359744,0.5360624572835649,0.5402743597398062,0.977665955979214,0.0951350182294845,925461.25
supervised_contrastive,26,67,180,0.190619490490586,0.537664221621916,0.542113404128926,0.9773848543104872,0.0899194553494453,916762.5625
supervised_contrastive,26,67,190,0.2303880373395489,0.5456385713083314,0.550229593815891,0.9788224082360228,0.1127424165606498,899963.625
supervised_contrastive,26,67,200,0.214339082370385,0.5451658082782822,0.5499972206747015,0.9784458780187056,0.0951156169176101,898836.0625
supervised_contrastive,27,68,10,0.0924595515200241,0.2775067085708457,0.2779931867311923,0.8725859794039613,0.0644616186618805,1638685.375
supervised_contrastive,27,68,20,0.161900724797098,0.3673278839584809,0.3681350326871862,0.9365487690249684,0.0819085836410522,1421240.25
supervised_contrastive,27,68,30,0.2005566627171483,0.4184369395983321,0.4195183751608052,0.951124094107443,0.095370277762413,1304659.5
supervised_contrastive,27,68,40,0.22990483961185,0.440565135244947,0.4419168624042053,0.9615898658451668,0.1021993085741996,1236127.625
supervised_contrastive,27,68,50,0.256126225519792,0.4689644976629398,0.4705375111676815,0.9665889392370008,0.1134390607476234,1177369.75
supervised_contrastive,27,68,60,0.2787657924071882,0.482965329236237,0.4847703857988395,0.9710158819724074,0.1093447357416153,1137769.625
supervised_contrastive,27,68,70,0.2365474984138478,0.4970503351517539,0.4990744106708545,0.971126934932732,0.0940669924020767,1105362.5
supervised_contrastive,27,68,80,0.2885819734357052,0.5078909063781566,0.5101268795560381,0.9745024699350896,0.1193535253405571,1066071.625
supervised_contrastive,27,68,90,0.258717907280787,0.505777213766065,0.508287708262989,0.9742555270539855,0.1143670305609703,1049574.75
supervised_contrastive,27,68,100,0.2323106005196542,0.5151722508301845,0.5178738512286181,0.974966793236292,0.1087503060698509,1027185.5
supervised_contrastive,27,68,110,0.221467327975513,0.5112446707485798,0.5142199757584824,0.975619779673237,0.0935613065958023,1015260.5
supervised_contrastive,27,68,120,0.2343925269685706,0.5245545805968669,0.5276977308898071,0.9761646337953638,0.0954510644078254,1006917.0625
supervised_contrastive,27,68,130,0.2141900009294052,0.5243764180628372,0.5277382900278839,0.9768497610660464,0.0962411612272262,978631.5625
supervised_contrastive,27,68,140,0.2140933825375454,0.535481795256529,0.5390089030510217,0.977051553930944,0.0996236503124237,948710.375
supervised_contrastive,27,68,150,0.2087034115625211,0.5339618919507183,0.5377417444925969,0.9771992898819104,0.1078508049249649,935873.3125
supervised_contrastive,27,68,160,0.213440917401417,0.5400380792399739,0.5439908966027731,0.9777834037828156,0.1059733182191848,924024.875
supervised_contrastive,27,68,170,0.2202988945997453,0.5465005297667678,0.5506333641172823,0.977976157876373,0.10309948772192,916814.3125
supervised_contrastive,27,68,180,0.1743114171995452,0.53996527452747,0.5443715393006486,0.9772740507186496,0.0943698734045028,902575.5625
supervised_contrastive,27,68,190,0.2023103272743478,0.5447994764021038,0.5493849603938389,0.9783654521332612,0.1035902798175811,891668.0
supervised_contrastive,27,68,200,0.1985116307460347,0.5542331049256598,0.5589503565379568,0.9784463788684744,0.1032481417059898,881287.875
supervised_contrastive,28,69,10,0.0778992590137903,0.2818950012980658,0.2823818731549438,0.8631799585329057,0.0671901330351829,1634714.875
supervised_contrastive,28,69,20,0.1642694114460964,0.3694771445360314,0.3702818037735038,0.9368234726812262,0.0840595811605453,1426032.875
supervised_contrastive,28,69,30,0.1979871561171051,0.4039636692330322,0.4050726596301852,0.952038266538871,0.0905820280313491,1330959.375
supervised_contrastive,28,69,40,0.2332884002970026,0.4484638220695495,0.4497950785755475,0.961504904669402,0.1016044095158577,1231053.5
supervised_contrastive,28,69,50,0.252235519835471,0.4716312182457936,0.4731907958471113,0.966944797751632,0.1025006845593452,1182293.0
supervised_contrastive,28,69,60,0.2495956602519314,0.489267898103061,0.4910440766914106,0.9703205925690735,0.1083873286843299,1138509.5
supervised_contrastive,28,69,70,0.2419460848823721,0.4846236103295431,0.4866918326469046,0.9717881367965818,0.1093077734112739,1100768.5
supervised_contrastive,28,69,80,0.2553962051864047,0.5090384653835509,0.5112751842032509,0.9730014091509194,0.1067367941141128,1076199.25
supervised_contrastive,28,69,90,0.2131792915681918,0.5114808197500985,0.5139510627044257,0.973449756201348,0.1074591800570488,1035413.375
supervised_contrastive,28,69,100,0.2083471467309432,0.5140263651486412,0.516734296541376,0.9742770970466366,0.1035153344273567,1022139.25
supervised_contrastive,28,69,110,0.2282546967133481,0.5215429705558151,0.5244525418945292,0.975798216646905,0.1112947240471839,997954.625
supervised_contrastive,28,69,120,0.2156050940407693,0.5258421017246243,0.5289575257790372,0.976434358180928,0.0987734720110893,988144.875
supervised_contrastive,28,69,130,0.2436329414591962,0.5349418240791398,0.538236216639198,0.9773885286955744,0.1077999547123909,961277.5625
supervised_contrastive,28,69,140,0.2187412927362106,0.5306126544115622,0.5341886714992224,0.9770110341634516,0.1027552708983421,953375.5
supervised_contrastive,28,69,150,0.2431792612956963,0.541429488431718,0.545138625369651,0.9783685827084166,0.1010654792189598,945920.9375
supervised_contrastive,28,69,160,0.1947103977112611,0.5429657952113093,0.5468909371280429,0.9772867464445192,0.1010256931185722,923775.1875
supervised_contrastive,28,69,170,0.207258106043199,0.5488081021709623,0.5529048226577152,0.9780764724392372,0.1004250347614288,909654.375
supervised_contrastive,28,69,180,0.218532618540561,0.5501199448444303,0.5544119963088613,0.978855494897611,0.1089223623275756,899122.1875
supervised_contrastive,28,69,190,0.2180635364347532,0.5534904042575783,0.5579896315925199,0.9788453083504411,0.1084702759981155,892221.5
supervised_contrastive,28,69,200,0.2149322434651184,0.5631863157220789,0.5678158219515016,0.9787329718085258,0.1163741946220398,878799.3125
supervised_contrastive,29,70,10,0.0712660405498182,0.270477648911702,0.2709737319067666,0.8571300302560217,0.0641594529151916,1636079.75
supervised_contrastive,29,70,20,0.1457971872664002,0.3547114678615314,0.3555347105842599,0.9347912355396064,0.085919365286827,1438329.125
supervised_contrastive,29,70,30,0.2192069819572647,0.4310917126449808,0.4321500038442392,0.9531117019194222,0.1127767488360405,1293902.75
supervised_contrastive,29,70,40,0.2598949584645096,0.4712855810869291,0.472562926552155,0.9624267544106117,0.1233440041542053,1205006.625
supervised_contrastive,29,70,50,0.2669237766552202,0.474064254429643,0.4756193987474585,0.9675932895695584,0.1111683845520019,1166422.25
supervised_contrastive,29,70,60,0.2271129392403022,0.4921029241947464,0.4938815179495953,0.9683429239898836,0.0978131741285324,1122816.625
supervised_contrastive,29,70,70,0.2399404776088192,0.502651725032575,0.5046521249139634,0.9711681333768978,0.1100933477282524,1080535.875
supervised_contrastive,29,70,80,0.2959251168056104,0.5194345420866019,0.5216225468006506,0.9746493333604506,0.1144709736108779,1054512.375
supervised_contrastive,29,70,90,0.2857515357042781,0.5198593426279171,0.522284615014859,0.975707588896528,0.1048946306109428,1030183.9375
supervised_contrastive,29,70,100,0.3204979131137785,0.5276881596030137,0.5303285518015303,0.9771943759904814,0.1106288805603981,1011112.3125
supervised_contrastive,29,70,110,0.2599109005829969,0.5240093043469439,0.5269065594334371,0.9766658420938762,0.1054538488388061,992448.5625
supervised_contrastive,29,70,120,0.2248403452021532,0.5251469690241914,0.5282701595341177,0.9764722249822904,0.1033964976668357,974992.6875
supervised_contrastive,29,70,130,0.2127583105925792,0.5340291369976063,0.5373356928476815,0.976554357829948,0.0982054844498634,950827.5
supervised_contrastive,29,70,140,0.2378898892828959,0.5411598106780864,0.5446525394681081,0.9776054938927864,0.1083661019802093,942104.5625
supervised_contrastive,29,70,150,0.2058736037237812,0.541311692535142,0.545011005557648,0.9774811756323004,0.0966992005705833,923780.5
supervised_contrastive,29,70,160,0.2156738709817758,0.5426306313302465,0.5465647300491052,0.9777947966771848,0.0984797179698944,915763.4375
supervised_contrastive,29,70,170,0.2137087095359076,0.5526273804389855,0.5567069409889784,0.9778021471493332,0.0949962139129638,905508.25
supervised_contrastive,29,70,180,0.2289586174260316,0.556635212667003,0.5608942043123537,0.9786885581013424,0.1030798330903053,893982.75
supervised_contrastive,29,70,190,0.2139224666660369,0.5589276503104823,0.5633655400688368,0.9788836808727386,0.0958706811070442,887781.9375
supervised_contrastive,29,70,200,0.1967800711961905,0.5567558721783271,0.5614399701066143,0.9784920067284608,0.0969129353761673,875765.625
supervised_contrastive,30,71,10,0.0645467224481081,0.2631088401284475,0.2636115554003199,0.8532435050668942,0.0682861283421516,1676624.75
supervised_contrastive,30,71,20,0.1532036085405191,0.3784601031689483,0.3792564019565601,0.9337671911415144,0.0923626646399498,1431317.75
supervised_contrastive,30,71,30,0.1884443872461951,0.4189142517564674,0.4199957821524882,0.9508385115528644,0.1062359362840652,1310824.5
supervised_contrastive,30,71,40,0.230098630175585,0.4366229679991746,0.4379785219688241,0.962264464706727,0.1120422855019569,1245342.125
supervised_contrastive,30,71,50,0.2515498666011632,0.4682574552592732,0.4698380039589681,0.9658627064851278,0.1118832528591156,1186558.875
supervised_contrastive,30,71,60,0.2814312730116062,0.4904472830093134,0.4922251373055106,0.9710659646017532,0.1173724085092544,1133588.5
supervised_contrastive,30,71,70,0.2155208513045401,0.4907090343518388,0.4927566614463512,0.970679169839921,0.1059896275401115,1096282.25
supervised_contrastive,30,71,80,0.2299622566280012,0.4956448947167636,0.4979310491950199,0.973124546065612,0.101019375026226,1083337.875
supervised_contrastive,30,71,90,0.2505517790833868,0.5077449154598817,0.510231723423907,0.97477607300127,0.1108559817075729,1045378.25
supervised_contrastive,30,71,100,0.2279926670511052,0.518375918879976,0.5210521375775836,0.9752084287179168,0.1121372580528259,1018633.3125
supervised_contrastive,30,71,110,0.2488772679261114,0.5203339077810715,0.5232441791164156,0.9764673279932208,0.1101601794362068,1008531.0625
supervised_contrastive,30,71,120,0.2762382620264538,0.5311813476777669,0.5342779402519594,0.9772785159932948,0.1139644011855125,981779.5625
supervised_contrastive,30,71,130,0.2262997922501323,0.5276734982493064,0.5310295138451722,0.9768940426061712,0.0995548814535141,975486.4375
supervised_contrastive,30,71,140,0.2063965991983741,0.5312727376110193,0.5348301429582567,0.9769700159524284,0.1064391955733299,952382.0625
supervised_contrastive,30,71,150,0.2074043649000903,0.5371032025063784,0.5408442638530797,0.9775848818178678,0.1007694751024246,954668.3125
supervised_contrastive,30,71,160,0.2217318829042932,0.5429945578037267,0.5469230172777936,0.9780082269924616,0.0988154411315918,936126.125
supervised_contrastive,30,71,170,0.2304965975376141,0.5393536399900357,0.5435586884546098,0.9781905191712472,0.0989716127514839,925088.375
supervised_contrastive,30,71,180,0.1935604794942308,0.5418333067353234,0.5462239786664017,0.9778053574238073,0.0975904017686843,907091.1875
supervised_contrastive,30,71,190,0.1916633189166667,0.5541768324127636,0.5586692365334912,0.978097537708662,0.1022099107503891,894317.3125
supervised_contrastive,30,71,200,0.173901978151242,0.5490959758698312,0.553858891448769,0.9779177538869336,0.0994875207543373,887334.125
supervised_contrastive,31,72,10,0.0712955971743692,0.2893709439855386,0.2898478152385694,0.8702116163863657,0.0653898492455482,1641240.5
supervised_contrastive,31,72,20,0.1289535712479505,0.3669745725801153,0.3677893028937788,0.9288673050777768,0.0740206539630889,1447601.5
supervised_contrastive,31,72,30,0.1597587767801807,0.4141842457897931,0.4152746988900119,0.9489875518615902,0.0891580581665039,1334416.625
supervised_contrastive,31,72,40,0.2016180572658943,0.4602498348236938,0.4615571690257945,0.959126775829651,0.0970722809433937,1246276.0
supervised_contrastive,31,72,50,0.2285927073735585,0.4664398137667971,0.468022913688512,0.965158685722112,0.1077602282166481,1189444.375
supervised_contrastive,31,72,60,0.2251904508793947,0.4813506673930811,0.4831663867413374,0.9684707710873636,0.1058012172579765,1145161.5
supervised_contrastive,31,72,70,0.2351612148336014,0.4940547359019684,0.4960785254817437,0.972186044976969,0.1104899421334266,1113752.125
supervised_contrastive,31,72,80,0.2480750774254572,0.5096584447561048,0.511888853868441,0.9731154300598808,0.115096777677536,1071454.5
supervised_contrastive,31,72,90,0.2368215259560236,0.5138835974166313,0.5163364455223696,0.974502186761884,0.1174918487668037,1042242.625
supervised_contrastive,31,72,100,0.2536574847032157,0.5209014706284237,0.5235784281039966,0.9751734248710222,0.1171950474381446,1025899.8125
supervised_contrastive,31,72,110,0.2356313055963397,0.5293495625271861,0.5322187924251457,0.9757247206700462,0.109275683760643,1006560.1875
supervised_contrastive,31,72,120,0.2411745727585961,0.5315623173668053,0.5346450818944082,0.9769249035557092,0.1118550524115562,995154.6875
supervised_contrastive,31,72,130,0.2307850581155995,0.5374686081920698,0.5407557062303128,0.9769433055884728,0.0967843756079673,985877.0
supervised_contrastive,31,72,140,0.2180780109373351,0.5413885044941454,0.5448805709321296,0.9767564173178244,0.0994287878274917,957319.5625
supervised_contrastive,31,72,150,0.232393883512554,0.548977936391464,0.5526410529101546,0.9776920374932432,0.1119172126054763,941276.8125
supervised_contrastive,31,72,160,0.217571781848571,0.5467784059053801,0.5506672431014038,0.9780578294891662,0.1037606075406074,931798.875
supervised_contrastive,31,72,170,0.2033776843024907,0.5496859032819317,0.5537704046468087,0.9780568758557122,0.0970609635114669,915278.125
supervised_contrastive,31,72,180,0.2108248593468898,0.5497497707541744,0.5540692048348405,0.9782937299064104,0.1039473637938499,909330.0
supervised_contrastive,31,72,190,0.2032078613595594,0.5562736219097115,0.5607447440849379,0.9784611754167404,0.0951290875673294,901336.125
supervised_contrastive,31,72,200,0.1961187408480298,0.5561492507840158,0.5608525925249082,0.9781354704174876,0.0977272689342498,894109.5625
